{"version":14,"hash":{"type":"Buffer","data":"KLDoxysNsO+6qOBoWU8lkkBjNqtXJSifWAMVV25L6S4x76RBRC1sMHPlMvOf1viMGYWMoQeILgnTqC+AYdvEYDVtzUhKQJ6/xgwn4UrMXAT/sjHnegY/FyGs/WPY9+O84JijoNRiNHj2Hkh6Q06fBdkRy8K+f26NIItB6n2lqA0="},"indexValueMap":{"LPIB5AnknqYbHbVv1+ZkiC6y0itXMP/h4ih6GZsQJ5Q=":{"valueMac":{"type":"Buffer","data":"8P3MlGhracUPbPDdPiSv1t5t8bBDJq+JXsdoe2eoLZw="}},"596u0+BS4L6iTMTKcpEJr1W8sbwLOLNOP2X0bHIpHyI=":{"valueMac":{"type":"Buffer","data":"dDMeW8Dt495MYLDBrlUpJYYzOPZSQhLrBTXGRh+Ion4="}},"ULZVvxDgrss/2n9Lf1RmeZ+zYHMKCYsGrc6YqESyrBg=":{"valueMac":{"type":"Buffer","data":"qbEPro2RxTQ6to7UN3SPYgJZ0kKmtRjJpHx4lVtAXl8="}}}}