{"version":15,"hash":{"type":"Buffer","data":"UAzg6KvvhfMhhrUJo8zOWloy681MDXxpebIUOD3wCZXzdhjYSG9ZeNwGunFanWUDKuFS2HKVuKAea0trvH+ZsSqWu9OKF8QuWAA7YFudqzZo3mQCxQ1zNI81YChNr5itcO5CccYgo8DFlHb8ErVp+vBXAmMyi6edxh5oXu1uwDE="},"indexValueMap":{"g7TFoqS5No2vo0bTZVS+nFg/tmW/o3/rL1i7HWm/Pzg=":{"valueMac":{"type":"Buffer","data":"firrjv0rteUxe3sBHSrLwOqd7x0aSLyBvPs8bENd9Gc="}},"xfZK1CwTCtC01avchI8rV+80zdo6g8oRH3WDerK4DO0=":{"valueMac":{"type":"Buffer","data":"tWA94NnwQo5sOBIE9gWwOHB+o2OV1E9uo776DwC1xi4="}},"j4k6pkrRcDt22Od036gxoE1cKLWQDEOzclJBi52CmRc=":{"valueMac":{"type":"Buffer","data":"gAzFrFm/x+78N0wT4fQoeM/M4nRFgzbHvmEhGahTn+4="}},"HlLOVh/QcMnRoRRKr3fNh1hiZ7Iwu1CIy0EYWkfs2CM=":{"valueMac":{"type":"Buffer","data":"11WYI+Jd81gZMn2XStAX5MvK+2p/9Ogab8XX8ZB+NfY="}}}}