{"noiseKey":{"private":{"type":"Buffer","data":"KH3a2X/II+DRPZGp70YI/VZLrbvUA3vFwG3yPl2h2F0="},"public":{"type":"Buffer","data":"HDwVfsnGjB0wVcQ6V4RuIn9+OlJnNXngoEIYbx5o1xw="}},"pairingEphemeralKeyPair":{"private":{"type":"Buffer","data":"SCSJkUTtnWqt5JBQ0tXSgFj0++k+1bgH2GlpDIhPjlk="},"public":{"type":"Buffer","data":"4RNWDIqQNG42rOs+E6pidNgQzPi5m6iwhahZIvCTE10="}},"signedIdentityKey":{"private":{"type":"Buffer","data":"aEy+8TOGqEHoJ5jAXAID5Uoa7v0J8R6tk9nPVYgHkU4="},"public":{"type":"Buffer","data":"UH81JetgLW3CWuXS4+GOtveDHVJdj6tpYkczqhOHcg8="}},"signedPreKey":{"keyPair":{"private":{"type":"Buffer","data":"oDXUXayT5nJkRtukbsM19WoOrGMMTh+NCGT56wPUj1c="},"public":{"type":"Buffer","data":"C8Ua6cDcxlcbsiS463ryW8N18Vpeai3qGW8Le5DguA8="}},"signature":{"type":"Buffer","data":"jt8FEQ5Gf7/7DgiXeG3M07sVhR6y9VudbmwXrWRCFTa0AjlUqorlin24VpTiVtu9SCRmLGEtCLOC85+NFvlWgw=="},"keyId":1},"registrationId":209,"advSecretKey":"pb1fS2LnCdw+B4I5e7KD0mrpeVe6p3RkKgB8G/X8Sk8=","processedHistoryMessages":[{"key":{"remoteJid":"6287818546398@s.whatsapp.net","fromMe":true,"id":"B2775ED6FEE4CF7023782C5CDAEDB2E2"},"messageTimestamp":1740352907},{"key":{"remoteJid":"6287818546398@s.whatsapp.net","fromMe":true,"id":"A3EB7B75389EF2A5EC4B4FE8B55697E2"},"messageTimestamp":1740352907},{"key":{"remoteJid":"6287818546398@s.whatsapp.net","fromMe":true,"id":"B59CFE6C7DCE85711D97FE9997F8F157"},"messageTimestamp":1740352919},{"key":{"remoteJid":"6287818546398@s.whatsapp.net","fromMe":true,"id":"8541F93F7DFCDD297E74671FA24850C9"},"messageTimestamp":1740352998}],"nextPreKeyId":31,"firstUnuploadedPreKeyId":31,"accountSyncCounter":1,"accountSettings":{"unarchiveChats":false},"deviceId":"IFQ09u20RpqrdTvP_8ju5g","phoneId":"48e8c418-de15-4c4f-bbca-04f894ecfedf","identityId":{"type":"Buffer","data":"260Sivx1spqoPX2D6QWPHvMr29k="},"registered":true,"backupToken":{"type":"Buffer","data":"XlyEAwPQM6X4fey4ZsQIEXvyS4k="},"registration":{},"pairingCode":"2NFPDNW7","lastPropHash":"3R9Z39","routingInfo":{"type":"Buffer","data":"CA0ICA=="},"me":{"id":"6287818546398:16@s.whatsapp.net","name":"siapa kah dia","jid":"6287818546398@s.whatsapp.net","lid":"28398911017056:16@lid"},"account":{"details":"CM6l2/ABEIbb7r0GGBAgACgA","accountSignatureKey":"wLbp7Mk/CHoM2BErBKc89QAB1G6yvIKzGdUM80BJa3g=","accountSignature":"aF5TlWh+WfO47jB+2zQn6fy7WNGiuS9dl+VO7QfpeJ8Oyaf7FGYUbeESiSE8GoEiQq/9MXDlB8you0d7tr49Cg==","deviceSignature":"MVTaoMTLGjrkIOv3qopY1aBru3eVN1MPI10sn1s66pNqfc99BbE696f8TRRXbQBt4ThQSu/qwbsirGdmg1/Qgg=="},"signalIdentities":[{"identifier":{"name":"6287818546398:16@s.whatsapp.net","deviceId":0},"identifierKey":{"type":"Buffer","data":"BcC26ezJPwh6DNgRKwSnPPUAAdRusryCsxnVDPNASWt4"}}],"platform":"android","lastAccountSyncTimestamp":1740352904,"myAppStateKeyId":"AAAAAP62"}