{"_sessions":{"BS3SvSvEAEXHQL1gXSqyFVI8aaVHK1vreYsVpodoGUBG":{"registrationId":288609832,"currentRatchet":{"ephemeralKeyPair":{"pubKey":"BazMjtOUW8LqaJudCpYGMJygA2KJAz7qnVRxoWaAOiZ/","privKey":"yEYsGZ4VKaqqtgQ3R08DHUfFPucr9OjTUmKYwGOjwUo="},"lastRemoteEphemeralKey":"BfJD8AVN2tpGh2peLs8cIC0LtOlF09FAoZlJR/HtgVI/","previousCounter":0,"rootKey":"b0aTDtgyFMv8eFIIZJ/uPCEhF0bwq0XpsCuxmybsskA="},"indexInfo":{"baseKey":"BS3SvSvEAEXHQL1gXSqyFVI8aaVHK1vreYsVpodoGUBG","baseKeyType":1,"closed":-1,"used":1740353013076,"created":1740352920136,"remoteIdentityKey":"BRO4x2QdfNTmoF0hRRUDlN/AVLraWGLbE5dEFaA65ZZb"},"_chains":{"BbLIoL7IDjw1HoI9AVGbxPA1OV0X0S1YlVMvyeJ9NgpQ":{"chainKey":{"counter":1},"chainType":2,"messageKeys":{}},"Bb0Z8e1fM+P/zx6rqPol3zG9FtpP+36X/MDdFvMguPxu":{"chainKey":{"counter":1},"chainType":2,"messageKeys":{}},"BfJD8AVN2tpGh2peLs8cIC0LtOlF09FAoZlJR/HtgVI/":{"chainKey":{"counter":0,"key":"Sj/Gy7dCAZZFW0TU9LQqzfPlhPwvnOO+KQ1sBpsMbeo="},"chainType":2,"messageKeys":{}},"BazMjtOUW8LqaJudCpYGMJygA2KJAz7qnVRxoWaAOiZ/":{"chainKey":{"counter":-1,"key":"Nu9Y/t9N4sLqzV1qgWiIdzrDp5f6J2yXSmWFH/r3t2I="},"chainType":1,"messageKeys":{}}}}},"version":"v1"}