{"_sessions":{"Bd+r3kI9qDGUbk2Dmqhh1o0X/aGtD51jqg7qt2Xx33p9":{"registrationId":240,"currentRatchet":{"ephemeralKeyPair":{"pubKey":"BU8JZpBzIdqZ+xA1RaWFHcy3m/d//Nzq539r71VXoR1b","privKey":"cOgiJISfftHIrno0IqjZSequ92XPPCF2tTR/3sa9LFk="},"lastRemoteEphemeralKey":"BaJtqQcIeB9bAJlsrGKzeKKW1zn+qNqAoTZQ50F4q8s3","previousCounter":0,"rootKey":"ThYh3NwgHQ7bAQzZ1YwV5BWtqCQBSd2+MgTV6O/FP9w="},"indexInfo":{"baseKey":"Bd+r3kI9qDGUbk2Dmqhh1o0X/aGtD51jqg7qt2Xx33p9","baseKeyType":1,"closed":-1,"used":1740352920128,"created":1740352920128,"remoteIdentityKey":"BVlWKln/e3zqnHpbgC40Q5WnIuPqGq2fLr1Gz/EpOvx0"},"_chains":{"BU8JZpBzIdqZ+xA1RaWFHcy3m/d//Nzq539r71VXoR1b":{"chainKey":{"counter":2,"key":"1zMWqHu3Lr6U3GS2mPw7K+cq5bEOVbw+wRsnWqohdPg="},"chainType":1,"messageKeys":{}}},"pendingPreKey":{"signedKeyId":1,"baseKey":"Bd+r3kI9qDGUbk2Dmqhh1o0X/aGtD51jqg7qt2Xx33p9","preKeyId":13}}},"version":"v1"}