{"_sessions":{"BcxGZ/OCln+rPluhHouedTi3LGJ7hC4kbPT07JiIjeNj":{"registrationId":165,"currentRatchet":{"ephemeralKeyPair":{"pubKey":"BWB+7YAb4+U0UYX0SUoYNWymG0K2qM65noRqVqbTiItK","privKey":"QBLruDQm9KEzQ9wWsOQuanDAZaahUqVWJbGgURmcS3U="},"lastRemoteEphemeralKey":"BUHEZcYsa+WO4N2oRXTmIMHk7nyLEgjtyqgb547NWDIf","previousCounter":0,"rootKey":"w+L5l7Cu+RSmaSJPDH1CM9vRRqy5N2RD93LOp39IKZI="},"indexInfo":{"baseKey":"BcxGZ/OCln+rPluhHouedTi3LGJ7hC4kbPT07JiIjeNj","baseKeyType":1,"closed":-1,"used":1740352920132,"created":1740352920132,"remoteIdentityKey":"Bd9UxiZxSxgIRlFETMb28nvr2jBPOGLJKIkSzq7Mr9kF"},"_chains":{"BWB+7YAb4+U0UYX0SUoYNWymG0K2qM65noRqVqbTiItK":{"chainKey":{"counter":2,"key":"mojMmCTameVJ7Lg1bwQIQZm0kQxw4bm0itmTtbZyQcY="},"chainType":1,"messageKeys":{}}},"pendingPreKey":{"signedKeyId":1,"baseKey":"BcxGZ/OCln+rPluhHouedTi3LGJ7hC4kbPT07JiIjeNj","preKeyId":4}}},"version":"v1"}