{"_sessions":{"BV5iKux8oGggEJlzv1pB6VA1dpnJdkIjyfacbuBPXpY9":{"registrationId":928347446,"currentRatchet":{"ephemeralKeyPair":{"pubKey":"BfxMtphV6u9n61reWU4TmILXy4OX4PiC4mYDk5sx2CgK","privKey":"WATx1O8QLx1t78S28APfWIwXaD0Sa2l/d9x0zprotFI="},"lastRemoteEphemeralKey":"BeStKTLvc/LDrJwYmJgkWglzpcoQAUr/ojIBDW2yXDll","previousCounter":1,"rootKey":"T/7956TOg/MRcLQvEvTYO43CW/9nxiYK9d5BHEaz27g="},"indexInfo":{"baseKey":"BV5iKux8oGggEJlzv1pB6VA1dpnJdkIjyfacbuBPXpY9","baseKeyType":2,"closed":-1,"used":1740352998728,"created":1740352905684,"remoteIdentityKey":"BcC26ezJPwh6DNgRKwSnPPUAAdRusryCsxnVDPNASWt4"},"_chains":{"BbQe32J0ChWFY14N8Depre3QEacKt5iAO41xR2qp5GdR":{"chainKey":{"counter":5},"chainType":2,"messageKeys":{}},"BWaCA48C6b85k6vIp4sX5qVb5EsP7dKJ68UO2lII9MFR":{"chainKey":{"counter":2},"chainType":2,"messageKeys":{}},"BeStKTLvc/LDrJwYmJgkWglzpcoQAUr/ojIBDW2yXDll":{"chainKey":{"counter":0,"key":"AnP2oX7IZ3zfEyV0/yL+vA4qJ0fgcmKi1ni1mULsVEs="},"chainType":2,"messageKeys":{}},"BfxMtphV6u9n61reWU4TmILXy4OX4PiC4mYDk5sx2CgK":{"chainKey":{"counter":0,"key":"qDAXukN8Tvh+7N3pA6x7RsvQ5Bl+kJ9fJXBKn0ShoGI="},"chainType":1,"messageKeys":{}}}}},"version":"v1"}