{"noiseKey":{"private":{"type":"Buffer","data":"QIfB+3qBCdNA6BBLIuae63nPDfd3nQ0XkUK9yj7q4lA="},"public":{"type":"Buffer","data":"Zid2O+UEkhOlJNREUXgqkawINE4vJTcbGpyqDS41UTE="}},"pairingEphemeralKeyPair":{"private":{"type":"Buffer","data":"IJfwNINmsobCurdli78h4F3K+32lKNlC4VdrCtP1p1A="},"public":{"type":"Buffer","data":"tkP/dXXPEDaVLj2YO+aK0ojQKh1LI+zrv//ednqvUz0="}},"signedIdentityKey":{"private":{"type":"Buffer","data":"aGvil+XtOM0b3Js/+m1JWs3D0cWxMJ5tMj664LwrE04="},"public":{"type":"Buffer","data":"oLq2FJ3NVTCf5kCsZ4mKHk6nA3Uiq/5mRkUjpki9aXo="}},"signedPreKey":{"keyPair":{"private":{"type":"Buffer","data":"aHRBj3v73cp9YM3MTuDA7Xd1oLmRlrB9XmTHJ8EltFY="},"public":{"type":"Buffer","data":"3/cze+xQrglvBTItxJwG2lhVnyYOWnEDAWXuBSUciXE="}},"signature":{"type":"Buffer","data":"zXcB3ZAr8G3MuaF5eZ4Hh2TIoAqbcXdiKu+dbTvErLezVu9vBBnwaR42fenYrp/RaF1CmLlsqy0YbpPPonOxBQ=="},"keyId":1},"registrationId":226,"advSecretKey":"XgIpnrEGM4s68Bjbf7FplHEVCib/x/HMeGrsNol1DHM=","processedHistoryMessages":[],"nextPreKeyId":1,"firstUnuploadedPreKeyId":1,"accountSyncCounter":0,"accountSettings":{"unarchiveChats":false},"deviceId":"Pvh5I1TNSse_uvp9-6xxYg","phoneId":"0688b61e-6c62-4e90-8dad-7db8eea25fbf","identityId":{"type":"Buffer","data":"+PcgY1/118x4x833jI9eMQA69BM="},"registered":false,"backupToken":{"type":"Buffer","data":"tuo2gLIM4knxezAx8i9i8Op1ooI="},"registration":{},"pairingCode":"KK2PQGDR","me":{"id":"6287818546398@s.whatsapp.net","name":"~"}}