{"noiseKey":{"private":{"type":"Buffer","data":"0P4D46iH1sQy+DA4wJvO8qSx0DfLnOq3vUXJMjWeTEw="},"public":{"type":"Buffer","data":"ev3cIv0eRSP66MUMeMhBBVjblhdLZmqGvSZA7LPAP1U="}},"pairingEphemeralKeyPair":{"private":{"type":"Buffer","data":"uK26zwc41qkWA7C3A/dFFFbSJpDRQYmDTAt+7YTlN1o="},"public":{"type":"Buffer","data":"1eeyHq0EllpQvGGxJBFxc5v4MZ8NuIcEhd7SZCp1Rzo="}},"signedIdentityKey":{"private":{"type":"Buffer","data":"mNMkISF+fpqdvlVkOMFLT9HcfMr5W1jUiy/PXgAFn2c="},"public":{"type":"Buffer","data":"7eXas4R9/prjo/+XXX1fWFGVfh00p1pU/TQJyuR3rQo="}},"signedPreKey":{"keyPair":{"private":{"type":"Buffer","data":"wOuDacXAvnf0pqfsE676fNv+vaAVe729jSuYO1PbSUw="},"public":{"type":"Buffer","data":"I4fcpm5REqWBER0t3CTen9WQ3Bt7D/CIOXa5tPkfoks="}},"signature":{"type":"Buffer","data":"YETGBZay2/GIjs4GXckpSaCyn1axpdpHQuxgqkFwUiS+DA+PtoKgzKQlA1f8aRzYN3sgoQxWZEDJDcEFrebjjw=="},"keyId":1},"registrationId":137,"advSecretKey":"pMojxfpH7Cu47zqaZL8XupiaTMdbua/SlqNhUeVauos=","processedHistoryMessages":[],"nextPreKeyId":1,"firstUnuploadedPreKeyId":1,"accountSyncCounter":0,"accountSettings":{"unarchiveChats":false},"deviceId":"vBYGuDDrTKOh6W4ytQ8uSA","phoneId":"e6e54053-c444-42c8-969c-2fb631bbec8e","identityId":{"type":"Buffer","data":"fBMZsAy90IuDkydh5Pvv2wXwlsc="},"registered":false,"backupToken":{"type":"Buffer","data":"KplC0vaF3Ms3SN78EY/0mPMUd2I="},"registration":{},"pairingCode":"ZG9MQH23","me":{"id":"6289513350926@s.whatsapp.net","name":"~"}}