{"version":13,"hash":{"type":"Buffer","data":"1hGdKzNPOPCg7A+TnWviR0SgCa+Yi+KqdpYTVxXepbWFs2LRuhJIDHEwR9yk2dhB9I4+LQQOBMLN5LGohZl9ocKQOU5m/qzC6WfYovbVytCKp0KI1I+b8/z3boF49x4JWtE4/1O5fLpO1ZKij/YVr7G4jtosxZ2LqA/+Qd/XX+Y="},"indexValueMap":{"f+xHEEGvJQmygm0jnhk4e9WbH4cxs8m4ACdO6hVu4gU=":{"valueMac":{"type":"Buffer","data":"AV8GZVY5TrNuM0sFkG7NhlCKMD/RzuaAc1DpizQEw2c="}},"LBB6cQOQrhYdrWkTwR2NvC3aD3fm1iGtc2JU2stI0VQ=":{"valueMac":{"type":"Buffer","data":"B4oWqvqd5sIDDtgKJbgQXcFtZJ9iX7mY3mo7jwE90Hg="}},"SAYkjjL1B85ePUJNvhrscapUNQyflIzXtFRjkfLmlV0=":{"valueMac":{"type":"Buffer","data":"uhcLXZEzw4yljC8WY/fnpr7NTgng5rTOF7j5J+lkfyk="}},"g7TFoqS5No2vo0bTZVS+nFg/tmW/o3/rL1i7HWm/Pzg=":{"valueMac":{"type":"Buffer","data":"firrjv0rteUxe3sBHSrLwOqd7x0aSLyBvPs8bENd9Gc="}}}}