{"version":12,"hash":{"type":"Buffer","data":"kMztPQb55LK5nSaOzTV1U+QnVY0Tsm7ngEt+DIQPBifJQoVTwJ0Hx/xFb39qB+0R852snjovebaddD9UludNkltBIGeRdCUHSreyLjGXcBLwBmj7i9Yh6bJwgEMNc42v4XMkr2XxNSygf5Vi4UCLj+fAe6N8qB7dlnyca5xWGPY="},"indexValueMap":{"UqWglhpHf5gjTSpK73/sl59H1PK9vgbBKkEc669TOoQ=":{"valueMac":{"type":"Buffer","data":"a4P0IkEG+uWPe+p3kqs65YrpdOukajTrPdcEjQGZstA="}},"Sz/vUhQslDzm/sFAZh+GMuWVg6AMi782l6cnLd3iH/8=":{"valueMac":{"type":"Buffer","data":"0xdcv2JXWlNK406A4feAsym5pcUYMYR4uT7g9kXXuww="}},"aYoXEGbeME9ivePFP0N1/mCgdl2eRBWyP2JjDrjE550=":{"valueMac":{"type":"Buffer","data":"9zB6964tsvmMTHgOOB/aa1XuBB6Qb/obZZwjwnx9zeg="}}}}