{"version":158,"hash":{"type":"Buffer","data":"Etg9JgOt9A2uVnU5UmJ0fMxJuDY1cZ9R8Ax96p11mXM2nO8V+/7uaY4EDok0bct5O4bmu5As6frYkwhz4/t/dk1TW9WFMevc1aF3gimBZHPFcX5IgOPSRlXW+Hyu0ppCELSu58+TMDuAB2wxuYlRVho2BCkyMjSONBOIonyiVzw="},"indexValueMap":{"AC6pIjcEqlIng2biNbGn56CRC2+fHBbPtItD3tZPtoc=":{"valueMac":{"type":"Buffer","data":"BUQO+PAdyC6bmRS6Zho4LSw5GgwsaF6KcC++WOtf9bM="}},"AEtDd7cHg9qSa97TIUUl7GmsanSb0l5369zkboKGc94=":{"valueMac":{"type":"Buffer","data":"ipz4btMA/benIYb3Yh0Cqc23Z/Stv441hBLZrjl7Bfg="}},"AGKge/7uaY59+Llp5WIfXG+Up8/+NatEJjbwcF2q/ls=":{"valueMac":{"type":"Buffer","data":"AnfODuwcfoUm2tJtDnGNOqguY8YHtAaf1JUnBxPjw/M="}},"AGLarauc5aJql2RZg/eQ5sIX84n2pckFq6FKmGJvyTk=":{"valueMac":{"type":"Buffer","data":"/PH7fHYW/iIR2S1tNa+gbIDt9S2fEzj5tNi6y4ySrrE="}},"AHpV58UagEF8WfXOyLrTquKhCx03kr2rlK/Kk2/5sBU=":{"valueMac":{"type":"Buffer","data":"EOPM/sVnQhYJCS8FkW9NmSpGCpFO/2rK3lfzuV9ZBfs="}},"ASNl67wvZpWBTb0gKd8hIsspOCDU4QZtCWiFJd6/gNo=":{"valueMac":{"type":"Buffer","data":"Sf/e8fSQTsyrpotR2AlHueZFozFpm36IGetckIzCCVc="}},"AYTDde+vQHqcjT+HF7i1Bf8XhsDyamZvDpn5MY888AU=":{"valueMac":{"type":"Buffer","data":"MXegQg5F36B+QRXwQO+NJNI0XFhDtIJQK3eGtawu38Y="}},"AanjulowtOadVZDR/THjoEaDEsfsWHQjSC5f2x+0c+Y=":{"valueMac":{"type":"Buffer","data":"Tti03p+5kzEz3VDQU8cgET6fZLNA2jFg6k4bf1ocBIU="}},"AyAb/t7gDP+NAWn/NQFvemFIKo64CeeMfmPn5nJqHDM=":{"valueMac":{"type":"Buffer","data":"0as2dI+xS3lCAfSk6ChLYJtt65LNikPUOeDE/5cMh3g="}},"A2Dhc00vrabA/BMtPwZRRn2j9iUttEwXwatInrwwblo=":{"valueMac":{"type":"Buffer","data":"qnfAZAe/z2Ikm+5sDMe+v0rL98e4+y51ph+DGf3ImJY="}},"A77PqxRJytWELX5C46xf4Sw7+ujUvu5TCANEmEVeRRo=":{"valueMac":{"type":"Buffer","data":"2ie3Jab3NZX6GyOnJSuSIZKXNqsUXuEzGwjDwpBtYJI="}},"A9p+JpJKW20iIqGLJ8LxaVUXnnVUA8tTtoOhwwh4jKg=":{"valueMac":{"type":"Buffer","data":"1E3HEpD/2MMDrkTmH3+7+rJIodW5jGJHCldPqL4zvhw="}},"BLDISbg0Vdqe1H4ww7LOly2sRxl+Cx0kYGZG0+bE2cQ=":{"valueMac":{"type":"Buffer","data":"MYdRN9HFjaIE+1Z4/juqDKIQQvjy3GxQ4jVn+1FCaj8="}},"BP5QGPDC3oM6wPEh7Y24PNFbb0Em42Z9Fy2NpUlgmoA=":{"valueMac":{"type":"Buffer","data":"3SMIgSKyJFlMKVQpJEtu8P0BI/Yfm4juzwT9rxIXBuI="}},"BTK+CZeTDaGuROJG15o7OlbOl76C2LdLnFZi4VBI8m0=":{"valueMac":{"type":"Buffer","data":"npJ02Mf/w4pR7bGdqWryRDaqw67gjeuR5OC7AjSFRI4="}},"BYB66aoTuT6NJSIlWmJ3zseX3fY2RJ/O+wiF8DE+GpU=":{"valueMac":{"type":"Buffer","data":"/eoec/mBc+4902PIJe1Jdt5j91zx/XZqep0q8nyFvI8="}},"Booezp/wFqMAWHXtC5pOEnLli/JuckeNvhbhU6Gvi6w=":{"valueMac":{"type":"Buffer","data":"7/Ygy7cL2PksxVlhg/+uEoPKKnxfpDTtzm+UTARYgns="}},"ByV8lwt935QugmbFF4PcQDNI6HWL8VMgwlb5fRvFrQA=":{"valueMac":{"type":"Buffer","data":"LCHJ7U0y1l7VPoWkYhmHiuMQj4R5FcYymxi4HnZ7Lzg="}},"B2HPH1YvLbYXvYfQ78IOWOnt5WuSXzZfIl1VzNvK00A=":{"valueMac":{"type":"Buffer","data":"jcIFwF34npGapz9h6xy3hiL1PaP+VpWvv6WrO0NMDgA="}},"B8uWkvtDpC4jf3d4jtNFHNPldaXTrLZCK0K9ojFTyic=":{"valueMac":{"type":"Buffer","data":"ugXuTKqbu4zatshOPaie+m8VqeUKFzv3Z1tJHM9ub4g="}},"B+YxBBrmwnp+aV8lSqwgZ+mnTdD1A1EaWv6RXA0TKbU=":{"valueMac":{"type":"Buffer","data":"cFKr5m2jN8+iRrraMBuGPthFDnW7Cq5bS/vlruZP9uY="}},"B/efi2tlE/i0hTDHdVGjvSpfD8J7UQFH9OEQllNeAg0=":{"valueMac":{"type":"Buffer","data":"Bism+Kd744kd7F2tmFkAEndHJrbLA5u9UJfer5Nf2Kc="}},"CDQnsLwGJ+JAtCVPZlf5i1nGs4ZWh6Rk4DVMAf0CXR4=":{"valueMac":{"type":"Buffer","data":"wPMgyKVWy4wdGFXOYjuC96Mf/lFXX68c3amFKrdYMUQ="}},"CSfHMMjowsnWaXg1vT7H/9ecd7wD8RUUYMJkKx3JzI8=":{"valueMac":{"type":"Buffer","data":"kiKRYKFsuq4bpeg+3xFRxCbVwoxEXdDHGqbqfDo47CA="}},"CUBj2DvxsbEmquZl+dBg9hIk17L0hqzt1BiKPh01GTk=":{"valueMac":{"type":"Buffer","data":"xVjFIzM2H1hXN8kd8x/zEJNHXRwiK3jkgTO1u+DPZ1M="}},"CxFBh8CNjHJO0T9uh92z4yPXChXDjN7WUdMa61FBxuE=":{"valueMac":{"type":"Buffer","data":"+SQ+zZr1xUqT9R/Ol/OBZModAZsYNP6Rpet/j52adWg="}},"C3uxVVHUSUWId6Ytut0gQv5jPoHNqGbgz/B59yDnFck=":{"valueMac":{"type":"Buffer","data":"9KCr+h94Wl/qvKmazioX9UF4Exfngq7Qu26zzNxRGbA="}},"C/Lctm69r0Wn8cJnMTJ13jmjETWXsNyfA7GLuAw38yY=":{"valueMac":{"type":"Buffer","data":"bPCGZln4/l7HE2a0OnoBp/ty4lgOUIjSIcjM3GePxzw="}},"DIJpN3zVPdP9Cmy2Mg0qbwb234+yg/rtoFWL4JsBA3E=":{"valueMac":{"type":"Buffer","data":"YYz+ttQvX2k27NBc3IPpuwgUPYstqNDsRX1Dpe2oTqs="}},"DIXimfT+meponEClfsLWMRUsIgk5n5dvJvg+976+5O0=":{"valueMac":{"type":"Buffer","data":"sbYNtJ4N/vp1zVJqXCk8jfPlOweYe0MISeoqJzH74R8="}},"DIhCCkJwIatutdWxDrHf1w3g7gXQZojYlA5p2COEU3E=":{"valueMac":{"type":"Buffer","data":"veFdP1TiVw54Cn0Iu1hCgmM0DdlRSBUQxMhBT+1UTMk="}},"DKrNffe+cVDxySJaGus5OTM0/33+gp52vi91YAvS0QU=":{"valueMac":{"type":"Buffer","data":"g/XV3RwbxofbKEJOQXwsofWyv94wQcfCn7MY06KPFNw="}},"DSbiknDRp3S9ACjcp0d1d3eSo7sJ0nfNvoaQ0W2gmwM=":{"valueMac":{"type":"Buffer","data":"vfoQhM9TNafMTpUXJ+cPtRmdQD4FL3JF6jQ4jm+py2A="}},"DYIJSEGtu4O7laZnBIR63xCiQBSloJs/SkKUKfmUi+Y=":{"valueMac":{"type":"Buffer","data":"fs11j0FDeuKnM51VgVXaNHXZsb2xcZ6r5+5KnnHtUIM="}},"DtNps7XuZYp9ax1br3gqdUolz0aKq+V92IuSHIGJcpg=":{"valueMac":{"type":"Buffer","data":"5j8HjVyY8cact4dU16WU/N6gGdXAYliYIdZabOS17lM="}},"DtbniIzdoHKkIcZbi4lyvxy7TYhnPR1WuKVH3Tq1OAw=":{"valueMac":{"type":"Buffer","data":"yd6ocZ/dHU7xeHv20ZXrfxTFlEIKMWWtpe+2lHsm3vw="}},"D0DMYPo+vhfyFve9+uJdX0+xjuMaxgLUimQm04XFHSI=":{"valueMac":{"type":"Buffer","data":"Ol9iV0RFIJuLkwtBkcsjEbRJgv/dLYn6QmDRek0/NWs="}},"D5bBmNL9e+cuGGEp2bDl2sYJYtzKTz/RoVr5ZfDm8O0=":{"valueMac":{"type":"Buffer","data":"6VvSHPA7kagt7Nagn3mhnH7JPQj4Zw9EKxLhcykcL8w="}},"Ei6l61C2T9MZ1hn2h5/URq4xsMb2B36eKs0JkwHiHec=":{"valueMac":{"type":"Buffer","data":"kAknGCOApLqrVYV2QHPHdJrduXDTfvaHgm8vBCGwqQ4="}},"EvWkztl9GxQyGcUvPGAOreQ/owIoa7oWLAH8bVPgsOs=":{"valueMac":{"type":"Buffer","data":"rEDg+PGi+1hd3iCkr0eR+mZ7TeYxEdLrU+oRprdXEz8="}},"EyJXpSH/o0WQUjqE9HZK9sZtbdslI7I8xTQGYTP3u1M=":{"valueMac":{"type":"Buffer","data":"JaE3havY3jVLUqLp0XfI6kI7c/iSAgrURmz8WqCjyCc="}},"FCkXkIv5KGSbqkc6gqda9jeAbdbt+Qy5rgjBAh49oIM=":{"valueMac":{"type":"Buffer","data":"xn97bij/eNV0n/NSxVj4DbECGYnLcxZlI32mBvnv/fc="}},"FJGUyNrr1EhxJXJMUKyTcWnSEf5TCjJRfrecvGTbVYo=":{"valueMac":{"type":"Buffer","data":"iOE4uOTloyLWuUh2e5BPqeIZrC0W2huK2XWZfz6vWYY="}},"FQZF4oB0CCEAYt+7nJgwuz+JWoNo8IxwjaQtE0uyYHg=":{"valueMac":{"type":"Buffer","data":"S6VPcDktLkWpSHoAF3rkRGChvc+s0oMFM7QT+NSIQUk="}},"FRuF+LiaWyBZ52f9nuI4NWzoc7zhp5VV/mLCjasYvVw=":{"valueMac":{"type":"Buffer","data":"VboZs9H8vYHg9RB6CF4tnWqfK4o/S46rfWl1u4ZE3c4="}},"FUe1KClkcQ48xGAvEAD7rEYjoayR7ApRLPQoCQJ+SxQ=":{"valueMac":{"type":"Buffer","data":"TwpUYscIf2b1ckttVpKr3tosKHAE+ELo39xJrKr0Hy0="}},"FoKlWyDYzdtUZspRtL9v9bC5saVr8KVjbk7GbBqFX/s=":{"valueMac":{"type":"Buffer","data":"ORJkWw51xXVpst1rGYBoc9ISn+Gi97pQJcoaPEQYdOU="}},"FvXNqz8K4Xcm6LDZRBKA5PY9Mj8Xfjx2JePkRAGzCas=":{"valueMac":{"type":"Buffer","data":"uaFZNV/FBCCKec1erN+iKER/HwxL7Mi/spfawVtDQwI="}},"F3tfpLk0tLAFY353aot2M/LFBP4aTLTvcpLqgJeGL1s=":{"valueMac":{"type":"Buffer","data":"LnFn1yna7KHdg7w3WiffREpjkqOclsIWTmhO7BvVfgk="}},"F4wofeQqGqLabpJEipj880ZQF2UuCnLVkud7lQYce4M=":{"valueMac":{"type":"Buffer","data":"ZesSSFQzLJ4bp0ZDXxS/6E/gvA7Dt+EDwLuO/gKtFeI="}},"F7nOMlv05j7CvIzQM1QuVO450QFFu3KLmA3k070ayn8=":{"valueMac":{"type":"Buffer","data":"G1UwLhfVdTFt//S3LVcqbFUcVq0W5hKAluMDYQOTa9k="}},"GC55jyZuzZA2BALHc4wkd84inMitKBURrM7ya26RpKQ=":{"valueMac":{"type":"Buffer","data":"BedoAlxI7tuRGkbKcv4qg6kx6aXZHctmM6gXQ+auxXQ="}},"GJEeDRyNs+8zFe0mF8qIbcx3Sryb3YDLXh4N9rnFm3Y=":{"valueMac":{"type":"Buffer","data":"5kLRwPW8i42veExephSq1J2aVR4eXZ+SFmm6V4CUnqw="}},"GKqwvNdfz9s7HwsNvaUO1CHmbHT3nu8nmKsnGeeOAFM=":{"valueMac":{"type":"Buffer","data":"1nMbkAY/h02Vil6AzCxDVa2jB5KOKpRZ1ZFI8J+LB5I="}},"GRGTLoHpKyy1Y8smqh7BMm57h/BxqlVzu0IfRfZ9BPg=":{"valueMac":{"type":"Buffer","data":"eOij2OT21Uo7/S5+OFOZdGV90PqURJ8OWDXfj9s93bU="}},"GWJeK6oEcWDaKW14tyLo+Zk2ndRftWgbig3ofZHRkmI=":{"valueMac":{"type":"Buffer","data":"P6TTRNC4VQRChRPTO9VbbWqaiMQg61Gw2ns1LZ2kCzk="}},"GYe+sTWcOr3wUJ22YOPVhaRb/gK/hM5qvGJI9934TFo=":{"valueMac":{"type":"Buffer","data":"/QE+eiwDYACVqu++brEOztW7Fe2hEEXS9LyPluwxZWA="}},"GbBUE0F0KQt8oZzfN1YJoqJx2mg3gEdRwfdcLU1nedE=":{"valueMac":{"type":"Buffer","data":"wc7VjT/UDNwlm5eUcTv6OtadufNWoa4rGZ/dqchRXmM="}},"GlHIw6jD1nOA3f42EOwMMRglXSzG7A66rEvvo9xs6Mw=":{"valueMac":{"type":"Buffer","data":"XUFlqpDZI+3b8AoOtpx4L6PapnzfWAv5L9U52IGXcdw="}},"GyluRCTf+0F03BtF1oa6KB2LB5HBAHJp60G8TBe/rEY=":{"valueMac":{"type":"Buffer","data":"1YlPsBIuyS+Hq8FUA+6x9bHad14cAIVMBj4nGbl0Z3A="}},"G+/Bd15NUbn/UAt2+CsIg8zn7zw0rIDUopmEEN5xNiA=":{"valueMac":{"type":"Buffer","data":"ptpyBRoOQHWX09I4JkHNNf8jPVqTKv0TuwMhOZn6Q/c="}},"HIPkL8Azed4v4D7I7ETv5IbT8GipqM8USdkVmkJZvZk=":{"valueMac":{"type":"Buffer","data":"Vd/O4Wpn165xr0p0kreb5B3rhqj+lsDKk7f/q4MFOrs="}},"HJTwsP/W+Zapj12fTfhEOKs6XR7s2nyGNVH44RTEAKA=":{"valueMac":{"type":"Buffer","data":"xPdtHDvez18g1JYVWLoTudFvkRuK4rPAHPbadtDCQ+E="}},"HOEubzBI57KB7KrXwUlGzNcBLpZWbBQFMmjQkpbXd9o=":{"valueMac":{"type":"Buffer","data":"yWS4J+UzSr5/01dLB8+chOT9x0mh/2++SeMFRxbjOy0="}},"HONHZbgeaAqMhxbr+xxoiI7dd+XRaDdJeK5SMUyTHmU=":{"valueMac":{"type":"Buffer","data":"VyOFcnEwQKTp/sDIPwr7ZHdTHTueSf0qtU3167+snZg="}},"HbfZHPALdB8HFZSIXpuzelTuEvTGBss7e0dVV3LO9D4=":{"valueMac":{"type":"Buffer","data":"+qj0y1BSWlO5D/hHhZcpGvCMGclkqbDKOBb125UkQi0="}},"Hn9wWJC+8K/8BSsFOPQ8/5Gxu3SE2Q6e7lnGgiwZg9o=":{"valueMac":{"type":"Buffer","data":"aRG5lsYxldgo/YeVD0YQpwRnvkmbMfkHipDjgScFVpg="}},"Hvw/1bFs7cRlxYs8eeNvpueElNb7WeB4NyLsw+Ga8dc=":{"valueMac":{"type":"Buffer","data":"HfHjQTlzbWCRb1d+PPpeXwxIzljjlS0TY6Db416MPq4="}},"H4h/zo830uqLxEqaOBma+RaZ4uwNt7gTp1vLx9PJLMQ=":{"valueMac":{"type":"Buffer","data":"zhwK/X3jz5s6DpvCcn7Fecuoy3ptGWOsp0Tz7BGNLhs="}},"H6Y926zfRYenW1BAA6RXf2j390sIaKshx/HhT5XFNg0=":{"valueMac":{"type":"Buffer","data":"NlPzD8mtOZpX+YFaGXrYLKGmRdyI0Zjv+on6+O2/0Uo="}},"H9Z+FM/wFF3/K64/gXelulBXVEMn+NLngubb5U8KWPA=":{"valueMac":{"type":"Buffer","data":"t3XVzAkXrA5yK4ECdOHNkshTUGdUcI9AJiK4i39ld+o="}},"ILtZWw/ubeiNpj5O6AA5SPYV6D2BAV5mQNW6DwJ5qyg=":{"valueMac":{"type":"Buffer","data":"Xb5HR2Ax8PAeOZOLkxFBw91InSx+0yPu9jY+JmDxTQk="}},"INulkYTKERVtomowH22sTM0kSlLfIupB9Tsf2HHGlec=":{"valueMac":{"type":"Buffer","data":"uMWC7To+m6WjZwDUg3mnR2+YD+xIn/T7+hfrOI5/ajY="}},"IcL9CHZjgt9G9FKkeTyG+Fe4pUhSsgoddJWp7l6OXxM=":{"valueMac":{"type":"Buffer","data":"/lbquZnHmp7tB5xI5uP7RimFqsISaH2gWt30KntbC7E="}},"Ic1/aR3OpguttcXJVBUa4eB70D/A1CCeGxdn2/duwkk=":{"valueMac":{"type":"Buffer","data":"OrkFz625zZ0pahSvb//zM0HqJAzI8vz0LXC9d+ov3uI="}},"IsbUKVSkLbRJV7L+gp+RM6T64sON5G7mzXkNnwAMG6k=":{"valueMac":{"type":"Buffer","data":"U/NdO98+Bm3V9TbgNyeRcXlkp+bLpMT8pmZsq6vV/yc="}},"I664q/hK7x21hJlVmBFBBO8gODT1ne7NCdHHLuOFXf8=":{"valueMac":{"type":"Buffer","data":"VAskNL6X/2zpfzO9eMIo7bOrs7xztC7aRWWSKN58pB0="}},"I9g3zmMolLZn0TbZfPNAusq7YULtPHgQPWqpLiRNVAo=":{"valueMac":{"type":"Buffer","data":"vFFw3UFd7OuIuRT1id6iJnHUT/+8QbW0Jqv04m+8YoY="}},"I9hwI16tQIjpkRSbjGJ7OyGEdoJu7KwbfnOcXC3AXww=":{"valueMac":{"type":"Buffer","data":"bP09seENKsgE0z4OHePrcOYb0o6MN4YLij2OBTtp9wM="}},"I/p0SYXOTebPDkgTSR+wDkDBHfRIfy0HxgaWJ27Vvyk=":{"valueMac":{"type":"Buffer","data":"lt0pCiC/B/qoKyxt7xVoFfRXZJ3cNa1Q23Wv2QlZpiE="}},"JMERC/1g2EcxbgBOM+zgLesWIjY/tg+a78a8JV/OucE=":{"valueMac":{"type":"Buffer","data":"LwdE5mz2OIogQ/Nr+fbYPeGZWQmOws7xuXtMGl54hi0="}},"JMyhb6SVIv5+IZXQ/8oiidSTTL3LHzjCmk8qO4lrR60=":{"valueMac":{"type":"Buffer","data":"ASlYleKeDtlcEXpXFdje5K+1TXgi+UBRk6H4MnvfhEk="}},"JR0n36mEctKrprjuAp2Hm2wEDoz7eqVTNn5EOBBj1sM=":{"valueMac":{"type":"Buffer","data":"7607EhpsfPl6Wak0d+3y5fMVuFYrohLALfy0q1hfgEQ="}},"JTXjt734ZE6voVObNMUSXR/+vyY2GadPZZeIjjV8tCw=":{"valueMac":{"type":"Buffer","data":"6Qywn1HyqyHRZHxFy7oBVusYreRjn6z/scAcPXmP+II="}},"JWNepBNPUnBj5O5heYfyHDFqjN2fRBJMxugRf2QMmU8=":{"valueMac":{"type":"Buffer","data":"YWxuCfHT2PRB88zzxLKC30upSCDCXxO4MxiY0rj3bpg="}},"Je66IzlD62kTSmk+Iam1rkzuMorW7OUrpaWtJqptVy8=":{"valueMac":{"type":"Buffer","data":"1HpOkswoeoFeNiY+UBZ3tSmI/+1H6R8oVNvDxS2xnt4="}},"JsdLQfVnV4YwvGiUalzVTWyXBu51tKpc9FXja06SVHM=":{"valueMac":{"type":"Buffer","data":"jqoBfEQzN0IoMrpc7jIdki3sY4tTp3lTG7Y7xz5Quk0="}},"KHqpJrJSSj9IU4TpTbuS6w6rkE0BEfYZIHEUt9re9Js=":{"valueMac":{"type":"Buffer","data":"MbN1ab4x+1stkWXdoFasKuyTTsqRB3OUZQCBbzm5bbQ="}},"KNoP9hZBOeF8twdZhw4qY5sbuUkuyySwaQk0kcnogU0=":{"valueMac":{"type":"Buffer","data":"JWKbZJSWzFxaAUg3QRG4mOiSs5DenwviWM6vIcvn//g="}},"KZZewKoW2J/d9t7wIgv7q9f6FBAt7GxLVYoaNy3neS4=":{"valueMac":{"type":"Buffer","data":"JC9TwwPBNI+4+VW6S7VvNVOyb/EP2a/jh3s5rqOsSKk="}},"KaH3k8Z0OaeXAP9tILlajfMaJpdUKJi0aGjezBh+NmY=":{"valueMac":{"type":"Buffer","data":"pGb0wfNie5XPrc0ucwOCrfs+MEwanNuVjSRV62i/i50="}},"KaMZblyhMaoGZ4NltBBjLXfi3wkp9AXIkHY0kTDsq9Q=":{"valueMac":{"type":"Buffer","data":"jFjV/JoKTFzItY4YTzGGblvr3FTz11Wv+p3b0lTE3XU="}},"KeZVwztjpxNfjMF1WPUmi1Qnnvc5XZP+Gv3D+v3bwek=":{"valueMac":{"type":"Buffer","data":"/ABrtsQSvCLKcOIkrOj2h0L9dG8zjQv7S3W8jbXcBQI="}},"KjZeyt2IyUkJW9svuXusBFZyxAdK4TMuPN83PJFUSlM=":{"valueMac":{"type":"Buffer","data":"6ll+BNoElHOyS/prPXgC3T9RPuMvltHbzElfpbHboOU="}},"KqKYOy9rsxsxpQcJNx/3VPD76KVx4AJ2TMS8D1JuEC8=":{"valueMac":{"type":"Buffer","data":"XzPeHjzbfIydzIbG7mo6rq0oQt/jAKA7xj8C2jIjzWg="}},"K2chBj3yQNc4NKa8Z8INOBppGFrdjij9bkPJ0meRPD4=":{"valueMac":{"type":"Buffer","data":"DCho/di60fLmPD7HgFr73tHac1v3QOn7MIvsmbbWz/M="}},"K3H/hBA9W16LMqWN1vDPjn9FPAcljFydKJ/PumCeCqw=":{"valueMac":{"type":"Buffer","data":"3fIHVUUjYG9zsMYJSN/mr4naSqV8nuuvt6tIcRg4ofc="}},"K89abjLMyGhLS6Oa77u7fuFA9I/rIxeSISqwfnyoLW8=":{"valueMac":{"type":"Buffer","data":"CTxzmVzyO2uPNRG+Nw4Ilm5t9Mg3bgKzE+oSKZF5GB8="}},"K9ZiVakhHVtfbt0FELxeEYqOfyD3/K9AhHwuiJRG0FM=":{"valueMac":{"type":"Buffer","data":"wORyUrzU4SbtudccFdRbXkjWtjnHLsVvgq/1ujbRfu4="}},"LP0hwsFQTAYx1nMn9XxYnvyhba0CpUe4Ed1PuCNLhpU=":{"valueMac":{"type":"Buffer","data":"8PNBQ6liGuACO08nu6eHm4GcwnxFQlTLiIqbICh4HlE="}},"LP6Pnx920dSV8mvtdn7QA9IJmRjMYKqcu1uTm5GOqA4=":{"valueMac":{"type":"Buffer","data":"6nCn2mfzHJIezFg9s+vG9HPpNC6eB2xhtkuqXKZnHyY="}},"LYqjx5YN3zfJUt9nFp5N9m/zD2/FDSlhwjvbwK165dc=":{"valueMac":{"type":"Buffer","data":"NkNeGFWkX7ey0KKrOMwxkunu0wBmoOp/Y8ZOfAImAJg="}},"LfeMIo+obZTWhSdXAJl8IbBgjlQc8++kTi81XQYtk6A=":{"valueMac":{"type":"Buffer","data":"a/2dmYsJgvnrsCh6AazxUJq8uEMGSTfUrdv5+mF2MoQ="}},"Lpacykw2iavdTxiwjHKXkaX3FzIMRuCLNQaIfE2ahNU=":{"valueMac":{"type":"Buffer","data":"uGGHsJggAr+5PpP8a2I1rbPbY6pAgIUqv2rzTwPOgdk="}},"LqsqRPaUVwGNBPxaZ2MNPdQGv1jDkUys91+kB1ERrQM=":{"valueMac":{"type":"Buffer","data":"DnxTbXqRbHBN8qGZClXRLBhObGjVTbfnVac4AOQ7K3I="}},"LrmRGPLa6Ups7s5qYdcHyrTXpJZeP232d/BStT4WQLg=":{"valueMac":{"type":"Buffer","data":"PyhBFlXAilqMnQRgK9gNLuWfGQR0A0fsrB4o9DH/63k="}},"Ly79EbhZru2OEJu3FCHa3Mp+YokjmJfP4tgN4SVoohg=":{"valueMac":{"type":"Buffer","data":"VPQS6bZXrHrZGfRKB5QP4KG+8P6R2WAGQt3InsFu/2Y="}},"L2Qo7M1KqRkK+KFANiWCvFmv8YKCZ5JworpCat1ky2k=":{"valueMac":{"type":"Buffer","data":"9SiKBFBc7qS+2zIUhwfysXu/pW1eu2ufLoYAbs/5YIo="}},"L4evdZH+cJ/nS1zhLQ3mDdP94nDklLrNp16ct+Qs3bQ=":{"valueMac":{"type":"Buffer","data":"S5sYfB4DNarWaQyrAwqb+YtpIYFJ1ze4UkatPxXRFzI="}},"MCpAfgI8JQMIuSHg++MOv8tBqSfoSbkXRfUp07V2jcs=":{"valueMac":{"type":"Buffer","data":"/47oKbFrkmC6jlM8gSjtnkpf4V332KcH/xXJnw689Qw="}},"MQXrNoVmmD+qgHBw01d7RM6z6BAcsgl2pIY56IXszno=":{"valueMac":{"type":"Buffer","data":"b26xhTgO4D/IeLxzVXYcKyDmsXdIYd6hCAWT26w00UU="}},"MWOfxw7NrJopFiBvHQOktrtlCG4Fiub5RMRXzcAqft0=":{"valueMac":{"type":"Buffer","data":"3HJUpbhpMET3GSZOZAFY4ZQsQpluKFa8zdgOjrrLbhE="}},"MXRXWCILCxcg09X5w7TDJ2x43re56G5+7vIYh9+b6hM=":{"valueMac":{"type":"Buffer","data":"EGH3Ks8eipAf3jphIjZL1IEnRphZv5sKvhBOuGoYlNM="}},"MYX6qaYYhzZsFlqmeorh0QPjaLOLu+7Zo5m9+hWmQ1g=":{"valueMac":{"type":"Buffer","data":"oayrCr/P1NKfldL/bF7+9syW85AhosYrBQK4Y/8nE0I="}},"MdHQC+SF56g5XxQENtdS89f8Adp1qB4EoDu9peimqBc=":{"valueMac":{"type":"Buffer","data":"Br6OJYURLq+X2B+xDiMyuTzsxfqw29MGZCEGubq0WJE="}},"MmHVTVvWAFQkuaQMmtDCf30AMghYEwO/u/SgvNJySeA=":{"valueMac":{"type":"Buffer","data":"rGjOxt+S3AiJpNbdfWx65nSUOEOJuGkzERxKmNqe55E="}},"MuxJlGyvhIAFErYTO7Ef1kMuyd77gLQB03gMEVDTWHo=":{"valueMac":{"type":"Buffer","data":"XnqEhTluo12ZJwm5SebcCXBI7AMSM8hqDNI1kvRDi58="}},"My19rClUR7hitEnOjJnnaX/mpPBRfKfrEMOGkmDL++8=":{"valueMac":{"type":"Buffer","data":"gp7Vo8zzZC2CFnB06KqjrsGQTjMS/X5DWrmME2CSj3c="}},"M2GD2U+vY0KT/OD9YorBNTsybAkUu6aic6XJboyHtoM=":{"valueMac":{"type":"Buffer","data":"L7wFM0rknqSYiRuaWKJsw0HpmoPHb7kmzQsgQhGyC9k="}},"NKBUS1gTCHNH6xHOg0tybe44j0RL5lhPsnJI7W/+3t4=":{"valueMac":{"type":"Buffer","data":"pF7Ms6P3o69tnR0wm9rDnLQDoB109y/tPo1u3wWaEfk="}},"NTqxKlqTeBhG1zMgVJDyuFjGPQByDwtjE35p6qUZEEg=":{"valueMac":{"type":"Buffer","data":"04mphUw3OCY4bY5bYwNnA8O5o1mt6RQxDYczzob9jZw="}},"NswQG7tyf+bZ38fuM4oB81RYDRFQ27a+SN9qjfForMM=":{"valueMac":{"type":"Buffer","data":"MP8e8WJFglhk5pVXRsoIOd3f3Q7RfJ2y2v4HDhAVsJA="}},"NtuYkUYcQ2UA/WtoojKppVpv65LB8CJgI/uNr25Arjo=":{"valueMac":{"type":"Buffer","data":"d244fUII9aCxTeHfGOrgCmE2p6U6FC39LgOcPoJFVRo="}},"N8dBfSdU12BdJ+7OgSNO0p3QXCOvjyXj1461AiSOH2E=":{"valueMac":{"type":"Buffer","data":"glPHKqJQjCYB+qQ+XnPmLX+NIyVfj6+EUkLaMZ/PM04="}},"N9pSHliO9JtjIvij38ePoJMpFud7DV8rYyyVF4nk510=":{"valueMac":{"type":"Buffer","data":"kOQk4CCk/IkzWNcNiTjLGXNjlJW38tOorEqbe/wVzSE="}},"ODSIqPLQsD4HSonXdtt5EHHsYgD6vvlZQa6pM4FbiYs=":{"valueMac":{"type":"Buffer","data":"DZ3K0sRy4D/NrrXTB1KhQut84QHWBaUCJQ2GHlIblyw="}},"OVkPAMlPTtdLojBzvQmlacRl55VoyoBff+3xBv9yI9g=":{"valueMac":{"type":"Buffer","data":"Yfww2b0Y4ADDg2orJgjryUXJSl8VK8YRs1cKkI64ctM="}},"OXOhoJ2fQ+r3oHC0s6i9r2ON8gV6Zm39Igpk4KbxGiU=":{"valueMac":{"type":"Buffer","data":"QkmktQWdDxF0byPAMutBodmLu9/DezJuXky4lTt86PU="}},"OfK2e+cTrH0U2Jwzu+if5IbeggizSgL4JMAZUDhVYck=":{"valueMac":{"type":"Buffer","data":"Yfztyq4rwFiv02nWj9JqaAmOt9QMLp3k/F9muCDhJiI="}},"Ois3uLcY9J3eDoTVUkufUTWHPBT0iey9jB3Y/h3u6P4=":{"valueMac":{"type":"Buffer","data":"WWKo8WjiLA0K/u+5mh+PaRNShNW1/Bq1/lpthLA+x/w="}},"OlSHt+wqKTYWx1NLXT6K07VpyYPuqKr7vRto8vnqzJc=":{"valueMac":{"type":"Buffer","data":"RrPGlne7jQv2uUdJMBuJWh3Uzu4a4stPTP5KNYIZJyk="}},"OlbwnubBuM/3l1FKOvRDU2XKio8zXtKoL1CXR1pr6J8=":{"valueMac":{"type":"Buffer","data":"F5DUqse8lPWYCXql8OycUAPybPtC4QobuMx+4GKl9gg="}},"OmfTgk9vqVYqmA6e/hTPhakHj0DAu+644qK3efP8Rrk=":{"valueMac":{"type":"Buffer","data":"aKlp3+stMFOdGnoiyKm54I2e8keyHhsz39h8V58sK4w="}},"OpZ+WYcY1bypztkFeKNJgHtRUmW9uok+NJ0Ubfk81ck=":{"valueMac":{"type":"Buffer","data":"J7MM5vWaKm9KYCezeJ14t0CUglEc4nF8GLToWBrAsSY="}},"OuhrKnk7OKRikGWCJ5duvny3Do4Q9pREYu7En42n+jg=":{"valueMac":{"type":"Buffer","data":"+bj6b5EROg5RT0zeAW1vWRVPGO3/aP4i74y/NKSxa88="}},"O5age9HGbQXC4juTGX/CBLGVNJoTgrBAFkJgXmxddD8=":{"valueMac":{"type":"Buffer","data":"Hxj1YLBVhc22EYKuCe7lHfxS2OsrkW7QaFDiSqFKQmw="}},"O7KLby3IXZaPKG6UGG3LHA89DjOkCEEX6Wqb4SkE8zo=":{"valueMac":{"type":"Buffer","data":"7YANIi6YmviX121w9wD2x0ch3TOt9efBfeSqJ5NkSxs="}},"O/jgL4HA7Qt8jF0a/bwR03gWWRAqLRllq4xkcGVWdow=":{"valueMac":{"type":"Buffer","data":"gcnAb0OlandANlYhb0G2lRYTmJ3ECyFnYQ41ZOqu/ec="}},"PF2Gt5pN+tRJoxcPU3+kc7pJrr+I8zXqyaJMIDqS5u8=":{"valueMac":{"type":"Buffer","data":"neiZYuxexZtBS02vvajwLfyfRFhNBOB+a4/PYKpGRh8="}},"PH15Dj+ch5jiRsk8yOWP8yF+CM7b5ElVbxYru8w9KcI=":{"valueMac":{"type":"Buffer","data":"uWc3imKE5sfwe6+XAaZyTST/Ro+Srbe9L1YwAkfiyng="}},"PfQWiYxYOzs9fHvuHrwd6AMBwELUkyhLXS9o00GOtKs=":{"valueMac":{"type":"Buffer","data":"c4Ih5Q8g/DZMNKtrH/3jzZ74shom7RDY4xXfre8QkCw="}},"Pk98MrZ5RzXizRhEwoksV+J/yZdtHH+2iQs9kIspG58=":{"valueMac":{"type":"Buffer","data":"/485cRAQXzOQwEY+0+1jgBK1i9dYjJEUcoysvgUAVow="}},"PnKNulUj6+V3KW7UtiV0uvHpFLPGBqLSoyJjZif+kQ4=":{"valueMac":{"type":"Buffer","data":"12g1jFf9irnN6wVPWmfdOHPQN+cJU2T8pzSQiR5NnRs="}},"PqOgZEvlX0sRBB5cWS0bT5bODnkeQUabrgpyAzu7+ug=":{"valueMac":{"type":"Buffer","data":"8pg1nDxJJu463bb9g+Ivrd4sX7YUidV2p6qzjOSRxsQ="}},"PxoyrSeDF/qq/rgaJMwJZdhQ970VJhkYARJj/zakf8k=":{"valueMac":{"type":"Buffer","data":"9IpHDCmSotsB5w+yayaKUd3/otka4eXrgV6T8XaoisE="}},"PyCORS9ESm/5l58g5LdQNW1+2B0qnX2ftS4d6SViLyY=":{"valueMac":{"type":"Buffer","data":"RnJ3HcrEWVeP5lYanQpmdaXiINRKKjqGR0/N1/oq7ak="}},"QXaD/tfBym/eq8zXcaxoOzPpw4LAdlishSPZLF0l8ug=":{"valueMac":{"type":"Buffer","data":"bUJia4ymirLfLJrivufoMJpVTk41MSj2CnaB5MCpdnI="}},"QdkwGML5HaVDSqQsUJsTpLI25W/OXoFFGOYC/+RYjBc=":{"valueMac":{"type":"Buffer","data":"TgfFZPs7Jy6SxL/JflH7RcKo3SahMjdu5k8Du3TW4fU="}},"QnhFDy5voBMJZXLe4TbDZYbBqyahRAU9HIXueWmc/58=":{"valueMac":{"type":"Buffer","data":"4V0veeh60ddOuMAA8Gj45Ona5Xjr2qdtEH0/76jVTY0="}},"QxTRk7fSXXt5IZGQNuTfrx7EM4RwMNXSFzmx7MIXXuY=":{"valueMac":{"type":"Buffer","data":"8KD6BobCRitOT/7xXdjWsDDyH+7eU27Skrxz8eedD1o="}},"Q+1A2Jx43VcNbb3s7iGbPRrMHGAegf3xcVIHxvEd2h4=":{"valueMac":{"type":"Buffer","data":"eYiairKbG7LAfbr0k2Olm5IhO8eubobAvB+mBL0fexQ="}},"RH3eo8aopGJvqwlgFR4T3+InfARbrsSLTtK/CJmdYCw=":{"valueMac":{"type":"Buffer","data":"2asgdZNC2xnvrntksCc6ltn8pZtJMm9Bhq8jYvzJadQ="}},"RLzQYOOO+439H/a37q/EV20AkRrLujz80fusmvmbjDc=":{"valueMac":{"type":"Buffer","data":"dUIM/bI8LL1ASXfcphjqVDWZaNz52gFZq3gUvIe6UuU="}},"RV4Wk2HV54w8niSCC8DLrIGBZUEfdPVxVMq/ibvwEOg=":{"valueMac":{"type":"Buffer","data":"gah5l/YsY5395DzNyQvQfGLN/UjDRgrpZsOxlMWjwV0="}},"Re0YnlvADDOXMldw/A96MTMNIYy0SJKEjYuZ9DpXpH8=":{"valueMac":{"type":"Buffer","data":"odGUtipuBXWVeZoD7a5l5eUHFC+CPW5SZdaNOPvAjpQ="}},"R2fLFFdAAVj4VjIOjvYKuKKb9F2HTJa3gsekh0EiBK0=":{"valueMac":{"type":"Buffer","data":"5Gk8RDi3ALlsPjA8nIWl9YHrCRGM0fgxXUkRgI8IokQ="}},"R2kzMbMf/SGaUmVedT8P8gu+EK8Z/ffEPoFUQz7oQdU=":{"valueMac":{"type":"Buffer","data":"Ti57eaC8qcVhaD+jAQlBEWRT25sEO7HNOWCAa0g283s="}},"R3SHm4k7x0ojhJ6gfLDLWkeWGCvAMR3JHDFVTr2dVY0=":{"valueMac":{"type":"Buffer","data":"3Dqxq4mLj7JCrSrcy3MqKK8jR2cZbUlK+bO2Udm6E08="}},"R5X3zLwSFQBnOPRRU4LWsv7O+TuwWGQymYcr4eI3ryc=":{"valueMac":{"type":"Buffer","data":"ue+XY529Nf3m5KxYTWicXolwieWEXZsUZpkt+WulUfg="}},"R9P3iXnwPR25oyrF4PmY1PDuMJ9TGqgVuZhBUKoUwug=":{"valueMac":{"type":"Buffer","data":"rw2M5QsNmEQES15zJb8Rw953eDp60ZxBFINLP7U2FZs="}},"SIhDjHPIUnyhlZKpXbYLjKWmzMJYiZ48CgcP0hlB+Ts=":{"valueMac":{"type":"Buffer","data":"R7B1qmP87LIBW6OT8eIcMKFEcWtx0rSxfLushXw+KDY="}},"SI5XOZnkRSsoyFqiNwxNfuhEZbyHyvu+vbJO4RQQlW0=":{"valueMac":{"type":"Buffer","data":"+Un+WfzPsT+L1rruOOHp3U25riKfnOflaV6uA4Ub9Jc="}},"SLWJbn9uHhXd0jY845erE1c4t0Qsxs3P+rGGJWb9470=":{"valueMac":{"type":"Buffer","data":"YppNBdCi1svt9w/XgpS1JIxMYO43T7LavZ61nPwJIU4="}},"SZFdg39xJBxQaD00Aihf6YjSjgss+uDtHa+1DD2PjoY=":{"valueMac":{"type":"Buffer","data":"oTmo/i3uL8UEsGvNrG/42QQ/d6DpzXxs1aOjGBMnBNQ="}},"SeQ0wtYC2f87fx9f/aeds/sqQp0C5jIdWLZ3nPTF9dU=":{"valueMac":{"type":"Buffer","data":"Nz0nV6EzdPkcFDtGmjntbalgqlZaeYwz3rMGAVsua24="}},"SetJfZr1stkF0beUrV4ijlYSJaHpV5rNNjSNmFqvCIc=":{"valueMac":{"type":"Buffer","data":"QIrDD3k/JV8zuEC9rhXWJyl2MERqrloF+IWm2nlLWrU="}},"ShNN9owdoOozBchzfBlobUDpmAlXRmBSoapaAkTP3sM=":{"valueMac":{"type":"Buffer","data":"M/Jf8GMs8J366WfBztsgsvrGXjdaUN1lyo/Ckx5c6WE="}},"SkjMxwTQFMZUdS6TbmBJ9F7+0PMkCrDqdtdXuJi1mhA=":{"valueMac":{"type":"Buffer","data":"lfeLqvRweiZgoNkatGeUrEZGzvMTHySa1xGe6rGKDPA="}},"S37Q/sJ7TQMYMBir1pt7HPYvBdSLtGjzHEOYFIqnc2U=":{"valueMac":{"type":"Buffer","data":"Am+hpps3gzZl6j5HO8WiWVQ5a99QtKHPx7ZP/6KZt6k="}},"S4TNdtUchIi8tu3TbKLvKFOcxfF51ADeF3p6s/HG7RI=":{"valueMac":{"type":"Buffer","data":"UkgzcJcVTH6Jcgx44PkOuVmDCHYrdVxVGAh+1fCvRfw="}},"TKd/jkqDgYZSjspnPcjm8ez/JzN/0XnxrX7WfkKXbNI=":{"valueMac":{"type":"Buffer","data":"7ljNWw712RuKC6fl8pKtKLxRmZrfYpqZE5RkEjX6FpA="}},"TPKMmBSU56gRyyULtHXla1gUjAq4F4eJ6f1dRrxd/s0=":{"valueMac":{"type":"Buffer","data":"pMul2L/AGg+//9b4f34knPwfctVzrbkcW0QLZs99prw="}},"TQa62Em6tXiTxqUQy1jVo9p9S6fF5SIPtGCiyMXTS4I=":{"valueMac":{"type":"Buffer","data":"fP4deyI4hTTTTDptH2+9x9deJ8f9AWu7pBIax2hkr7g="}},"TiJJNmuitmosNw1N4M8VBUCwmoGOmU4v+epodQM84dI=":{"valueMac":{"type":"Buffer","data":"XUFwziwz8GJvMAj7taJi2ZpD5G5miSSRZcDc2WsZuQ8="}},"TkvnKzo2yHBCCMDRDyk3QZxcnQc8xstgR535oFZamxE=":{"valueMac":{"type":"Buffer","data":"c6typ/Apv9+SGQceiJMkUpy5/rv99WxA4QKJkQEacPY="}},"T3Jpj8iFnaJ9ZcFbG8vn1rw8ZC6uaZzLBsg2VdcAApA=":{"valueMac":{"type":"Buffer","data":"UkQf50B7PVWdy7XYyMb6qfdvKyxNZk3xqsI8s/50+3w="}},"UGmSO+qsdZevEvUS1Jwa3sMG3h5gix2yi1EFEDXLCOE=":{"valueMac":{"type":"Buffer","data":"0LVb1BULD2Ud5Y0eXEM1eou1KKzdQ88J5Ine0M4xBQ8="}},"UXK5C7U3Fls1aGxgCSUaVgxH2Nk9z7E/XK7MLcRDyC0=":{"valueMac":{"type":"Buffer","data":"H7TY4iXxuTwIaaQeDaNVcJaklSdYIyMG826JxvFD0Uo="}},"UbNPF78MwWNe0CTqzms8014vKOxAkfZxaOOHFqwWSnI=":{"valueMac":{"type":"Buffer","data":"G0AH+hEHvtu97qe/FXJOsz/hRW2shNkcKz1q05lhd9c="}},"UjEvhP1KDD9Nj8KgVBrWtZM0rPwfy5S2yHUvUt5nx6I=":{"valueMac":{"type":"Buffer","data":"fSl3hZxvnDGgipSW+zhJJyYHZxD8ief9FnS6JQHLbiY="}},"Ul3e4rmXPriTELHsKJFiXodwQAmKS7bvkp82YIBEjmo=":{"valueMac":{"type":"Buffer","data":"aqQDFLQrI/FvpAyWk+DlM3H+9MBmY4kn/zSPsKZXrgI="}},"UpO/HqqVV22b6GA3ZzC8WkRI9u9sAU+uhKC4gfChiG0=":{"valueMac":{"type":"Buffer","data":"ns6ikBgLXxlhO106dA52XcOfDz4GbOvu/PYmQ6TIdCM="}},"Upqm97qcqm4fzNYLll3HD1eNz/S/fSw/f92ngYKnDjE=":{"valueMac":{"type":"Buffer","data":"wCHfDt4ySXaWIDSDnRjRFtnDtQtN4xNO9fS/WX7TSKo="}},"Up4UY7olhGGso1+ZWFbtN+N1/oZBxmDdz4P2uRjHCo4=":{"valueMac":{"type":"Buffer","data":"HzjwfgrQ5UYXQIwTqxR+j2CnoxMnqa6SVO5kLA88Otg="}},"Up8t/r5cqsULn4UvYNJoQep3P3GsYjeuYYF8sJNLKVo=":{"valueMac":{"type":"Buffer","data":"w2/IAK7cjULhMUzSUpAg1oN1YxfF/lZ5dNUW3mRxqe4="}},"UrfJkOkuQzuPc9GHM6eGbhXoIvsARAgMAa2/Bc9wxT0=":{"valueMac":{"type":"Buffer","data":"+2IOj0VXLFe0wE2SLz1ADZhlPtkTGD2ovGZyNE8o3v8="}},"U0bmVEo5Jx/h8GcusZo6IDt2ipAd1IeJtabv+l4aLRU=":{"valueMac":{"type":"Buffer","data":"J5ZaLXsA5x2S1k+NfBk5bJg/8a8gzBiy53GtvuV9my0="}},"U/5GODXDrW12GP0JbEPPAmlcRwCEQIFlBDjso6OYS68=":{"valueMac":{"type":"Buffer","data":"0sNi6eyF8Dj1mAXrNtthfsjn0PUhcgSb6tc7e8tf80U="}},"VBZMz+V4dBIOh17wO3XoZ//O5DriTmFZaopbPcaLof0=":{"valueMac":{"type":"Buffer","data":"Rouc0QQUwIw1IzmJOA0t/UCcYrRvTmMKa9cq/DGGaUI="}},"VE530fIAXYpFTLuvxkP2f9FcgMLyiQVbvoorWmwdOMk=":{"valueMac":{"type":"Buffer","data":"nkmlGgNV2vAZEX7F8v2KhpPOvS2+V9KUDWUrIZDXQc4="}},"VQNg7daYzSKHr1huY2bGtW21I1fWZqcIRzbLgvdFUMs=":{"valueMac":{"type":"Buffer","data":"c2AgOISGcAnY83DevWS2SYKOo85seIE+b96RIeKYc48="}},"Va0fcQpxGVUtIA3AMfhXVCVrBoUtkMJYIy53s+wrEZA=":{"valueMac":{"type":"Buffer","data":"jZaiQymipUogRxk/lYA+TXvZFns/G+ViFZc3knem3dQ="}},"Vb9dUEDxwKcEHYQxgI3BGF4uxP/I+s/oRd6bn8yh71Y=":{"valueMac":{"type":"Buffer","data":"ZHlrgEbF+Vepd/NuORCx92xx5UemoPFeDg0z8igN7Ow="}},"V0Gx8y3VzoDOAvnTBUqHxq/nLoCYgxctqnbAyM5+BNY=":{"valueMac":{"type":"Buffer","data":"QUbOYmxDQWUjjzmGmWEVa6g0enMfJbo+n0timi1Vmsg="}},"WE25/TbN8LkjdoNlF5t4NBSubgOx/rmAPUImn9KqUcg=":{"valueMac":{"type":"Buffer","data":"PAn29kmjCL3tTtIGA4tJY3oH9SwbFCMryAufahwNx/0="}},"WFvxcscXDkrCfSAmApxuZEjMkcChXbMQq72bh4Loof8=":{"valueMac":{"type":"Buffer","data":"8Tpzz4uuZTbg/kE5QxN3++EGX3qECCsWLe48tlvvGNM="}},"WNoktjp9GhQ3BvCbA9d1FTxv5OgGmfWVKsuEjxadyWI=":{"valueMac":{"type":"Buffer","data":"X7uGH/TITWsimtm1M+qZcC34LIkt0HRtOj0RFrjRr8o="}},"WRHPerS81IDqt2CHqHvjgj30yV85hkdItMpa1VvLNVM=":{"valueMac":{"type":"Buffer","data":"+/HcNtlrluNJHizZg2jaeJvLzV7er/xbR5KSz3KItU0="}},"WVnPd1LXxYpUbMv8O+Coct0mLdzcVWy+sKGsAy5rp6Y=":{"valueMac":{"type":"Buffer","data":"vLTL9Xo/ewuoWhjhh5a89dh3WPehYnu8ycsZ3a0T1Xw="}},"WXiRKIjWsdiRWCBaTws8J5Ad72E/vV68DYToODPM2/A=":{"valueMac":{"type":"Buffer","data":"jvj4CZiaw1UWELP9hfRKg1uVVTZjBplyGc+DImuRieU="}},"Wd1buCN3hDnCFVnoAmwlob8R+3NizMrVU2u2YxQaLqk=":{"valueMac":{"type":"Buffer","data":"Ng7i7uVzuvJUUULTITGzIB2NyTaCY/nr+ycXIoRZcLM="}},"WfFgjNFVBqbbrDC0Rcx/cM+f0+AW8jjn9IzJOZVkXoY=":{"valueMac":{"type":"Buffer","data":"PCKkAvASwOJ24r0Ky8buzAHUFqH41XBKrtrQMgr/S/4="}},"WmQ5HolfDZg7RvUAEdZ1uNnXlkuUy8RzfaQPY2vCCJI=":{"valueMac":{"type":"Buffer","data":"qnSIybuvWKSUcCCC3slI6prOFqKUzfpkn0jgIpj4wBk="}},"WmcL/aUOz8/g2wZGZWQrq/pc8PTEH2bbsAIkZnZJGYE=":{"valueMac":{"type":"Buffer","data":"GYLvThbi2bV234paAUjGOZa91P3XgF3sSqtOQS5qG8E="}},"Wo5De/QxI4RGUXyHBr4A6jMFLCsAfQudxj03P0Blx90=":{"valueMac":{"type":"Buffer","data":"/7oKQBGnkn/6Q16rJIwOIsk1A2S1JOBXu88T5093m30="}},"WpCEZE7k0r9MRyFTrxwzj3GUIblHNuqojFHnMdGOH7M=":{"valueMac":{"type":"Buffer","data":"EZ3U4HAXPzFn2h5fzNy7gOJGCM9WBcS2wL88NvBSv/8="}},"WuCx77cSN/2Ri6U3u6weIZmgN7d1JEpTLI6+MmrIZlI=":{"valueMac":{"type":"Buffer","data":"Uv/fcAEDWg1Strlt6/f8X1HqlGPhTThMZH1berv6Rns="}},"WzRGEsJdXiQbV23lo2IEF5z28c1wZB2WgpsX57/5Bkg=":{"valueMac":{"type":"Buffer","data":"75EvgbLJRR67tSU/frDU/HvJ2wjDfx3NYMKvV1AD8PQ="}},"WzkAMbwcO0zuVRGjZWZ4U4KIu/qdAAz7i/9bSHpnsCc=":{"valueMac":{"type":"Buffer","data":"3GVLkSjKKUf296S1dO8WrJcMa96cNbY7WsZB5qfCk9E="}},"W48cc8z0XS6fW0lcctpPYFOk/OWJkSM1j62+XZ0bTDs=":{"valueMac":{"type":"Buffer","data":"vXOdMoPM3GqfYxopl0hD3shDXLkv3+NhQwlZ118/WOI="}},"XKAa08TJ1upefyq/1AMEHxqBYlE4ic6l7xKCN1w2U4M=":{"valueMac":{"type":"Buffer","data":"Z2FIyYjaUGPltN8egG5ogLdzqwqXnjcqCT4s7GHeFvM="}},"XLmbMTLjXeJLxCKC3uZ7DtQpqjSj2e1r1bvjsPAUX60=":{"valueMac":{"type":"Buffer","data":"8vuGUEaONIujiWbk/LET2oGK2XcP+qY9Sz//4MnDazo="}},"XP4gcIzIYyssT3AEoeNZI9uP8VK12cNthYqavPwO8Lg=":{"valueMac":{"type":"Buffer","data":"vpmqbbvUsXWB1lfbHtwxX+D6FT9OE19bOufiJ8YJ2v4="}},"XUqifuNUwKDSnlPqZinJ/FY1csKHhaHPu9eIHufTEmw=":{"valueMac":{"type":"Buffer","data":"5eOUr8Q7vaa9quiLR3edgFLE+bBjzf4e6XwdyplCR4s="}},"XUukE4NuqUulqgFo1wTk/GcCCn05uf17OYaC8imyndg=":{"valueMac":{"type":"Buffer","data":"SwooQPebgcjogVtlPJikqPi9WMeOQffw9sgHBOSaDxM="}},"XYKtYkM83u86l65bbMSoXGZXFJ98OeZLpsBcU2SMJJQ=":{"valueMac":{"type":"Buffer","data":"JFjtdNfuvYgqs2dF3PqjSqzZJU1wyRYXDH4Sn2rz+is="}},"XmyZ92wE+4SaNv2wYi8DiwE8Lek87Odooyic1rFTp4w=":{"valueMac":{"type":"Buffer","data":"aHX2bNEiCun2Os2I9z63ZuDnVZwBOinlFISJ3LnR+xY="}},"X4PwTGA+vYfg10l+PhVOVedOXlqw6g8Iyf6XJnyg1uk=":{"valueMac":{"type":"Buffer","data":"Brifn3iLPFfGPTotITL71N8pCnCqfpl0L8hRlrbwuNM="}},"X4tF5168EKv/hUXxAONBAOV/m1b1jmj5IbuyJj++xC0=":{"valueMac":{"type":"Buffer","data":"iClW1VTNVunA5IJMRhWHM8CAh4ArcU6z5/ZKRJkOxoM="}},"X+vqlrormHCzDCpk9YAMksI3jUrmNcPZgua74Q7avYE=":{"valueMac":{"type":"Buffer","data":"Ry8WxErWSQdGq8vwgbqphyibq68Sbz6Y45yf9yDuHlw="}},"YSvR8bsPJtOFHT9TFDbe8LVsJdyuIpz3APB45FudrWs=":{"valueMac":{"type":"Buffer","data":"V7HX/FAOg3CQZI+g9RPjSozdNfYXDOyKafD32HlLnmE="}},"YTPvD20w1R0rKggAf8PtsEfKsZ9JG9ea/ZaYtNU8cCs=":{"valueMac":{"type":"Buffer","data":"O6YqVdGfNJlNH8LnbAMtXZSdO9qRSu2reBr0EDPhqiU="}},"YVqykE8oCgM1wgR5fpB65E8vyvvU8b3agbxEAmbOUNA=":{"valueMac":{"type":"Buffer","data":"a8ueC+0vg5BKNHf+eLJK00VJtpXdUZ/7XtP70yzlHds="}},"YWdbNgBWiar2FEhR8fJ4MijExrvVHWcLCf1NaF5EZBw=":{"valueMac":{"type":"Buffer","data":"Zx7QXZk/oUf2FWwSjk4pI6guiGyDdovr4kozvb19OCE="}},"Ya3mXswtvcWryC5Eu9HD1uczF8be9447vNjQ8jhzbME=":{"valueMac":{"type":"Buffer","data":"ljrL28Afe/zw6FNgPqvig6brVzskRwqAUvI/0pv3Ut8="}},"YmSBJD9s/9yZBvrcvVIDEGDerkWB5Gblv728PvwIrJ4=":{"valueMac":{"type":"Buffer","data":"ypPdp4pyfuzPNG6DLUN9hCwVY3uwXM1beQKb1ESIZX4="}},"Y2EwwuB4IkltCFs3BJWiTJuTKqJ8N5UUScAL5OOt99E=":{"valueMac":{"type":"Buffer","data":"sdkVsctNnIhRr7QKshkHEd+f5XmV6uQ3xdOwYwUri4s="}},"Y4kf1cRjiOW93ksaGGwWOZF7hZRmV7cWZTh8nqIkyY8=":{"valueMac":{"type":"Buffer","data":"aMoBB+9ctmijSDDIzwHU3qJT6J5dUsU7nGhrTjkOpIc="}},"ZDpowPD+vyc1QdeG/B/RMS2232EVAxRsAfopwg5MHHQ=":{"valueMac":{"type":"Buffer","data":"BUpo0aZHFX1anraOt3YQMX273xSTJNSwpquBeZRMvf8="}},"ZOn+HavXT6LOOjMIffvo0ZH28xtTjzzcRbiPpJ1Uegc=":{"valueMac":{"type":"Buffer","data":"SAp3kBuqsOufpg2TRYfOJUZsowKPF4UErqB2seIxGy0="}},"ZVaZtpcMwFvvz0S9neu+2vtMbH+fWIKAlC3LF9BRMWY=":{"valueMac":{"type":"Buffer","data":"da80rcarWTDwdgJ/tVumWwiJ/So0A+NQ0FFdBsKPvDI="}},"ZZhGtKVLkKYCLrsDFkUt5PIA9nfFkweWPwDwnG4XpYM=":{"valueMac":{"type":"Buffer","data":"4IFZZCe0GGo2QZjdefik7uoDpchxOrq8e2M/EG3zNhU="}},"Ze78MAemDiGwBysXdX3J5345rMykr6EdIrPtg9I73CU=":{"valueMac":{"type":"Buffer","data":"aqFtZbZ8R431aWhRSeBejX6duIeQNWFZQ6OEbVZHxoM="}},"ZpLiooZP1IqbTKHCYlcjvuZYt/B46J6gdTigvpOVRyw=":{"valueMac":{"type":"Buffer","data":"1ot4SU6OmzaENm/eLADX/ELzkVjan+q6FWqQvW8N5HU="}},"ZtPHz4oKnU0C0CDiKJLkgNxVy1ADKZUzD/exHFF/25g=":{"valueMac":{"type":"Buffer","data":"gvv/8sS0GM0IBuRbh7oKg3mp+mzAfuGBTNZTguVPA8k="}},"Z07sJfU6sDoLIFaizu8Hkwm1Xa8MqvBgvekMkrPKsPc=":{"valueMac":{"type":"Buffer","data":"Z6BQABwbtNG/LVkX6m2tTeSGeIOFEJPiaf3LpjLsMBk="}},"Z7W09L675jn7YKmgo8OqTBMQMya+bA47kIqx4xnDWO4=":{"valueMac":{"type":"Buffer","data":"lGTOERczL7POGdxoYoL5BoSkCVjD9pYKaSSeXJabtuo="}},"aBqANuARSTxN1uPYWZoNcCkUQCAmIxUDEEzfD9IVJE4=":{"valueMac":{"type":"Buffer","data":"TBJCpGkVNLpwDIshIqu0BHmQiBji+X4CS9WsGggvjHw="}},"aEN9mWVQBqDEbls16pyR1YT0coj7qJqe1HIrYIQ0SPw=":{"valueMac":{"type":"Buffer","data":"tkW0Tx35ZDhPwNYIKH/NeU2T+7TAjdHnodoXTEMquhM="}},"aJbD+T+54u4F3AgSdky/GHlKFW/ilA8DGVwn9MFI0jY=":{"valueMac":{"type":"Buffer","data":"1lOVQfqoXduKb6nJq81ZCB58RUVgeTOsWL98WPps1Pk="}},"abABJyZDrww2mukB0ZPZC2L2Ia9MvXkPmNTEisDXzbk=":{"valueMac":{"type":"Buffer","data":"hf59quwzY04gJflgr0j2BxPeHU4D+qBU5TKywQdB2Xc="}},"acpkwPXl3EP1y4Fm5kAGHkWqpsvEuxzgv/bgRvScndM=":{"valueMac":{"type":"Buffer","data":"+kSdVYovyR/7rhritoiOgWMirh5HxLUIKX2JuL4T8Cc="}},"agOf2D7s4GphkIJwSTTLw1f50Qb5Yc3DEydNi6L4XP4=":{"valueMac":{"type":"Buffer","data":"gMii1SF9Jb7ypTKJBNztZizhOoU1lGl6z3QcBgEDgCU="}},"amQa8QJc6MMuqWcAshKPJRZmZ9zlLhyukg2bs6ZdSpY=":{"valueMac":{"type":"Buffer","data":"9CLrRJ+8vyHpqAFpcV2pRRsDmvvaiSt9dQ04425MSsY="}},"aq+2auWfRMpDFBqcOozLaFN2f2hDnaRpk6VBvnjWVqo=":{"valueMac":{"type":"Buffer","data":"1zG4Tm4SoN+2vBLUFGgGbjOx6ZdxM/rnw1oDVHl7tpU="}},"a+wvLGuVl2fnPV7WkMVKRYMct5mkeYc3aL1Ytqmy2p0=":{"valueMac":{"type":"Buffer","data":"vtG0sTXx14uDBe/W7DvaPs03/tU/EY2VFx3DYlOWyuM="}},"bHefrZf3aAms8b8INVkU/FfF4Zdaldoa3S3BG8cF7k4=":{"valueMac":{"type":"Buffer","data":"BSxBVZHWIdtfCNc/jTp2QShJBM8CI9qAo18GdC01NSE="}},"bJVwJL99hcZdkVPfPLqzp5652qQxVGe+iakqxlJgzag=":{"valueMac":{"type":"Buffer","data":"6vVeIahDduy/vptVSSgKyksZ4/JZ7c/tonhnWRDNtKg="}},"bPfTG/6fIsnYJC9GgegHi+bFFmME7zAmLToVPKsawRo=":{"valueMac":{"type":"Buffer","data":"BDrJKdZnbsJ40zZU3QwlKS9I0wmh32dzJTR2tX6iiE0="}},"bUG9fytiyGnP00tfDHjJIqyy7vDAbcmFaUNiwtaQXLI=":{"valueMac":{"type":"Buffer","data":"CGdma1r5nlamFQ7FturKMDLgjcczFKjSCYisL4GRrTI="}},"bUIB2v3pYaMb1UtwDaYt6oQDvaq7tSoMjb3cD2w/CmY=":{"valueMac":{"type":"Buffer","data":"Pvfs8xiyu1ZIwU6jUcBKq1dmVSCniMz4ND3mCH3cMFo="}},"bnjEBXfaahmCjPfF8BVOPtRSD1H3Cs35uLi6sE+3MRg=":{"valueMac":{"type":"Buffer","data":"8kd8SkXpbG+1Hs/iV7ZofiCxJ84VsM+ZoesCJgPPnTo="}},"cAmd9v/l3XUcv/CTcP9b5yB9eTIpTnF3oE0er3n8L/k=":{"valueMac":{"type":"Buffer","data":"jsi2FunN17RiBZqSpEbaxCMvhsgc1AdNQxhsm4UlJLI="}},"cHwZo8jWyt9qiMnnERoclxO5+VDzqIKIIf7qkC/D35A=":{"valueMac":{"type":"Buffer","data":"7xpDGblrlinmalJ2FGgmLzCKxEx1TEJcb4Ze4UFBKzI="}},"cJsDzLRAjsAkkAX1iBLJQ43ae4p+RBXCdxCt+GwqAiU=":{"valueMac":{"type":"Buffer","data":"hkx5ncOZpEniNV6G4v7x+7+lJhIoV35e/SyB3RjM4lA="}},"cdkUHtDDtgPAGQBtG3fUj9UgXYlwknz2TeL6NPMS6UU=":{"valueMac":{"type":"Buffer","data":"lN1tXIMpY9T1Us1/qwM4DFH0qOmMMc22XToNPXtOqpo="}},"cfig/LdnC/iIQHkT7xbJj7GVnkiYGHnEgUtpIF7gYbo=":{"valueMac":{"type":"Buffer","data":"V4IDCj322D3roWRwI8ALUfvo5Vo6jTGw73l+JJ713Yg="}},"corGpiI5pcu2z5ORjDQogxKCYcQrJeGD3e2yuP4CTmU=":{"valueMac":{"type":"Buffer","data":"XlsISba/T4X2PznX9I1o+2yX8pnpyNnOiXDG4ogW/ec="}},"cy+AcPpku9Q8XSwt0rzd+W1qK8/7ABA4rg4NtLFE61Y=":{"valueMac":{"type":"Buffer","data":"oTUdhM59za2IEfRWOYQMYLwlwO74bZzUgNtXWs02CGk="}},"c3dTiF3JfFEEm1UAUIw26rbi2hWJVQXIX+iYDGFBv5U=":{"valueMac":{"type":"Buffer","data":"LXzc/EgPr+qci5B+oPa8sk7qIoqv5NsmjpSm5BSj1UA="}},"c7zufOST2z187+hAJkeAX2FXLaJWiVsIp9WGUC67Ozc=":{"valueMac":{"type":"Buffer","data":"1XGNkFyFUw9JGbExqeHHaiI0rgYkd3nbN73erbG4byQ="}},"c9uMZ4ri4pr1/2E/9Pmc6vwdYO87GrGRfi26HNkXs6I=":{"valueMac":{"type":"Buffer","data":"A4ax8htB0E+HVSsiMuQurcBU8z9YxnzkHezRGQAnz7I="}},"dBtfXYjZyXtoxZRjGYDrJKfq3tNYMK2IGuzM75TeyTU=":{"valueMac":{"type":"Buffer","data":"0/nAWdvyW/uwwUPPn4QZCZZyBLYkUneRgbHdiP0hssU="}},"dPa38P+vfZgpjmqQB7zft3QJS+cPdVH6nQHJquY4Z5c=":{"valueMac":{"type":"Buffer","data":"dmYwUaIEkFDB8kSYtAucyxNULes5viQXULkwkH60Cr8="}},"deuzpaqc4HfTKfjQlDROkMVA0+28fSyTHzqzKN13j+0=":{"valueMac":{"type":"Buffer","data":"fW9fpwS+Uo/f3OS5lrX14T7e4YZvWPdaGulQLrqqHMQ="}},"djeO8vDQ0zRbcLnQkFtn/1RWcpzlM2gk/idRoNYLu1s=":{"valueMac":{"type":"Buffer","data":"kPLuMPWhhhLLWGiJlVueuMn6dYWXMA4/Df9UCfMP1gs="}},"dnvTY5UJVzPUeDrB2A47ZXhY6iGsRKUzWtmpXnpIirk=":{"valueMac":{"type":"Buffer","data":"glnO9TQO3/XqeMiyDWfJZy+Oyq7O6R9CJVP3QNQ6FSU="}},"drEC6oA2UdM7Vn4GC8Dx2DvmGB6teXIlYqCXDV4V+Tw=":{"valueMac":{"type":"Buffer","data":"dttCtOm5RDO3I/iW3KhM7pcxNSdH2pNBQYfV8z2NCdU="}},"dzHODXgpeuCkKZ6bwJMkVex7AEj9qGtvVGGxVOWfmnI=":{"valueMac":{"type":"Buffer","data":"xahFPjzHxG8Z6dZZO29wxZpR6GUnUxRKGOftoEeTNzI="}},"eAxDHccoHV+TZhl2KJ/h6/UdMTEBMmQFFykfNdEopCc=":{"valueMac":{"type":"Buffer","data":"5gYzKIB/UA5yDJne9TPzfqRG53FYUaYmwQkudzL1jRg="}},"eG59vnCbJPM3sOVAqu/MFpJAKvqJKLtAxwBY2vwyAjM=":{"valueMac":{"type":"Buffer","data":"CvitMnbc1Qj0WUnv9OemebQ1zqWre8IHICBS/II5IsY="}},"eHoyFgisqXX177b7grmQudneWt5gTrAy4n6U0KjxYrM=":{"valueMac":{"type":"Buffer","data":"F/boMBYgtcXSL5LTqAeQvMN+N0iLCMWN0OGLPF3rWpc="}},"eQWtMCAIPbIvUngzDfGlRaByJ3iQXiNN1/aubqt0/BU=":{"valueMac":{"type":"Buffer","data":"YHVVKN2iftozpGT8AZ5zH7z7fav/qyiEsHITTu2sYEY="}},"eYLrw4vJ5eCY5AufUHiGoAhaAfQZpjXRlP6wz3aQN20=":{"valueMac":{"type":"Buffer","data":"mtUUM8AawPP0FtZclQAgmAAgNVkDHOPFTFo7JQJEQGw="}},"egeh7PYUGII6GUlv+c8EttlZvhHkj8KajCQRxXzff/8=":{"valueMac":{"type":"Buffer","data":"yh8kZX0HAeRRVtkPf/4PXjVLm+3yNwnP4mSG6kHsNC0="}},"et/3qqzaYCp7I370YeWq9j+37XYfhAGr8v9L40CzCaY=":{"valueMac":{"type":"Buffer","data":"aUiWquBqwajUih2vlB5vLQrSsEO+JFCsyO9diVYnNrQ="}},"e5tB9WqTzkTFH1EkHte/crSS0j7xgJE6XGow6xZf4ko=":{"valueMac":{"type":"Buffer","data":"qkm7iVYtbhh4MoUEsJB/xMzu3iq1sKYq4aXhSlgP9Dg="}},"e+/2ip5ds1Yt0K0AqbU8zaadHy52zvfFqkfzfVCvvJo=":{"valueMac":{"type":"Buffer","data":"bxjyh1QLgu/DIIe8D5jhbu26wy6SIimmoddWP9tsjks="}},"e/ncdiLuWR7x5uNW090LdMR3RuIjElmQ+xDbo4upmNI=":{"valueMac":{"type":"Buffer","data":"YedVO8zdJZOd+gRn6pSc1SgSMaZxO4KbAjOFi1LtA/s="}},"fXVQXdZ8vk4zO3+KAQ1cMqo3vbGueyE+im4jzUY1pvg=":{"valueMac":{"type":"Buffer","data":"Ds40aPWN1m/iAI0EFBZJ1QBmN+NBLR8dTLzgwhiRf1g="}},"fXgG7Kq51WikxMsjb98XMJxmE0aXeAAn9BUW6BNS1C8=":{"valueMac":{"type":"Buffer","data":"jsMUBhrNHWlmLKT3NrLpTMeZ9GQSEtMq7mxR4WhXyik="}},"fqslpPRS6JUiW2qArF67MVm1rQtUo6qpyzKs7D/hBNY=":{"valueMac":{"type":"Buffer","data":"fkiVNXeabGkXWHKTmsayjwqgSNT7I/S0CAiTZ7ld9c8="}},"fulh8OfIZn9rqKP1Zw3H6tN6t4JkrTIir5HkhJBBtY8=":{"valueMac":{"type":"Buffer","data":"hIJO1RyYKDxqmg6lS+MMKtaDW4Ipx5JO4OFi0SY7bjg="}},"fyLKUJGGAzpaHhVIo9vvJRTDpACqsxDroycZShsFFrY=":{"valueMac":{"type":"Buffer","data":"vjJTTwGWX+Syz3OmGYVNIHmIcAmKn87yFAzqNmEZITk="}},"f0rlpcF55yVia4+zzIVYgXkF4CPnpzbTyXu5SKRHgSY=":{"valueMac":{"type":"Buffer","data":"6QK5akKLzcQNEBBqEdeQWyHBhbstiPVISMMikF0vfHc="}},"f2RofUF/ckrX0SZiHrBku8m48JEt5MrrV/id82lsUew=":{"valueMac":{"type":"Buffer","data":"PqcMrzM9W/vgW6W5umWnAQjYpv6m51FgbyZnaMwDnG4="}},"f5T5QGnF3/kz3KwMsjmJHxoxdD9mRow8D5w8SwxDFXE=":{"valueMac":{"type":"Buffer","data":"iH9MCUMHmefmPb68kPokNp3sbjPBcIzji3I6ZbbaaIo="}},"f/FvTlPhyPzF2lZc9zurfDAM7d24aCoCdtds8fZLiuQ=":{"valueMac":{"type":"Buffer","data":"+N6nDaBKK8deM9+AemW/Z0GUF9HYJBghj0rZC2hoVtc="}},"f/8rfidzcf4JKxZNy042gJuLXbl7li4OQOQGNCASDzI=":{"valueMac":{"type":"Buffer","data":"CyFZiRtURvU0jCWjR9RFPQpMPec8UBluBypXhBWUr7s="}},"gAVj5STF1IY771+xjPCJgaZoykRh0pz+waBe66ro7s4=":{"valueMac":{"type":"Buffer","data":"C6zVmYCR6JoxuP1T/yW+evHm/DxLAz5DmpOqBC15TbI="}},"gOZ+utW9DUwRMXZo9xNx0KbphXnaMOEjdT7BcdEn3Wo=":{"valueMac":{"type":"Buffer","data":"XMBGzHbo+DG6Kv74CIwC3ICwaSA2k2bMkrBYsM+Lmek="}},"gQqYRBWPmbm2UdA/971Qjejbj2o2lK4AwpBVyQBOfu8=":{"valueMac":{"type":"Buffer","data":"5hwDKiEQITPjuLLdfTAscQef4SHLdNe5/WfTuy7Sl5I="}},"gVk0W1yMnTPjFd1f/fj3YXeNBoNUjEI6jrZazmlE1k4=":{"valueMac":{"type":"Buffer","data":"bF4D9MUIdTourE048JL1DJ5BzAZdOjr3+QbkiJfdCb8="}},"gYL3iPUFekj/77X3MfTEt0q27Z6FwQ1dMviH+DkbB28=":{"valueMac":{"type":"Buffer","data":"lf0potpJMmjANhFuEWeGVILgHLI8U9MGm7aqtBRSRVw="}},"gbsrv1uSqxJfOrcsB9Iy2MeY359LCqWM7Y7cQBtYOOI=":{"valueMac":{"type":"Buffer","data":"1dSAkusoPLZcbGODmK7Sdm579AAF6PNKmJlhBeweI4w="}},"gl1xVXRWx2InC4PAfPss6XqrluFaMeYewe3yWZBYhIw=":{"valueMac":{"type":"Buffer","data":"YZ4mzh6MmpK+Ja5M2KSbHTiV6bYhNBGtf9JjbW2Nr+Y="}},"gpt3Z1iEskdaZ7tGj61mgRIbjTG3ARzRF5Ar5H5Ig1s=":{"valueMac":{"type":"Buffer","data":"SK7oKQmeXtTzkN3EmAVuRFFNXTkBBv87/4Syoe2sWAU="}},"gytR0wtUYvKmkk37PNBa6t9M3Lx1MUm+MIXzC/h7a/s=":{"valueMac":{"type":"Buffer","data":"audeeHzi/x/891DQ4fcZTx9+5vuLVLA1RwjA3OBodHE="}},"gzJkJLqRNpPy7C4MvPJaCLSIRIfvfuWGsIeqGUkGInQ=":{"valueMac":{"type":"Buffer","data":"ZK5ziZa5p6EL9hqSgqABKcdDuxC703dR3pmNpqh+eKw="}},"g4liUwpdSidbaTsz/D1oFj8CstNQh6R2mmKeJhCOPBQ=":{"valueMac":{"type":"Buffer","data":"ulDJ/sn0Twc+tQyxXT0qlk6mhHBTNOUuSstAtWxdT+k="}},"g5v7xW4e9XAJrVn/XApzWG3p9doq4xEsaO3PwdNiZOo=":{"valueMac":{"type":"Buffer","data":"TbSUF5+2pkqNrEJXAfzkMKcs3aEBCEkEdpwEmDCzYvY="}},"hBaLRj95fnk5FdlUYFRHm0ODhFozX5TtR/y6WNmNL2w=":{"valueMac":{"type":"Buffer","data":"Aswppk9iO0PC51LIUGqZbDT69191mG/oDBUk9kFkA0U="}},"hMFpxn5xUBze8WJJ3ydwMKzg324Oxk+46aEGJBqtZZ4=":{"valueMac":{"type":"Buffer","data":"l9+ZlzZupop9swNTD7Dq+FJiR3Z6Sg3mIOn9n5r8gQE="}},"hMdVO+iXBjilBWY37+fQXw9AwpPRW0/6CkC7uO3cODk=":{"valueMac":{"type":"Buffer","data":"HQw4BxOFtKbh3MpqQbTWEm2+Zu+n8nnJxgnCmTcWwYI="}},"hMhwD1w8BtKUcjU6i7KeqY+XODTAb+9DnCrB+PlZdak=":{"valueMac":{"type":"Buffer","data":"SXT+xp0zwx8vreCyjyrnVa+7PSfwEuZdVupqQfe4LR0="}},"hNdqp/vvMjmzv4EP/o2n0cQzNSxRR6VT50B3WZjvAC8=":{"valueMac":{"type":"Buffer","data":"dsCSy9ojmnCssBzGUaR4+OyzhHXvrwL6eyQRTe9YOeg="}},"hT1DoOjqa8/++aGFYX2KudZZJKyadW9Y0bG8vUPV5+M=":{"valueMac":{"type":"Buffer","data":"TMn2Z/BxVSxEP606lZO0oJGA49bdD+7QqNeNEoE/h8w="}},"hkzYsXrcUQfXcsH7r8D2omNpIbHjQuYztsmsTesW3Mo=":{"valueMac":{"type":"Buffer","data":"WyzMpa54dVkuz3zbkHkW2iu9ZYtsgQzH+EXLg1lnE7M="}},"hoV1ONKDZiV3QZtNfo97isvfDNAQuzjQEMH6Uy1v8Fg=":{"valueMac":{"type":"Buffer","data":"tQL9FnaadtP1JNXEUXJJHUZR4QzjDZgiAkgZe9zA8I8="}},"hqQ+lfHByCys79zvtHvH0jnJGsiVs8TxsqCHtmRzkoU=":{"valueMac":{"type":"Buffer","data":"P6NIYQwMm4yjEnl/HL4X9IZwRhgZTqC3e93+hekq68A="}},"hsISJL+A59977U1VzlzBCo98a40WBcIHBbfT46oJNlA=":{"valueMac":{"type":"Buffer","data":"j5dnhWJ66fFyZMAAqCe3Y5VhsxiiKxCyc03nxJjPmYY="}},"huGFxr0LQyFoEG7ncjK3SX2YRp573HuopLu2g0+qexE=":{"valueMac":{"type":"Buffer","data":"qrcALL/VMiXlxH/EGeyl01tdslcW1hANLnfn6TFhFW4="}},"hxX2nssSTNXI4PB9HqfHG/PFQOeBStW74Ez9/v1uBfM=":{"valueMac":{"type":"Buffer","data":"EShJlZh7nTVUT4UvMOR/0p2MgcWqORuAzXLtnIpBNb0="}},"h3R6XsOTb0bdIy8GNlqnaqjJmtp8cEpphwBN41jD8tU=":{"valueMac":{"type":"Buffer","data":"rXyuFWXIvHBRZSI236m66zzuPukkGD0F9yqZIsqj3wk="}},"h8xtlHFG5T5fvPlDDCcurulf7CNfb37pl1R5BNc/l3M=":{"valueMac":{"type":"Buffer","data":"Y/h6+D0uXLs6YV+/5h5cHFVlVC1+78cGolPvpU+LcUc="}},"h9USrOV8Nurv9TF/JHLaP1nNcRP9TfkvGg2DsN6MDf8=":{"valueMac":{"type":"Buffer","data":"V8j786kazJPDHDQ1gsdys3DGN4DP+0zZBFgRE7iituc="}},"iFr/t2Yg/VFuxjItQHWUBc2fI15uBppHqoaIWfe5sPU=":{"valueMac":{"type":"Buffer","data":"Efbp/6ghSFrH94vn3K+5mFsQaKHuoen6x+eAGYJBWHU="}},"iPWi+bAMvolQrbdVbeF0DYobh2o0sO2S8VCdMqy2pnY=":{"valueMac":{"type":"Buffer","data":"8NM3PDDi/cH4LqQJexAlIX7Flx5jiwx5eQlu2prXwd4="}},"iXT4tD0jHKfp4R/iPnxxO85Kbona2t+oNLQMGyVMCU8=":{"valueMac":{"type":"Buffer","data":"CMg03mknuiyefng4XlxGr9ewqu/fhFEaC4kZG6POhfA="}},"ie3zKI69qNJ0LI4hOgQTBbpKq29I17VHM4RN60CQM4Y=":{"valueMac":{"type":"Buffer","data":"sIyYMOEa8r82oVFfy7s1LP+/afT+zktYPZgWSjP+zTQ="}},"iqr9ZvHFwt+E3z6p5oY+XmrHT8AxEimocjVj7idbcnI=":{"valueMac":{"type":"Buffer","data":"9osYTyzAM8L8gqQmJHPyX97iXOBAqN2FFny8GnN+l+I="}},"itDIxJ3ZWtZmKauC+k0QngDiHCetPOhqMdUerw/E8N0=":{"valueMac":{"type":"Buffer","data":"+/nm51tID9cNC+cZ2oenG6uE6BHqXtfK0xrm9G6xHAc="}},"itwF6lHc0B0iiCorWtbfAY2plZbN5dqyIIwUle5++GU=":{"valueMac":{"type":"Buffer","data":"iKfkOXRp2AAdhfEWi1tzSN8R1oCHfw0r7Vi4apewQzM="}},"i0kRZLea8VbuApT9hKek02jrsMqYpyGKU9eAhAVuAXA=":{"valueMac":{"type":"Buffer","data":"Q56VAdIDWPXW6w/S5bCc5FgEjgrywqvNlU0yPw4tMp0="}},"i2M2XVoieN55jsxiZtUi3JrIVVb4ULWQnIaWpF80ISs=":{"valueMac":{"type":"Buffer","data":"M7SiESoiYyMHVvBCpTBXcb/FA8eSGiNYstbPxZckjDU="}},"jVoRXCAP0EGYd+/G22K5rQZTUOKGJTM5ASHHov+sKzE=":{"valueMac":{"type":"Buffer","data":"DKF7r89uwPwLwc3t7P+W0rdHgbRGfc6t94G790TT0w8="}},"jinNjn46R3fTxtYOLfZsPgy/6BIYxSU3mw6ynpYO5Ec=":{"valueMac":{"type":"Buffer","data":"3gZ1Wj5FA2xEbYN+rnCqLj8u+sm7thBBxDVjpOy5ST8="}},"jjo4qo2tEXZnLNM7TDKh+jxj17qMDR5Hev07QB1lCZg=":{"valueMac":{"type":"Buffer","data":"r4CZmWBAk5Qee1sEswY++wMUZXjOjVsj2yQw6RZuezI="}},"kFxTZaJi0OzZ6GqgPGse41mlbilgCZFfGMvNWbBgJxs=":{"valueMac":{"type":"Buffer","data":"2+7yKlx1aD7fMbdmBBEeUJAA45ur5LIjYFuxqaittS4="}},"kN6Y0CK+5FZ1154WW9nH8ZUSoJmcNupBwmCwlW659A0=":{"valueMac":{"type":"Buffer","data":"uaV2suVOJNU96v+j32UIMum5WNa1Vw/3YYMzXOLRa4E="}},"kW9JCTnSpICMwKlnh0B5DoqEtmCknlSX0hGamIkldRE=":{"valueMac":{"type":"Buffer","data":"JMwKvutX9zrn0pX40akC0XcFsl5RhgKfRIU33z2g2LM="}},"kYI0Dle1yp0KtlYZ2KFU00H2kzUrdYSLsE5lTpNi0j4=":{"valueMac":{"type":"Buffer","data":"E0992C4REqzTPWgruv52MB9Sm93nyIWJmHdToPWF3GU="}},"kYMtP6DLWKYbxeX6nC2ZYpXQvxIFdBDE6pJ7txE+9ic=":{"valueMac":{"type":"Buffer","data":"ZLWOXO0YEnEKxXJm73WsZ40QhHjhCqNxiRiVQtXPI5s="}},"kax2hqQsaX/lshU7gFvSNLYYfeBGVQRtvKn1KiV527U=":{"valueMac":{"type":"Buffer","data":"cLB85tyWAsoHu9HWueMSB1nJgn4O4ckLCM8+l5FD/8s="}},"kbA6IlF8FUsVgLlc1Hlr4LVVIxaevMl/BWjMPTx5ZLM=":{"valueMac":{"type":"Buffer","data":"T+ViOxPYDKVWR3ZdOxV3AjfsMMD8+htMlekGFM/HKXc="}},"khZS0TIedyXysiTMWXzgkJ9f4yH31uTU6p9lyUp7flg=":{"valueMac":{"type":"Buffer","data":"NIs7YCLW7SmwACjwb4HMbUh/UOgirx7agZJAwiO5Vww="}},"kiPaDeZ3HBrsTPRRJzs4qcutCoeu2rfrF+C4YgEg6Dg=":{"valueMac":{"type":"Buffer","data":"JrmbqrNx61PamfqQCOU626M5Nu5h5vYQLwysxfHPFY8="}},"kk/nKgukm4uiUcsf+tbHu3Kjm6N+nHpZ6Bcka/YH1dI=":{"valueMac":{"type":"Buffer","data":"/j5nUajFlJjHCdBMzLy8iukvBxEzjwC94D8jM07YQfg="}},"kqExB3+pZxt4+V4ev/Pf1250lJZr+FHy04bjF+5NvVM=":{"valueMac":{"type":"Buffer","data":"VQWRZoEY0v8XrGdzJRMbOGLtYTEwIis4viwoSIK0uzU="}},"k0S/ZHlTBhXz7nqlyXWAQpYou/QPMc0wRC2ZXu3aYpo=":{"valueMac":{"type":"Buffer","data":"fBRO3qFaGstjpBemlB0JNWvl8Lzi/suFEGVesJceCV0="}},"k0xpdSUoyhocXSz9LPpeGK6u7FwJeB5N1sEC8A3UItE=":{"valueMac":{"type":"Buffer","data":"Z+vYNFNRoXMP57HTOIbW83ygJEGIJ/d3hJ/Wuy48CAo="}},"lARBpa/ojgIwFmTjGim51Gydwuk9AXrmws4LRxNp3TM=":{"valueMac":{"type":"Buffer","data":"WBC0ARnallFy22xbcVIx+0Ujxo/jn+Rm2Bn7AKyIXhc="}},"lCiN7pEWzJynNaRFvkPFeqIHrlBTPqCeaFpMI/YYk1M=":{"valueMac":{"type":"Buffer","data":"khd8ynhzDbxlMzTxfEDVj4iKMPIT6cDLvoRBs5rBNUw="}},"lHtf2mtxdT1/8D6N+6S4w4+yuRl7BB4A5wOW7oueXIk=":{"valueMac":{"type":"Buffer","data":"H5V3lojMrB0zBLyQHFEoUfWiNqNg95RYHOXznXIpF0M="}},"lIirdKp3OeBkF9AAjQnOEK/dpjo32914SHYKc2WMF74=":{"valueMac":{"type":"Buffer","data":"OZLSWdzc4JbsZ+GmGZpotYE8tdA0ZgOaXnYrcNBALhs="}},"lKmLFS+XuyULXP4BSkFBZR+9y6mp/Eapma3IDhlxHdY=":{"valueMac":{"type":"Buffer","data":"g/4yu7EG+WYcnlh+2opguvluCrUH03eW+yUAWYIG31s="}},"lM5VicdZ7dPKYYIuHybitWKOAPIo/mEZdqiWGfdjr5U=":{"valueMac":{"type":"Buffer","data":"HgUqMIrfyYJDyPpPiV0ffBrtYN7yD7mcp+FsjynhBF0="}},"lVvwRFCYGkW4ZYXyIyJZe/MbDVy688peCab5uqOHcdY=":{"valueMac":{"type":"Buffer","data":"wSMeDpYFNjBdYeHjpti9Eq/Qq+F9n5eSV4tD+y7eaOQ="}},"lXUgYD+rSEZXY6aw7NXO4ZIVQMPfr/oVVT+pbTY5If0=":{"valueMac":{"type":"Buffer","data":"4nfK77aDvGu8+tKj6pZd9VDN9f4ZNXsptuBqlMxvnxo="}},"lZpCYYvwjnwVadnYtDAKKfUej9HNbKg36fM2+n2TCyI=":{"valueMac":{"type":"Buffer","data":"oeVkepG7d5Ee9z3zQ2948cJEFSgDKq9ERWVVhZRL0vg="}},"laAcAgP3++f8L9dliI9vAn+OhI+tEoWFrFCIjXA0Sh0=":{"valueMac":{"type":"Buffer","data":"Zss3LlI2c2tnW20DlLefTEIfLV3mPhFEgMhBEBvuBg0="}},"lfhKaq4caE47JDHO3aN4xA9YZCH1MYywReAQuuTi/to=":{"valueMac":{"type":"Buffer","data":"7SbCtD/EKcdTaZUtVAi1Y1QHT1UI+lvUEEHYSCmPZpg="}},"lgX671DURI4GOuKb07Xn89I2R7fFNABwceILjj2Ch7g=":{"valueMac":{"type":"Buffer","data":"m4ehsBzmO6HaDy72DPpVFKPFNy2rEL4dmeXGLJEnZ0k="}},"lh3g46gcHMABi/17mL3ehGjiwQejNTXK5IZ3y27h+f4=":{"valueMac":{"type":"Buffer","data":"B9doatXFCpZYdMFtZVgUB/Z0W1nKktcSgEYKJouzZAQ="}},"lltRAK2CRajSV/wUa+C+BVV/6mww5ALyL2UKwSAH0As=":{"valueMac":{"type":"Buffer","data":"Tzl0upfRzvyw1+dt1BXce950Z/RAsjpMAEyphzLe5lA="}},"mGLNDHGJNf+pojCO7XKRvvRZxMYBsSbOcny9oqeV+Vw=":{"valueMac":{"type":"Buffer","data":"kVzkoGYYi/an+XCkE93l1JIiyVuzjsVWupG0gyGabbw="}},"mVjzWJegAvCbTXrcnQVUf/dj/jt8pVYdj4BI8H+LNkA=":{"valueMac":{"type":"Buffer","data":"+AXiaGb8ZV4OEwsdWb5IzLJa++UvZA+8bT/sbu1mb4A="}},"mftRVshvYcnwhXhU0ZauCNI5JOIW2CmOc4O9i34GN0M=":{"valueMac":{"type":"Buffer","data":"izLjRTrNWxh9sh5sETpGcDvff/0qTBGgsU39JGs3FHk="}},"my7dp48+NU9BmLI3SLrGDCzv/ctmKl/a+Xy8UMbs8QA=":{"valueMac":{"type":"Buffer","data":"pdywFxXzma9972XT4BDHslMWihVzNEU2P/V48rmrXX4="}},"mzqWyD543QQbbYUf/9ZHcUFOpNsY3MW5EBkLSzesxS4=":{"valueMac":{"type":"Buffer","data":"ls0lJ12qJgivGck9tuYuwrx2A1T3QkeGw9WAa+3tJ6U="}},"m7IARhUSrgn15WUxsLF57LUedmfcj46n7pRhGUqCPP0=":{"valueMac":{"type":"Buffer","data":"O8b2ooo2EQ6vohOkxcrAu13JONedD2jFoAThlrZC2Ac="}},"nTwq8B+Tm+eEWbS5VBqTkrz5AHAXCVwKqaPqpoGghMA=":{"valueMac":{"type":"Buffer","data":"vWbcAeYjV9aYNGXukqzE+TmcBtHSjnv8nz8RVlC/Rdc="}},"nhPzfPcVGR0xP7AjH6CdcsdBdD6CWiaOm6SukB7fUVw=":{"valueMac":{"type":"Buffer","data":"KDAafsOSRQMuH59T4WJrWK2f8+H/0nnzYqQMpe6d+hU="}},"nmQYwYP8TTZWzA2IOde6zo+GRSpUUrVdCLwnbGlE8Cg=":{"valueMac":{"type":"Buffer","data":"bc1ciiPWj7zLvWmpXsj2p/ZA8UD3GYxtJzkn2Zo9Ujs="}},"nzv552jsRHoU++vnOmUdae+6J36eG5UWedTfIhl76eo=":{"valueMac":{"type":"Buffer","data":"uRTPM+8SlyuAT8v3JYnAfFSvUWbVlwTzCldWXN/gv/0="}},"n7UMsc9VNnmhHJ2iYyWILi/qpWxGmYfNd29ju8RXYOs=":{"valueMac":{"type":"Buffer","data":"WSuwSLv5/KBRbynoCVCOmrxRs7kAoN/JNcLVP21A2xY="}},"oE3VqBLzvrqya8ajQ4WRECYEK15HJ0gp4xIkiYLl22I=":{"valueMac":{"type":"Buffer","data":"SSw04SRYVgigiB11wLJbYAlBWmjYa6hitSyUnYYIopA="}},"oRUCXmJYScuv264Pvar/CqJbA8eWhMC5p0QiGiqlrfQ=":{"valueMac":{"type":"Buffer","data":"4nI+XIJqa+gW27zl0Qk3czCxD6lT86/m0rc3Lil/B0Y="}},"oR4E9VwaXzxp1xOxJhpqZuNpGivoc0j8X5Co/7Lk+w0=":{"valueMac":{"type":"Buffer","data":"QHPbrMd8ugGueff35AkD7o5PvporCpEivx/6aCUo/EM="}},"oYMR8FxHGdxRmwySipOe5Spm0uRGU2JSzQDpfgPw8YE=":{"valueMac":{"type":"Buffer","data":"HVOz3Y962OsZwGcnRWvUjizyxbD6BuUdM2ffFNZy2HQ="}},"oZSKXWOGzjusDr7cin8rCmmHYpWDV6/CPG7ywDhm1b4=":{"valueMac":{"type":"Buffer","data":"puxeW0Im5bSQgT61optcfBetB1MDBmIUZpARyk97F1M="}},"oqjB1GPXdosZvH4O15/YLOq66MkMGg7K6Y6ZXnAJedE=":{"valueMac":{"type":"Buffer","data":"9ZWAJ8sEVASb34hrggZpKd9tHuEDi8t8qpuuKSQo6IU="}},"o8zoWstkbYmqldqNl6C611nM7GfNm92WzX1tALIpQ+A=":{"valueMac":{"type":"Buffer","data":"yTfieyHtby9pfTXpgpkqghJHaPVZgHJq4EuSKK1s9Q4="}},"o+kWKYx15IVE1YzGe1uBuBb867nQT2RV7EA5C6N5jJY=":{"valueMac":{"type":"Buffer","data":"ELXhWWckjqTE4WhopnWks6mmComhd6z/2lBifTWi2rY="}},"pB+L3uo6zk2RR4FMAC3RSLUJ7CFxrP/CiL8Afuztm+4=":{"valueMac":{"type":"Buffer","data":"rooG5m29AvNzDx3tODKVyTT5JXg+Il0eEFMZh7jPqQo="}},"pPPyCZg4z2DrM5Z5q34T08ay6M77iNYYi8YFhm5IlZY=":{"valueMac":{"type":"Buffer","data":"pjqJrW5S5MZtVUNvgbnmDrSjNQQsVM1dKF4mh/nKEi0="}},"pPe1zOeib87oeawkIY7NqVhD+7NQIIF2URKyp0rD9Yo=":{"valueMac":{"type":"Buffer","data":"6pRmaZ3aTColyi7HQSIwHAI+ZOnUxePPnNph74F4a8M="}},"pR7X28NeAeaFTw4Jkb4EgJb/cLQoydyFx6ua68xvvRQ=":{"valueMac":{"type":"Buffer","data":"HCt9szyAHyqG7i1/dSvlUK2A60V6DtQtqpMYaedhsxo="}},"pi02xtlEKkt5SSPyQhJi7sIzXvYXmQzhMk7gGZwgmQA=":{"valueMac":{"type":"Buffer","data":"voIYD7zUzamInGu4Mlacgf0R7y1epvRRQhrUgVI3mm4="}},"po2Q2l6R7fo3XZJ/r+DWL4DXACyp5+/kzckrsnzGIvM=":{"valueMac":{"type":"Buffer","data":"NxyvNFy6roikCrhsc6HDV3W4MFHrEOVWgAcd1+1PGLc="}},"psslcwi67bieCOq8JrX5tPL64qVIey6FeoLQyypAdMU=":{"valueMac":{"type":"Buffer","data":"BuUAx1JPdy1HmsFmU3/Ywo8YC55W4nnxWLKmwLhFXPQ="}},"p4VlBTq+BB76jbHewdbr4SY0HPFj/M5WqCw8HPbUz9s=":{"valueMac":{"type":"Buffer","data":"2LH2JThUvHmJk9eli4HHCD9BQVCq9/S7QbnhdZx1mi8="}},"p7iP7lpKFOllCe9IFOrF5EJkuEBY7BcjqWBUYI4tM1I=":{"valueMac":{"type":"Buffer","data":"5KipUYWwLzz21Yzeh9XzXo2Sf5Yc8C/DhjarI2WICno="}},"qQ5s/SKlMMMhQnu+Sn28mScR5WGAdgCQkRBx4s+Oe2I=":{"valueMac":{"type":"Buffer","data":"DljfGxiOB0oOEGqhKOFZzzsgmeER/p139vrpYfk5+d0="}},"qU1Y0VPBu2j4pVV6+iYsEYLPb1CqBrDYgxxTCT8Dp0w=":{"valueMac":{"type":"Buffer","data":"Gnjnz8XpHeWH8tbW+Yn6t2TlpdnuOXx77eX5aZUiNmg="}},"qXV2o3Is2VZuNvtv0QsN/zLs0NK5HSdsr/Emb5tTIOM=":{"valueMac":{"type":"Buffer","data":"zIK6qcR/pMmhHkjH2f/Ed64SDG82LKUhTbazPe3vo8I="}},"qcaCNfqby9BMhWC1XQsRFvDTq92vpdMPS5uoE+AK2mA=":{"valueMac":{"type":"Buffer","data":"KvVv4FQiesw+nCaLKshLpbDx3DYVNXkdLCXsSHKvILE="}},"qlVX1ipIgrrm1Xk47A0PVqWB/CTjfJldMtvzvuvyBcE=":{"valueMac":{"type":"Buffer","data":"SotR65UXNEOyFsDR85OYHKXkLYR/xnWOZx1mmvJvqh8="}},"qrj+DQn9reHOUOasAdDaIQS3bx7nu9eFYzfNjyl6XHk=":{"valueMac":{"type":"Buffer","data":"eYxH8vU2H//30Wh75GFPLZQgCkZ8jPdzvZUAXHNTO8o="}},"qxc4812HsH+jJ6QIpAAsCvIywwXcGkdx/2pnhwIPy/E=":{"valueMac":{"type":"Buffer","data":"tmbbyCxNXwUfRIZgpOYtlDE/o1BtdGHT6mMWb7Umjo0="}},"rQhRuFL5l3YhKcTqHIZEtfOy+BBA9tK6DYlTZ5qfIy4=":{"valueMac":{"type":"Buffer","data":"z5n+/sAZq08WDej/kmQkw87HV0tm/o/rE2mOAzSc600="}},"rVfV3RJxponkfFuu0N0u4yHAAXWBrdJkD1ru/OznaS0=":{"valueMac":{"type":"Buffer","data":"D64XL7iKSYVUvCJzuywLlcgll/uGFmILvd30Nc9d3Ts="}},"rWgqSPe95VPMen8GrY2oOJOwHp7w87cxycQF1pB7ct0=":{"valueMac":{"type":"Buffer","data":"QTdtN6cLsNzYtx4hog44072dRlLBzhIxKpUekhLpQHY="}},"rbfPqG7WOY8un+hdR0Y5cFaXEaIe46f3ZlkrPNVcQX0=":{"valueMac":{"type":"Buffer","data":"DskvE0mTA7TWDbeJsYQlxcANxENNPbs3aQwGc6iRMsQ="}},"riGBCv5IXssWVV/QSWWSVuso1LaIglfU3R4quFb4Y6M=":{"valueMac":{"type":"Buffer","data":"o+a8rdw3WrL3MrPS6MJUwct0fAd1HgyvfuPw5rLyVM0="}},"rjcgbBR7SIn6TZaJRhTDjbtO13Yw1mVbMMbqRw+b7P0=":{"valueMac":{"type":"Buffer","data":"m524UB94veOMufqrdoqRPcPOpYW581gHBm1YuGdhhqw="}},"rwxjImnFTRtyDPuLNoDUgfWYp2r0TtynOvTWuAwhB3M=":{"valueMac":{"type":"Buffer","data":"9vkHXKTpF/WeSOkFwHu0TBRXJbQ4xf/KDVweEX/ZkQE="}},"r/lI+uAX/LDsHY+EZpG+WpHt5X1wC0JBosXMo3DNHbw=":{"valueMac":{"type":"Buffer","data":"ScTdSOAdwIkqSpddllIEmBgsDvUrsKVlrjo4IRgFJDA="}},"sDV1OLVN/mxe9o5pDOEob2ADAQw8eYJKASJkKorGcKA=":{"valueMac":{"type":"Buffer","data":"jrmZIfkb/NG5b0UIcCRp1Vgz3W6+MOCzpYZZ81t5OlI="}},"sEhj4iQobER5n6y+p+iEueut+nSPdnIZ+xwbAa3Qc3o=":{"valueMac":{"type":"Buffer","data":"2ammwO19E75NWmqNd2KUiM15biSGtFStQydK6HEA/KI="}},"sK0fQN11IE+prPW1wGnbEpBbryjBfXAm5Hd+ZD9h9js=":{"valueMac":{"type":"Buffer","data":"sqMcJTa/cvxv6sYiLyAZ1IF4vDcLCq7mmu5PtBqMGP8="}},"sV4zpkgZgBNuNGYmR76XNn5VFEqDyl3rI7T88EdmCk4=":{"valueMac":{"type":"Buffer","data":"PccONk1eHcsLWIEbNJE+fZIOeFyb6iKplGgmIGQ69DA="}},"seGJD+Tg4FqiNAco80GCGAhmu97MjSXjSSnGT4yhJDE=":{"valueMac":{"type":"Buffer","data":"iI6ZlhuJALCQkPzKDHByhNlttxJCE0SMfwgOSvFnYlU="}},"skP+DNZ7pJX67lksshOCY6LdSQ61GdDS4t9/ngTIMFA=":{"valueMac":{"type":"Buffer","data":"AGMFPNY7C/qry7aMLcr3KnH5UEhc53p0KP1MDrbHtYg="}},"su7fFmLhdJ9gNDSTl7WVbaFwMlcKi2GvA5JnjkNec7A=":{"valueMac":{"type":"Buffer","data":"yMQ9M760pUSDWEEttukvqAIZssPN/3CzJV2U4jOf0rs="}},"sxpz4ZFYEBTRI6XgrBlrPwJchjavm2ytJqmYXodTrmw=":{"valueMac":{"type":"Buffer","data":"ESFqzYaeLyTuKzgOwdDjRtCzmHR9U03DkDG8UMZpV8Y="}},"s0aneayJQhldmApJpASIf/UBmcFGDfi9O9msyKRBUM0=":{"valueMac":{"type":"Buffer","data":"s+hZRpjnYtgTs2JE3jHasR7Yp/TQDplCV6El3gtF/RM="}},"s/38UsN2+Lrn1H3IE8qbOTyys9Qf8KiB5YU7X+BAQeY=":{"valueMac":{"type":"Buffer","data":"+7zYxvaxMJVferL+KNVpWtE6a4WY7GuZ2ZjN3asUDjY="}},"tBG5hz/bvnQyqe7JUz9GgJXm5ELrJvaFzlg4kwPGMZY=":{"valueMac":{"type":"Buffer","data":"dksrkZUn2jJqltbQqkYzBtiYswcMd+VBX0M1fbxVc5I="}},"tE1ROO8kkrE7ImPMz3LxdduzDT33v6P+aM4o1p3vebE=":{"valueMac":{"type":"Buffer","data":"IMzMbnvsgUCfOma+zd42TMzUUInPztp7voJ3fQx+YcA="}},"tH091RtF2UTNz0ul9P/0PYvhLOgk9+UgwCqPEQ1Jcwg=":{"valueMac":{"type":"Buffer","data":"3vhbE+Tmp3CEH1lj/RxkjMFAqlXFPmHWDK7rX/TdEQc="}},"tQKUGbZmaZVR0nZyCCu6bsJpl3KxRCIqcMOqKtIu7gQ=":{"valueMac":{"type":"Buffer","data":"6sR9ZPdLpaSGJBR0PhlL3kum5UhR22JHAGGAbBcpR9A="}},"tbV94o9Xi38g/Ln57saZgLAGSzoeje+lngvGtcAMIaw=":{"valueMac":{"type":"Buffer","data":"Xuq/udfs96aesTd6RWYcK9qHDmF9a9nEtAidggDroaI="}},"tet54UtJFqj8mKaLbBlE8vyAAA4Hvvr42GCwrTcfRPc=":{"valueMac":{"type":"Buffer","data":"jbgl3eaCy7AS/+zIhTwW0hdp6olJ9lA190yx9UL8228="}},"tf6fAccmJ/9dXLfp3oFZvx6uN/rP29JXYbD8qyxCe2k=":{"valueMac":{"type":"Buffer","data":"05T13dw5sv+d/+lmZEujGARJkY3yYVto0JYWTV3QueI="}},"tm5sOz0XhmHnsBOpZyFQcI0FQ3/Ndz7S+te3h/Vr4+s=":{"valueMac":{"type":"Buffer","data":"w16oYMTWtfgt297C847bOscr1YsI6iMqN/3OLFOqSlc="}},"tuyLYp7mZlqZmY+4sCHVm+oDPf2FAjqUdxYTsVkKApI=":{"valueMac":{"type":"Buffer","data":"tCyD641Rs7dgByad4bnFim9z5zM2epUuiFrLOYL3fdg="}},"twV78m2+Ftid+OhbLTJJIKXJZla7NrrlmxXT/x6yvC0=":{"valueMac":{"type":"Buffer","data":"wQXtBvWBcL6k7Qlq04CwQuDMImEeuxv8mJ5v1QoUEOM="}},"tyJevCMZx1bzWhR6EkHb0VaoFlF9jpKVzBT1hd84ZHo=":{"valueMac":{"type":"Buffer","data":"OxNwmA/8x3zyVDttdpi66XjBXAisPnf12EvqI4MEZkw="}},"t8OrdKAFvBmivBS6ucol+3WyJj1I68bwKEyPD/0APNk=":{"valueMac":{"type":"Buffer","data":"M87yFH/QBfe9j+WnyxdPkmyvZE4FbALdQQ60W4FTjgk="}},"t/y/VHI39gFmlJf4m+kzx9s9QpSs+RiL5MiJVy0LChE=":{"valueMac":{"type":"Buffer","data":"u9MEZ3845wBLNI1+K9MxMOZmD1UGqp65wZNXlTPQ62E="}},"uDGCwJScg1DdMVqseWUnjAyBSRC4cfbvRwyg8X+mqIw=":{"valueMac":{"type":"Buffer","data":"X5/W2SW8R6lI17ophmfNTOHe5IgJu+SzSQxMMO5rDz0="}},"uD2K+6H/1X27SEVklt1nwOM0eVcETb2zCLk9UQjoODQ=":{"valueMac":{"type":"Buffer","data":"7XabnP/DpLvpuX+nJsVgoAfo3o2nOQk4urjG58bK/v0="}},"uKViHAAW0S18+9RC75elhlur0vAOPE0MDxXFyGyGqzw=":{"valueMac":{"type":"Buffer","data":"T3bq13No2zBC8mfF9GzCJjQwba6JjvyBNDbUpJ+YcR4="}},"uN1xR8PToJY8fqLa7qT2Ifpj51GNGQoCrZBOik9XWs8=":{"valueMac":{"type":"Buffer","data":"Fs26j6x7mZOGdUuQ6uWT+Qsg1I+8jR1Ac1upQ5PmxoY="}},"ucPCcv8y2d63XMz1RcRffnzyqJthmGTj6PW6lnqb0BY=":{"valueMac":{"type":"Buffer","data":"vBN0PQLyO2zikKZ6fAEjrId/Hbck8eJ4+OjIY8qcblQ="}},"udxbLwiFC3NYF2KmOGXYnIil+gIW1X9KAzpa5nMAXW0=":{"valueMac":{"type":"Buffer","data":"T1zq+r8jmk7+J6g/YUuZ61P8s1Zf6JtI2CyS5kUKNuo="}},"ud1/chlGfbC9G1axXjof3bi03WSFzRBQsNWYLQ0z2iI=":{"valueMac":{"type":"Buffer","data":"nnhi4Y/Z6zh+1BKHU/APdu5U/ycdDjRCfFG2TkILGws="}},"ujSAuPUwU4yuLVPlUwOWua5ddmFOupWykkSDYFE5ipA=":{"valueMac":{"type":"Buffer","data":"Qr/rCr0Z6H929NTxzZc+amhcPyM2axHf2DH0NYHmTgY="}},"urjSf3SUNU9PD8UtLVOUOLRzki0qbEyeCimq7SGy2vM=":{"valueMac":{"type":"Buffer","data":"CpeYxkDtmNi6pO+NQestS1ZHJYd6Qgfsj05NogX8IiE="}},"u2JPPH2k64KmcMvUzndR3COUBlruAYI0FlPnKOO44ps=":{"valueMac":{"type":"Buffer","data":"XWNB6Jz2pFkdFUs1izLQJwvmvyEq1pgBeFfp0UZRAVg="}},"u3p3VgawqjfwEZcKjhPb0A46jc/qCr+hE+ea0KCh7B0=":{"valueMac":{"type":"Buffer","data":"1jJ1LlZ9gKv3WyH1uhIlyMhSTkz03ZEMXrO9QkoHfLY="}},"u6l4xxWbmo9wtZuYzPZxT77rnz61a1Gnijgpi6Kr3Yw=":{"valueMac":{"type":"Buffer","data":"XNzOmfC+/ejA+I/9+NwzqyImST+SSLuhvw8vbxubTSs="}},"vBFuxhjfSndg33qeyAHkL6WcGPckaQo/Dq2yPYQZquw=":{"valueMac":{"type":"Buffer","data":"nhiyBe0GWnF/3k87inGAUP4ZFj5mKoKiq56wOyP9IB0="}},"vFaj0h4cpvcKw+RcVlZUnOD3GDad0ML0abQ/wq6r/vg=":{"valueMac":{"type":"Buffer","data":"6DkPvONPwVOAy+kvA2JkYQVYGMuc0B1eCj/a/GOmBHY="}},"vJm5NnukOe/3RR7IwXAuEJSJxEbrpnRlyXJENvxiaLY=":{"valueMac":{"type":"Buffer","data":"9n103QINl/i4cWRvFTA8v7lW0DphBnSQyL+dTF56KT0="}},"vQsBJvKEJr3OIEYn/+JwCWKQVm5IrbY/a/iCk1+rtrQ=":{"valueMac":{"type":"Buffer","data":"Kh2TfsnUmOOdj3xw8KuR1EfLacY2FFEerpNn2dMhHdo="}},"vVe3ZHXEP4yBB7AfP2d14dJEoqWs2UIzPLnwII4Txz4=":{"valueMac":{"type":"Buffer","data":"ZShiZ90a9XAK+GPZAzx9eCNfyJCco2T9cO2LuUrMGJ0="}},"vh3RP5KnlSH4A/bp145CofigNTWBvRfYEg0UFnfDyCM=":{"valueMac":{"type":"Buffer","data":"iverNdnmgwsGSxxknMOa1CBwcZHxaRezfLkoYaJTUVU="}},"vjZpJW0119vixDOCiIW77Q7LaAn2dn3S9SKwRI2cIKA=":{"valueMac":{"type":"Buffer","data":"GQOhVXJyXJZwphKuqkHp3qAl4KoZ8BgD6cWe18/YLlE="}},"v5pfY++App6VJIlwMtf/ZebHYp2hAtuFATvcXfaC970=":{"valueMac":{"type":"Buffer","data":"6qY8HqSYwZBHPo/UTmfuqDfPQ22JjQBQ295nfMZcagU="}},"v7O3FqFwVUAk1b3J2OBJoCrybl8bSgeI26p3CyVBo0g=":{"valueMac":{"type":"Buffer","data":"nTKsj8eiyNakOz9D5/UTH05lZ1dMEeDXezIT0+3sexo="}},"wIVvgp51Fu6iOcWM9OEEP8Fi8dd4RJGBgrxz1jHpmWM=":{"valueMac":{"type":"Buffer","data":"31Woz7f1DYS2gK/DEYKqRoSlADd6OVeR5GEV9+Lp+pw="}},"wIjZp6GE+xdw9avd5hxpTRQ1hCyaUBzceTXZpKCpWQk=":{"valueMac":{"type":"Buffer","data":"molRZNzQMnejYQ5E+grHMEkR6W4Uu1xbPG9DYeDZ/Ds="}},"wI0kovcNfi2FBzL/C1DYe8uyjdqWWmHtGbgipmXm/lg=":{"valueMac":{"type":"Buffer","data":"UIHwNb5TROTv+93xmVlNFU3pAB34S/hDZv1Sao8WsOM="}},"wa2eJf85w8nG6Ikni5q153SxCSBAwjw6vdPe9CueJMA=":{"valueMac":{"type":"Buffer","data":"8YCbuVFrHYub1ObxVwEsRfFkPWvkAJBnwroAxRaTuQY="}},"wiT5s4OS+8MnsW7LGRgZWapdFyPEZzB0zj08gxSoQ98=":{"valueMac":{"type":"Buffer","data":"e2hc9pzPxHsKQvHisggZygfFoWl451vMiwGvuOBHNSs="}},"wwhFDdp/eLN9N0wAGuMQXKbHEdVDEknWIclPAiS3bnQ=":{"valueMac":{"type":"Buffer","data":"NCw4Wjm3cfxUGC5ReLvxUYxNBYQCHH45TSQwd1sHieQ="}},"w4ZmDjyXMLjJ8QYYVe6V4qkIfQIn03fGg5RIMvjWUqk=":{"valueMac":{"type":"Buffer","data":"p1M1FzTBENTyeGc2DYOKpiTwFSznDGxTwhzA+0E8bgw="}},"xAMaEqnLVbk0t5UXsQnlv9TT+J6JJTSU1OY1lJgXs3E=":{"valueMac":{"type":"Buffer","data":"sVsHey6/L9S+apwTwXhs+yVa9eNrK9jTicv/aMncByg="}},"xBjKL79vZfKQ12c6ryvTZNhQuCeZbC/ylassO9U+qYs=":{"valueMac":{"type":"Buffer","data":"WyKECRmAsNb1+LaQ9iA33KBut3a+dL8RwREDQMIfscI="}},"xEDtou7cu6TH1Muz4dompXBl0p+XTuabRKK73Nf+mIw=":{"valueMac":{"type":"Buffer","data":"zobAHCCko4Uj9OSuIOfymJ3ULaW8K5p5VVpMHrDcZog="}},"xZ5jezpxfcR9iHMEqIuvEiZWe6c9TXL1s4PiP/vQf3A=":{"valueMac":{"type":"Buffer","data":"KBUy35e5WFkFY4WDEDmIpZcHGLoG5Bcu5lecnqrs9pM="}},"xeqvLiVgA2p0FNYbO7ZWJmX9zJgn2S6XuqfAmcEeUXs=":{"valueMac":{"type":"Buffer","data":"6khABPIJxImExJvGsDqWeuC81g4gC1lo/TI10/0tFm4="}},"xnR0xJGKhIDAMDn7obeI7TQTEkIKOOavWrYtZDsbKa0=":{"valueMac":{"type":"Buffer","data":"AxZSai7zDdeF3ZTn4aDMpKa3K+9lxNTBTp/SY6P62+M="}},"xod36NPN6nd/SCuZw178/FTJ24+Z+xmA+azaj4SlKsw=":{"valueMac":{"type":"Buffer","data":"X3zOO5mHqoRRkUoQaKEhyyEbVQx2AFE9d4BmMR5f1BE="}},"xo1Z2p6R5fvwgnv52h2+uGAYsw/Yoz5rsQOMTooTNlk=":{"valueMac":{"type":"Buffer","data":"oo2wD1DCTBLGfa30qxK1AHpgCFT9KdVk5Do1YchdX6s="}},"xsNyhxGQI/bMmXXMAweeLFSOHFwerO/sI0ym69VpTMc=":{"valueMac":{"type":"Buffer","data":"WrRGRH8CQPSRYPi1kazF9hbKAA/v4h8ipbAIJKnKsGc="}},"x5F+UOdR3fB7ZA2ZiwrfyKAtuBiD67PyAzMUmfDRaaU=":{"valueMac":{"type":"Buffer","data":"QkxcXiObU6ZIPC7/RGs6uqV5OOsgMP8rZKHvZN99/UI="}},"yJRBXLmK1w0BzgbVH6xp7JZrhGgpIK29aC700ITbf6o=":{"valueMac":{"type":"Buffer","data":"j1nc0j3aI2b9NECuVoOL915b2Oc1kSRgwuVGo9zx3RA="}},"yN/AMJknDGiFNOhxlJbXEruRkxN+iSZqwt8BLLjMyjo=":{"valueMac":{"type":"Buffer","data":"89U0Dohdxw2X9+hH83ubYI6XPdib5YjdLK7o8EpEAMI="}},"yOLfEkcNwNbztq8h3A7QBoIaH5ORq5qaavCbKe30Hpw=":{"valueMac":{"type":"Buffer","data":"+CvbkSskWo8/OFkIDlp8SNbTHEdoPnO3O3jAgmVuCuM="}},"yOnJOeW4Of2PqQoFcmss8lqco8BVqN+Q5HfmazWx+zY=":{"valueMac":{"type":"Buffer","data":"hSGHPhh+K0nEmvAOoeGf18FUrl7shHBxYirdwsBRvPg="}},"ySp40U3aqsfekQedKlESXpuX4B1K79gqYkmUCZ8HoGA=":{"valueMac":{"type":"Buffer","data":"lzXroGa0QNVsVrMMxbMBEhGg4Ua2CZwwFY6/dF21aNk="}},"yZM50040/QozPjwTFvvbVEzJrtfTUFpSg0tVSKDdf0U=":{"valueMac":{"type":"Buffer","data":"iRXf/HyPPTexDNLiPnuYM+MuTwg1ArDqGbjMODEAQ6Q="}},"ybjS2IUA1qm/WkMY9OthcDMc2yCjS/ILEfjWsPFZXXo=":{"valueMac":{"type":"Buffer","data":"npkqEoH7R2utXw1fWKiG8WVrLKEHXi7WeBARp0ioZBg="}},"yky1oAwIKKuRoA/Q0Qh3KxTK9/EJaaaipPNcN7U0bM8=":{"valueMac":{"type":"Buffer","data":"Ob14Cw8i7GiJgzHDZB8V3X+0gBscl4zeHR4xTsCaH/w="}},"yo1MmwbExCMcx2hKXItWtUAGBnWdSKk2aVR6HX/RsBI=":{"valueMac":{"type":"Buffer","data":"mWmw6k06NdAqGIUb1KCJ6QfRWomaTWKds1XE/Y8mEYY="}},"ypULQbdLSlkPGaeTgYWfLmuB/cenVTzaJ7iUvFYzFIQ=":{"valueMac":{"type":"Buffer","data":"d3YnTV3LotG/9vcMfChOQQfbs+76DdMXqJRgD6xtfAc="}},"yw4a3YvJnChz04T+HP3GB/jHLcwEnAMhO3zwvhlVZfs=":{"valueMac":{"type":"Buffer","data":"yfWkMYDSlfO1TONFAF88OEKCI+ELBsvuQgsr8XqTqkI="}},"y65UwgzlSJhrd8jjUZ35tlwr5pLcHpqRGCrUgIPHhp4=":{"valueMac":{"type":"Buffer","data":"8DjW+yqWigaqUaiDsN0J9juTzsrSqtODZstpUPWyYx4="}},"y9RBhQ8ztsvDSwzBCoX5k25jNR/bj7P18ncvOwCgVaI=":{"valueMac":{"type":"Buffer","data":"0HU85t2Ee6EbXoQlfzD+yyVroK35YCvQQtFbksv2QHs="}},"zONEvvdzdFoYUgQbs4WZzyZq1CdO/gmWTr4Nq5h1DhY=":{"valueMac":{"type":"Buffer","data":"86LHeRCFqKUpOew5ThiRqlMpXyK/EBr+PHg273XIWNo="}},"zYh961gf7utcF17RMwLD6PpU5Cn5liGTGiTx6bEL5FU=":{"valueMac":{"type":"Buffer","data":"S09Rc3XPF8eUQHXGjyATANzjpa0b9jl03X9Rx/ufQXc="}},"zd83hgYJjE2Q7tnwGnaiQIZkQcU8FUvUJQ2YMOvnxhM=":{"valueMac":{"type":"Buffer","data":"pzdB6Zm3wU56z3vdbcqxVZBctiB0GIXfvxm9VJNiCQ8="}},"zgxmmrXACo0rQIuHarXw2SWHeJIH14X6bX2Ds7GQmqc=":{"valueMac":{"type":"Buffer","data":"DApJWN7Bjn0UmbcPqaMiLrGCyPJlWIHKRv2kbUYq8xk="}},"zmySZhuDHsn3FngujcgfbIBQOMf0JzUQpgr6yMTpMFM=":{"valueMac":{"type":"Buffer","data":"oqlIKQ0xmqqb7CHLXafPYRRnl6O+aX327EduRFaUCe0="}},"0MhKT2iLTywm2+KM1Mn0PPp1cuH7m9dn/cOfysjgh4I=":{"valueMac":{"type":"Buffer","data":"KVWAzyaZ8OFkHVfCPD70JlkdxaJm1SqgsFdI+BIfV5I="}},"0PolxPSN0dAYCFYFT+I97Odk+AqrLdIoKP8sp9ASxPE=":{"valueMac":{"type":"Buffer","data":"gk1gNNFIISZNEUv8FuNocVfPLoTzAt6okyRqC1zYZMY="}},"0P4MIFuCt9bN4W/djRXsxKLXD72ePi1uJkUmFE8pAWg=":{"valueMac":{"type":"Buffer","data":"NA83EfzoN8DB5N1Kdi7DNVz8ydIH2GstUu6Hx2hjW4Q="}},"0SNbegEbb6FUVVAQco6tTW6+tfVSo0GnGQkuNELYiyc=":{"valueMac":{"type":"Buffer","data":"FtAMR4IK8VrBb0xpCzxbMhhZguWEY7h6kXaRBcxjM/U="}},"0iwAZ+YkOQKoR7JY8hf152QzdeNebTGplCT4ErQgZAw=":{"valueMac":{"type":"Buffer","data":"Y1NaH5ITg26GXwev2/ETJEcsqgaRJ1Rqq95hXcbf8vk="}},"0vGSGAlWQRv7UpKqEZ9t6v0qTZileWUim1zXlByVSro=":{"valueMac":{"type":"Buffer","data":"AjeY6hLr8AgNPchogU+J6dIZbxsc4TjpJJsCqxGgnz0="}},"0wMNh9BIeFylXxoNqbS6Ykpk5yht4eagq0fmeAc7cmA=":{"valueMac":{"type":"Buffer","data":"1hbU0/0rF+p9BVeg6B8+JrL3nx/WAY1qTn+m4eWqZ1s="}},"027ehTqntTrlFPys0LpU0c8yqgWV3rKlL/FO9Gj/r4w=":{"valueMac":{"type":"Buffer","data":"jzMXsio9cHmLS6vX3yeP/ChLCvnCZa0qpvGVnjXbCNU="}},"07LDPmP7HoxiBc03rkJhm70dqC2fCC3TJXK8U4iDv2Q=":{"valueMac":{"type":"Buffer","data":"Ta8sCSRIwF7znWaArJbMKC2iHEp0gJfonc7CeSDC/R8="}},"1DKiOLeOSNhUdwDdY5bp1txAm+opHZhDaI4dr9CvsXg=":{"valueMac":{"type":"Buffer","data":"55R/tjEnrS3gvH37hz8BlaM/zghR59BaK5jbcUGpNT0="}},"1EW1M6CBAbjs4pmBAQz0wN6F5ln0HhCfUIsMZgwzj7o=":{"valueMac":{"type":"Buffer","data":"cV0FksCuB/qgCb9vyv6wzzW7xhScY9xR/+1YP5OlKRI="}},"1Nk66O5SpsmWCm99bsoqLG0zoTbYPCaEEDnqPsn6Kcw=":{"valueMac":{"type":"Buffer","data":"gLJe0+qFfTep+iRcOBnReUCBGpcC609d7O1TcbYEe64="}},"1WhVCHLgG12vWKxEPN+QdeVnUr60f0bICktoiSyEP0U=":{"valueMac":{"type":"Buffer","data":"Pl1xjzO2hIc0ng8Atwr8Yilg2+bIa4BbKeeIr9nNqjU="}},"1cT1+gZodoBsLhH9oButl8NbEue2VJFneE19UJ8hwDo=":{"valueMac":{"type":"Buffer","data":"bW/GY7g7kXQmfeXCR+6l+DQ/4gVNSX6mx9LNtEZaCdo="}},"1hc4V+9z/n6F7JtZSiKt4iX3XBFtWjHueh9UBgvYfzc=":{"valueMac":{"type":"Buffer","data":"aI+nMpzRJ690LkYyrx6cOKL5Mj5olg3otVODy5Xoak0="}},"1iFmxG4CkOLxE2mJxH6qnFvSXJFSkm9cfn3at33dq7A=":{"valueMac":{"type":"Buffer","data":"C9wumUs3QQpiq+4J0N4Ev840j8j0ZaY8djmVza0ua+Y="}},"1ldFUBwsjZpQVzhXGdRMnL/0YVQv+kg/dtda67uW9Ok=":{"valueMac":{"type":"Buffer","data":"tDm58N9Uthpi2aljxr6hn+9uGUxxqdyr+HYbbwoiAvs="}},"1m8L8J59BxpfyOK1wIdN1Jv9L8f+Rb3ze6h2AfFFDFw=":{"valueMac":{"type":"Buffer","data":"WwSHLZgHfEBbzCNE/RF3YXJNeombYjIQcY81wvhoi9c="}},"1ofgg3Uh5rmEcEKcSji+yxzC+COrfqoOWIpQJyqrVbQ=":{"valueMac":{"type":"Buffer","data":"Eu2bEyHSPFlPVnZxWRxMFn5vru31xkbvP5In3LurYoQ="}},"1quXJnAfn7bHv7NojOxidfs7q7B2kD0o9oZXbilJr/A=":{"valueMac":{"type":"Buffer","data":"i+1qxE+HVLCkOfVitHywUCUM65jZja85Y1a9BlMbJZM="}},"14sJjLwqUiKCYUhTeq5lXNyTW8zfG5pmAWSi1k0qXYo=":{"valueMac":{"type":"Buffer","data":"/mZRSiMG2ocXPhR3BuNXjhf8dpXSmjoTqZPuk6+V8Eo="}},"2GSGiIsEB3EBp3/aHGZrLSjp8arnCxRnrfOaZTc/BbE=":{"valueMac":{"type":"Buffer","data":"M87YSpdYtcYHwXAlz4gCG6QN76e+QsqDzV/xsEpzjhQ="}},"2OEhYjZ6tByOu+y+8sBbJZrTes72XHbpvyENU1q7kf0=":{"valueMac":{"type":"Buffer","data":"Q+BXd2McYgpcDRAXmM7bThQVHAIpDZdl+wPpUILSSjg="}},"2d1ABm2Bxvz/1e7AWRm28WZQ0QHWv/ll9FNXv8pyfk8=":{"valueMac":{"type":"Buffer","data":"KkH8bk1LjkWNgi//JC7jSdFnAfxx5VSxHuqlNWj6uXg="}},"2mzcvjaIqA4GFqH/4qlgyAi2Qfpoa/nTKpCb+YTiFr0=":{"valueMac":{"type":"Buffer","data":"EL9RBcWZcdRifj4bsrH5gJ1SDFNrtHlxROwN2krubTM="}},"2nSaGNCQc5TQL4fiCQohd+B4xxhUP8C4tlGsfkB5cl4=":{"valueMac":{"type":"Buffer","data":"7F21zp7a8y3FBMmZSXl5Qp+ij1dpk74B3A6fY517mFs="}},"2qD05bCJ6jCiAFHVix5+UT7UvzAy5oHYBhO/DbsAy2Y=":{"valueMac":{"type":"Buffer","data":"Isym9f+VXj3DosUEwpA1l3jKb8nn2RG/sf9S279A5NU="}},"20VKPTvojigVie5yB8ebaE2yVTATVjm6sNMO5Z8Wq3c=":{"valueMac":{"type":"Buffer","data":"zojo5VcJShO+fZhGFjP9in6mTvdpPw/ME/R3stZVc/s="}},"29mTNis1AQk7cz9TuWVYViH/uKzf7e/sjXTE5JA81Ig=":{"valueMac":{"type":"Buffer","data":"ksPfVtodo6e0cAdhkJjY+dXKIaAYkznJQoEjXisxe84="}},"2/sNdw6gosmlfyCwTU/sMalW9LNPeXfXnmeCq30USvs=":{"valueMac":{"type":"Buffer","data":"FPNjRPxBE5y9IqL46sZJyIkGF3wpqgmU1jF/l3VyQTw="}},"2/0UfpDv0NqjpEzL0moex1Qxm4l4vNQQB5y+/sdWJhA=":{"valueMac":{"type":"Buffer","data":"RqbR1bFQEQiHy+4N3Gaf6nt6HmsrMCrXRXcWBkwixL8="}},"3F7as7gyZRb/R+CXvSrbc1qRYgr8Nyz+dYGA1cZa0sE=":{"valueMac":{"type":"Buffer","data":"xgLF+9NglkywAvaU96if04j2E2AQViY7BQt1fsizgx0="}},"3RLSVmT1q6h4iqZBvV1VokZYPMXg09Bp7NefRqKKAY8=":{"valueMac":{"type":"Buffer","data":"CNZHMbexUJKx4isorWiDWJeeV2xJlUoTRwnep/cBMMQ="}},"3TI+oK0S4m8PwmTP8ySzpRms3TdF/lsGOsLaH0IeMr0=":{"valueMac":{"type":"Buffer","data":"C0Edk+a2cG3Hf2nZ2WZWSW/t722K/HRpLgm/wHQCNaE="}},"3VDnLNJ/IG84G233bdibY2DWPb8vQWNDV+Xyw6Z9N2s=":{"valueMac":{"type":"Buffer","data":"+IyAIZWf3IQtSAq1ALNC8PJDI3eKlfBzHK0tOb+jJDU="}},"3YmIEukeF9FH6vLBnENB9hsqCbxUUtHzRTc9O/xF9Kg=":{"valueMac":{"type":"Buffer","data":"RRYQPLSr3nPMvSJGQeFfxisa4UlsvF94TgnEkjhJSEk="}},"3aeM3KYQaa4gCm1qOUl2aPo31cr98kBD5Cbrsvd535E=":{"valueMac":{"type":"Buffer","data":"oJsjjxtJ3giAW2vcXzsN3nTPXv9ixG7UpcJmV8uY13w="}},"3culf/ZYw/o8o9jcg7Lqmmh0qMw2OXAaoJb8/8B4lnY=":{"valueMac":{"type":"Buffer","data":"d/4dyMaYnHxyKjE0jwqoNahn/qI031jfMLx8DXv7HMI="}},"3dgsjNRaa6LEox961Sxis3c4PDabjEYSIAAxAPxZiho=":{"valueMac":{"type":"Buffer","data":"4wzTtXp6bHZ0h99ZAMD1ccdiPj6QKCfePjJ0qB4la3w="}},"3gAmVrHJIRQI/ztPT3FdlPKBbYWI9eyrK9O9zIcQZkY=":{"valueMac":{"type":"Buffer","data":"LaKLY9TO1bUZx832yNzTnj7fmoSM5MrUoDabKwsZPvw="}},"3g65YpgWn9dAyCx1oV/yN0FaFN0PUkao3DPeVTUpYRM=":{"valueMac":{"type":"Buffer","data":"+/xHIV7mwOR3H7md0gLHnaLWaS2bZBkwoDrM5ul6qmk="}},"3veWkKweYduC4jmrS9NNnhFBQGgpuHPyihR9PJu0eJo=":{"valueMac":{"type":"Buffer","data":"6M/6k3ZxXUhCOZQe8QDhB6j0wGh4Y0Q5DA5UCNwIn5w="}},"3wF9HCpeZJdFWQcBg+lwnQ82tMdJkKGfSznrjux4DDo=":{"valueMac":{"type":"Buffer","data":"/YPYHG8J/Jw0Xj7e54k5/GRG6s4ASez2r3GKboD+QqY="}},"3xdiSKy+Y9wCzivszPMdVR69WaICsvwLgNVeDu6Kcuo=":{"valueMac":{"type":"Buffer","data":"bd4aNpQxx1FKeHcHRJJ04zSyJRXqIH6KPUCjvpdCQR0="}},"36gBJSMBIyVvepZ6TH1NCLT1XuRIFTebv4b8i20R560=":{"valueMac":{"type":"Buffer","data":"hzzABrO9JLb28q3VVwk1dvmpXavGHmwH5UPHjqmKaNs="}},"4Gb7oke6eaF9/e+1NCkrVRwaFIUPw6JBAf9kJWzYgHc=":{"valueMac":{"type":"Buffer","data":"8glnaGZyduQ8cz9D9aWRhFYMGAh96WvYuqIVZatrUT0="}},"4H7moDVLavdDL+U1NdKKnwMs+mlmIl2DkiO3c66mR6E=":{"valueMac":{"type":"Buffer","data":"moGspJIJyO6MzcfQoDsgGibGA1UU3DaY4dVRFoBD3uA="}},"4r3J8BURiPsDUCoYCUnOXmMC91Y3By2NJixfC2/uBF4=":{"valueMac":{"type":"Buffer","data":"r8s0Q/HLEtfxYNrmtk8Ds94q282AORGhBF8wKq1fSEw="}},"4tBfXS00Z6W/yxbkHdb7TGuXP2S65Q5Elp9wV2TPrSo=":{"valueMac":{"type":"Buffer","data":"HTjkr3ItoN7DEYBy7ifFhF00Dk9pOjSgMjRO/5zDXcA="}},"4vOmlOSY9eC3OSEZgLnc1T9VFimFIuRUdl8/izZgUYM=":{"valueMac":{"type":"Buffer","data":"nDgCh+6PsRaXwrFFXJqMqNuG5LFbMHI66W+x070k+E8="}},"46bFX5ap8i43U5wbKdr+Gljvl+FcelcOJiLjCav+K9o=":{"valueMac":{"type":"Buffer","data":"/TzXbSy60iiBQ2k7PGL/us7xt7SaygxtFWdzA4fXtio="}},"49cMj9QZgjBvQ6K0kr1CrQcdQ4vrPx4Iimvmb4S7Mbk=":{"valueMac":{"type":"Buffer","data":"GNiATfEpQp1mrCBm81TmZFgVPe95ygr+MEncBWZy3O8="}},"4/3qLYMBvJ7d0XolSobWTjIaxnel1K8WREhlerXzRU0=":{"valueMac":{"type":"Buffer","data":"/J+Pu9p5zC8hcOuVPHjpS8GUYfvq39kxBC2MA3Yps4U="}},"5P7UwbYBhWkIL+0BPMtHNe/8nMssWM/y3F8DD5WmFks=":{"valueMac":{"type":"Buffer","data":"sAT/oQaDdpsRhKvCQsHiDc6wxViwwa71O/vpkFQK2N0="}},"5QpQg/QQdM1l3A+jbmqGO/1Tcq3IODpQa4MYLMjpV+E=":{"valueMac":{"type":"Buffer","data":"HWVAhY57cONCu/SIK0SvPszExGvx7zij6E60G/TmwB0="}},"5UxNnXgzJH2N7prWSxigCF8zObQlO8KTg1TwNZkDtHg=":{"valueMac":{"type":"Buffer","data":"/74oW7UbViN8w2XisR4iGNfmhKbm2XH7Yj/yPxFkOao="}},"5c7fzVFoHyyu6qoVPyKlLbaaaBEtYHrZ6Gq3wDpgBRI=":{"valueMac":{"type":"Buffer","data":"RzJOrgLgjLaFyPN3AeEePbvcGbyugWdCKGy+tKQDfp4="}},"5s8C6W5QBdIxH1baaPTId+TpWawzToy6DGRXonz7nsQ=":{"valueMac":{"type":"Buffer","data":"HMb5b+laGc6JgXq9FvZq923HY2QU4irdH/oqtT67Jeg="}},"5vedUrOtdaK2IjiEkQnqfL9+sspHT+WWHi3G0oFOZ+8=":{"valueMac":{"type":"Buffer","data":"DSUBEhp6p+rdwhA7NvqP5dj3AOJUIoTl/EUuLDVoP1c="}},"5+0o7cp/E4gLbrM5ympvRVSC9MWL5lkaxyFF8M+4L88=":{"valueMac":{"type":"Buffer","data":"OMefnrGVR5wVWjmz+WmngHEh5KVucHVudUEyfzhZmhM="}},"6A2PPkcP7lAZH044M8dGM85wMpnSOR4tgVR/N3ukB98=":{"valueMac":{"type":"Buffer","data":"onMNyuEcKit+HWijSpZPrbAQUecd24+ihwYJOLjLpNw="}},"6DBxV8DxEHQTo3StC/a1j5KccOXW1WA3dQeWd/mq8p4=":{"valueMac":{"type":"Buffer","data":"LQskTcLXgY8ocSGwccoXuiDS2Ywazodf7z/PfDs9crQ="}},"6Ii5LAjTweeu+pelbyTAWjPWIFdbGdOd3Nn1ObRRqoQ=":{"valueMac":{"type":"Buffer","data":"ZouvySwBBUXV+5tkwkKFxg6XxgyMSjgXFVikSExgL7Q="}},"6J14iYg0Fj1KkmIkFd3zZPMqzMjtywBmemtCgTL/CTg=":{"valueMac":{"type":"Buffer","data":"qRjEi1xCku1aZKEFoj3XJgRyQRXJXcibuOuKkYs0eSU="}},"6tMAGUPKG6J8cbBzGegeZHausDQDjBeKXbNvFnJWJRw=":{"valueMac":{"type":"Buffer","data":"I5gK/eA5iraGTdi9gL6Fxl5Q3Dd82X+BQmXnhmV8WvA="}},"6tbotMwZkpTt4Nnm5yjFeg7z0PSSpWeE5kpCNvUcNFc=":{"valueMac":{"type":"Buffer","data":"1fGAYULGdtpUeqXQpV0dVFp17CoHjmxMO8A+dXRDBrU="}},"7EUlkUpvNbyoDqXiqrvAZEkyKraKBVi+nPBZMORObsw=":{"valueMac":{"type":"Buffer","data":"C966cxGaWDb1eIufp14C+KJ46+4JK1VoujQ5WdYeblE="}},"7Q322K/h1+4l39HRBhBVqDq3JAK12I5knFcstOnlm3E=":{"valueMac":{"type":"Buffer","data":"ZG6ILFE22t1/CoBS+/cEUDSJ8iHecatZfJFBPueSiVA="}},"7cRMqulbmas84ioyOUeyddl+4f7FWON6CT691pLtsIc=":{"valueMac":{"type":"Buffer","data":"Lz+SvMblYyRqfrSacAucWrVFrbGdqBYPLJOMpjdJT60="}},"7f/Jf2Ojw+lnT5DH9yFVlLplke6fuylrBJvtvla8nRU=":{"valueMac":{"type":"Buffer","data":"bc0i5AGdbUKyy6lUUTNCUzcGfetn1bMbIjsEapMgg88="}},"7vabKIHO6mEDaF1y4ougnpVWOFRvm7cabXPnMOs4/lw=":{"valueMac":{"type":"Buffer","data":"9jSpFRc1agi1Mk/gz9ueKbW6DGAD/hvXphqIQcXbwk4="}},"7wz/Gp9SbETna/8ge5tarO3A4hM870UGAgGI9SaGSCM=":{"valueMac":{"type":"Buffer","data":"3yta0eKlnPbYnvn70WJ2dAXvZZt/W82R5xrEnKA7TLQ="}},"7yOHBavgRZaitXeeWldxS9hTOkF9lg9Z5esZsc4V3SQ=":{"valueMac":{"type":"Buffer","data":"GSyYjUWE+WR9H+lwffWQOnmpveToRGdhOm3xWlWe+Kw="}},"70EFF75FKFuNYy05FKdRNleFok9a5OFX6OY7CasHm+c=":{"valueMac":{"type":"Buffer","data":"ljr+bsMEC7W1aO0KkQtfWbhdVvHxblF5VMw8beDKRJQ="}},"70qVPe7vxwu1mGOhCG86mywpo/pyw+Cqz0GmCKs9lpo=":{"valueMac":{"type":"Buffer","data":"PkmVZ5rL3CxALO3ZVwZjWTigLS9A3AEkBZxa5gHrBAU="}},"72hYhkL24N+34YV6RGvUJ3t66EJoVisOwS1neOtz20M=":{"valueMac":{"type":"Buffer","data":"tIt/7jgfjvJ5Iyxi/vIyx8rVrD1jpTrnBmwXO2Z6nKA="}},"75IbW8BZLwfLKCquruHFKjkWFSkdtZG6YFjBGFVrbmk=":{"valueMac":{"type":"Buffer","data":"W7LDK8nuoGCi197nIAFHuc8GPhlKRklIzKuFr0KaqrY="}},"75IzngL2L8ZczNFJrRzoFGJa69mr/BMTR9D1mfXNMiU=":{"valueMac":{"type":"Buffer","data":"XRuykyYsh3uyn/ihXcLFsNppNljgnGq21cZMd37HNSA="}},"7+tXI3UsKW8PlWvDRK5H47FSDuB6ntKb1ApVzkh7EXs=":{"valueMac":{"type":"Buffer","data":"Zu4oOtzwXRYOxiCj7YHF5uGhOGZ0H7LBbpY5NftSzDM="}},"8EfR/eWzvzgw0xJN/9SrPBg+jMtqjZieeo+XV366uS8=":{"valueMac":{"type":"Buffer","data":"337WFRAYUqnNSaf5q09SVulP9hef+9iQKN9YgrvmmOo="}},"8K92K9JXwLT5KcTlUcLzGCLGarWeojFXUa7qDxsZ788=":{"valueMac":{"type":"Buffer","data":"u9tAzoPTnAGa5rFxPdXvsnOAN4SfijdSeQMtxtyn4fI="}},"8Sjmx+rCZLQVlGjJEfCqzg52pP2L2QqjDDWNSL3+3Hk=":{"valueMac":{"type":"Buffer","data":"VkCWN4Zxj66MD5moLStOGN2ngRY2L+EU7stBscsaKCo="}},"8ctEP/wE3W4I3GDxqdtvscncZijwBvvJAH5mzu+HQGo=":{"valueMac":{"type":"Buffer","data":"E/TUAzar8gzDrKwe3+gAhZrwDGJx1k7WRy8x/Vy0TlI="}},"8hyspkMgupi/S59cvq0CcxFHaGMHao9ZEHF3LOHXyHM=":{"valueMac":{"type":"Buffer","data":"HNk9aQGO9jEfm/i8jTgddk+MOejxdkX15F/CDgzR8fY="}},"8i3ouBVQRqAf2Nszd6klSI5OJ4p1nd6JRUJnGTiUl/o=":{"valueMac":{"type":"Buffer","data":"cJZ/O1khimeD2BIiNoRT6EGsgkTBn5fMjIj0kxHYJeY="}},"8mYwJlw1cm9BN6Fq7uH1tnwIXBPaTV0IJOUVYjM339s=":{"valueMac":{"type":"Buffer","data":"TkmLw05po9cBLhah16+FRK7LcWQn60yhCePn0tNWhAQ="}},"8oOR+1zfVsFH1rgeImdzIjsyeCznNUiB8EY1u56PQm8=":{"valueMac":{"type":"Buffer","data":"dyjDXm+kLUF02LqHZGoX14Wlifm2gq2kqbi92BdW3Ps="}},"8oR10dhAsAYBSGjqJf5T61WfUbYRUxk0FBB0FNi/miU=":{"valueMac":{"type":"Buffer","data":"2TS4CuDPwh7PK73e1bUFzSAv5XM2uj6hc762In0fbsM="}},"8ptWlxHPg1OmRCgkqEnCBjNfbNkTSUt5wC724ImNSXE=":{"valueMac":{"type":"Buffer","data":"zLKT0pHXfDb9SXbvzOvfXLuiLFz6otwJfGJd7wGV3+Q="}},"8scpVkMLMiR/PGM7cHT4OjP9IJphKCz0hGdAM00dkN0=":{"valueMac":{"type":"Buffer","data":"ZvOptmSMxk5bep0mXsAqjst91WRX6QXQR+lLzLjhSwc="}},"8uQpb26R58QHcAttJCFJ8n1siVuleCZrFe1dV62+onk=":{"valueMac":{"type":"Buffer","data":"0nxW2Qct5kFM/vwKOt/fQtLZKv5yanFOuDP17BPYbi4="}},"80rA2EhlcxLplgJ2MO2Ou00adSnZR3Dzi5OEyp0mUUo=":{"valueMac":{"type":"Buffer","data":"IJLoyW3Yqq6j2v9EGQevC5LIIrCfp9AziBtja3ac5dA="}},"81XDZERfXO6hs/ZXHO01cw3CCjdXtsm3l/8RaJzC3hc=":{"valueMac":{"type":"Buffer","data":"Y2H4Tko8EHapMSeQMb9EYPOO/6DAPBLpqIm3zmlVK+4="}},"83HlxsbCg4HQgtzyhj5Wrnec058wFBV6xTrZEAimvyk=":{"valueMac":{"type":"Buffer","data":"IwN1exHi567dL+YuX1HKk5coGVOxXWqLvr53Hn17l8g="}},"8/uEE4oHQ0giezDrLzcoiROP/CUelhGC90KxRMxNRNw=":{"valueMac":{"type":"Buffer","data":"b8BrN4t6DNIgjwmCI6rVhkNEHbD7RXrQAHe0C1P3964="}},"9LCtkj0SWIbIraFODRxtM44UGEX86lAD0f1BgLgeYRA=":{"valueMac":{"type":"Buffer","data":"9Z51j1crCScqTRuNdIr6iu2GXlsohQr6MA+QxyEKVZ8="}},"9LaVFJap9CDaLvxGQJKEaQ91vFaVv2KSb8noWmp0eg4=":{"valueMac":{"type":"Buffer","data":"4tuZ4SlrTuajt66cGi+c91+0hUp7sVCCYMXzJHXuBZM="}},"9Ldw/Kr7koOcCignsnrp6rHlNLvym5/FdG4U/PO8dGw=":{"valueMac":{"type":"Buffer","data":"rDSovPzyLafidwe9Gr9EUDsbUhG0hYwquLBTWL74AGs="}},"9RKVso3HKsc/XntZS8KxYuwZUsqQgx4zCDqtLJz7foY=":{"valueMac":{"type":"Buffer","data":"1DaU+T/yjqtz3tXioI2SJEHNq6H0lo6Eu80Uf9xoh5w="}},"9fwG0Cj9ezuZLwJNqniV0Kux7H2vOSDsEcJ9U94vCVU=":{"valueMac":{"type":"Buffer","data":"uEZOm21CsIAaIY2o6QRFiNbQz3sTmSH/JcHRuQO8RdA="}},"9gmtTznWdMJLcy0+zacm8un2wlVP0XfzfBnD8RUSwqU=":{"valueMac":{"type":"Buffer","data":"SAB0XMYzUVGt2S1zfdUkyd5pcpbzVdGRbf/d09iVAJQ="}},"9nlOoJ47cr5FEyr1Lhp/LClXRgr1lnq+6h2kPZrr1vc=":{"valueMac":{"type":"Buffer","data":"MucCYTSJXjQ8VNRuRiCpqqHMbRxU2a55c2NBlZqte4s="}},"9v2Y7f5G80ZMZKbEZkpawIS6QfrcOsngk33P+cbkWq4=":{"valueMac":{"type":"Buffer","data":"jKlSmxY3W/foWBgMwI+cqwP/YkcXiSAXXeXVaiyUI+E="}},"9xIdQjF0siI3cbZQiRKkBIts0cOmexWdoZSdfFZvlD8=":{"valueMac":{"type":"Buffer","data":"J1MJ7Omjvl6A+IGzQtZvzB0iVOJvzM6XfFbrJVnC4FM="}},"98fvUre5CI7BXBMCPY6ZTwtYXMolhk7DIz3ilJ+oqW4=":{"valueMac":{"type":"Buffer","data":"OZkjkGszqpsa/9fDUI4B2oyhGgouwBMn1je9qG/k26A="}},"+AqtMU7Gv0+K7CpWX88s4N2kiyjWr9yVe88GywM4iLM=":{"valueMac":{"type":"Buffer","data":"7iDcECoeLXESbOAm2jzwq6aDKSPxO3PN2hSjXbwLk8k="}},"+AvoFEcR8x5DHB4bED/bfAzcEa+9RRkhyIf6ohpMCG4=":{"valueMac":{"type":"Buffer","data":"nHYpoNGNzZY5r6AftJS2aoKg1w3NhFNEdAnwP11NnzE="}},"+HP/mMuiGeK781BSzumdM6AS6EdJgj6FIytTW3TPV5M=":{"valueMac":{"type":"Buffer","data":"P8n2D0VSIv28J8erDcMtBAqY/tx4OHdN92cdJAckj/Q="}},"+IgMjNdme0bp/4dVxHwdzqnh8ieQg9XoEH8RXkMXl0M=":{"valueMac":{"type":"Buffer","data":"89utPzgChCW4SnJlrV8FxUUBsGk0+hNMoHeWepus4NI="}},"+RPN5QeOrvKmkgFeGcmuGcGd3JjL9JRsluI2NRpXJUs=":{"valueMac":{"type":"Buffer","data":"gyRD4BmfYCblpPBnEAxRkN0+WpLV64dPvBUGdCSqjD4="}},"+ReYqTsswOp51IPBkxzNjgdi0Y5FX1VxQp49TAH3Pjw=":{"valueMac":{"type":"Buffer","data":"zU63pzz4kqAR49K3dxvMdlOF0urC8JrLRY8jTR5URpg="}},"+Ykct1qT5r/yytcgAVFu+A6CBUEzpn7wbAPTgJuYU6Q=":{"valueMac":{"type":"Buffer","data":"RjX5wWZXxAH5NoWvP9M4rBni6E0m8v52fi//8qkI8HI="}},"+ix6tUf0oUZtIgASqKsl0kJCpMkLZAIVwRgYQyljRtk=":{"valueMac":{"type":"Buffer","data":"qLeqhFEj3taySD4kD+MqwK6gSkv9BezC9KFfko6pBjM="}},"+zXE2+CcKzY70LJWx8FtBa/scEP/A/ya01OSSgFDhUM=":{"valueMac":{"type":"Buffer","data":"XJJwHyMt14AgvYbMXFWOS3O/MGb/hpYeu+HMCArXj/w="}},"+zd4ndy1Zr1paYBCylmMs8kRImoscI2OPtFIpodiJvQ=":{"valueMac":{"type":"Buffer","data":"j4ZF5VJtl5kPMXCWYfQSu+E4wn5lItNBPwtGe/gdwLI="}},"+8RSOnxkrpbRRLG1mOY85Ks/ZD9UIdLQVTcpi1bifXs=":{"valueMac":{"type":"Buffer","data":"+S4+FYIn9GP1LGjoKTuAYxqYg+CUOVT16tOSB48FvPc="}},"/FSxMIgDUwJM+VkJPb1Qvq7IkBQhcC0OaYXXpLfWF+s=":{"valueMac":{"type":"Buffer","data":"z8M+vExi0yfosztqrlcVIIrTQvRmcne6gOxjVdOazrI="}},"/PHk3HWkNRI5KMugqSy6KxFq+Y9Xf0JTzT32s3/QQu8=":{"valueMac":{"type":"Buffer","data":"IPilXNGen2ONNTo1phprCSznwKfyfNhR+74VQC+iPQg="}},"/RST4kXici63WAtdr2qH+mIW5S6JPAXrQaytBdlWKuA=":{"valueMac":{"type":"Buffer","data":"EuXmUxHGApXGZPsu0M52s1rTlrjcgz9vcDzgWr41akw="}},"/SYPYRJcE1DaUqLf0fugKTMaF0hYxC0sfQ2JsDa5Bb0=":{"valueMac":{"type":"Buffer","data":"3+ENVD1f1yPO16jDt3zcPWZYyCDcVUt+WY7b9bV0WqU="}},"/T1xwuS4ko56wIpYhsl4oK9ZT1VCxztOkD0bm//yw7Y=":{"valueMac":{"type":"Buffer","data":"HSUQP0Q/YFL5rLP8UUts/mv9af17rMSv1QLf6h8y5CY="}},"/a5GhWRa5Ba3v0l+v17c47MP9jVWpBX5eQ3BTzvs2Ho=":{"valueMac":{"type":"Buffer","data":"MKwSAx48uEbtnZ1Xe60H2+xccgv3GMwPhtcp/dvg4qY="}},"/g7WKET+AuzBvIerP5ksijREdzxvEwHcnlRn1+DxcHY=":{"valueMac":{"type":"Buffer","data":"r/6EmT//k1jZLM+Ncz0yZUz9RBjtDyUjRXcXZB3+COw="}},"/k4vLxm140yIlrZtTPcOpeEFJOS8FFFQ8xMUeDOycsU=":{"valueMac":{"type":"Buffer","data":"NAiJAv7zwUsEl3d02/046ppoa5WvScvar5BMn//GeuI="}},"/l+000guBywBq4a4+oAd+j7QqG2MuJSf3NhYpcCBOeM=":{"valueMac":{"type":"Buffer","data":"8kMILD5cBwAFt0i1hLGUBJ1SBEuaMCkLyNUs1T15olU="}},"/qGQFom+QtPsjURtkSg9X4OKRM9WsdXkFljFAqW0n5o=":{"valueMac":{"type":"Buffer","data":"KajIc9COumEFdYTizX0HWo3ZSYWKBgPKXaBxaFAUb/M="}},"/weTK8U4MJ+tFUbcPBmzRnfIBRp69J/J3Q1Qw2C/IZM=":{"valueMac":{"type":"Buffer","data":"FaoqDBiLk4IncVJ64KhSiFZx/+o7YwbqoOgva1YWvYE="}},"/ywlJECtZTOL0PrYmDbUcOpG75Myi9gtLR+tryFShGo=":{"valueMac":{"type":"Buffer","data":"dGtiMd0PGKCTqaFg451oP6zouMbBo2YLT+KnbT2iR6A="}},"/3TOlp/iLxTPHK13lMLpU+Uh30Nq+ED7Km0QLD7JIEI=":{"valueMac":{"type":"Buffer","data":"11bbJWwg++9EbhZ3URN+g9kPhaGmzhkIFWjjUwqLxEI="}},"/6I5Ai8p56OXgJAVn3sBySorcv+BlD3ntkU53GEL/pM=":{"valueMac":{"type":"Buffer","data":"SoIYHUTmyhvEXZOCrPUiEOas41Fm9UVY15Rb+DNTHBc="}},"/6Ou02t84NRSfzJMYI0WtAPA6LbqU6MU6YL0WYwdTAk=":{"valueMac":{"type":"Buffer","data":"KBWGRqFgAol3H99MSyJIlyVILZXNX5yjqweSf53Jqn8="}},"/9LJ4HnUKArqr/3pqHFWQM1O3Avfznmou3UmwpHND0U=":{"valueMac":{"type":"Buffer","data":"b4VUDdn0mjlsWnHLnzPOT7eKmrtjUByu5tom+UzeP10="}},"xeYE4X5VfUf/VqySw7N16SdGk0CQKf4d1GqOmAIScjA=":{"valueMac":{"type":"Buffer","data":"QGs4cWMts4HCwmgcL8Xmmql34aSRoG2tafL3P4lGfPE="}},"mBGIRyhDla0VB/PfTPXCxN1lb0t7L7/lAiWWKd5KIBQ=":{"valueMac":{"type":"Buffer","data":"fonpzmVqVz+WGCqHUL/v6AHTqdGo5AkH0qeTr5Hs1BY="}},"wohRQtf9sy9YIn94oexg/RhPn2rwJ5qmITHtEjtDA5U=":{"valueMac":{"type":"Buffer","data":"hRTffY1/2UuuKzJtINDEzBtoQ4XHkcTTqHxJF5/19/4="}},"3t6Xnvwytsxk+euaSQCMCuCGrOB8ypNnuZtX8bOpjl8=":{"valueMac":{"type":"Buffer","data":"RtpIjNUglo/TeB4rJA/prqTz0l2Vat3U4V94FA3CvY0="}},"Wm+jKumybbwHJeuwn/jCg6o1EiDHG82YIt2i2ZqZJJo=":{"valueMac":{"type":"Buffer","data":"1zVCWmzGMSVSfXnhdItcCTE1YqQt4S8wkN34GIVqR9g="}},"sM6fKnXB0ucWxaHO9UcnOOGzi4ZdJOctxJgLPfZh/Uo=":{"valueMac":{"type":"Buffer","data":"aHnl9ICMCf1OODyabLbybgFMrvkxc3Cj8nw8kahFLUM="}},"CCvP26Ul8xQBpOW/zi8lzk5tzYaYdi9y+VlKKLTKM7s=":{"valueMac":{"type":"Buffer","data":"0oSUZW0t447UCsXQ5lXK5dKhgNQZxNPbRgiaK3P5rfI="}},"THHmzvAXu+/Mmk/b/jFtJtaOX2p1suzBoJauq5gKAWM=":{"valueMac":{"type":"Buffer","data":"DtE9cG/95F0h4/yzjT5tBBNeyylzzP7J0LZqmxR4y64="}},"Eh+gMUIdz1gu5v0UNvPrN4baGRKy9CvNitKI9n/fNNw=":{"valueMac":{"type":"Buffer","data":"Kjip4qdLEraRWtG+ebPDpC3xBBinx28sh8xJhDCgaYA="}},"MJpyuI8afnOrVOOlJHlsKA5Rn2BOlh6wF4KJef7bick=":{"valueMac":{"type":"Buffer","data":"kHomIJAlRfATkBcCwyat9JYBma4dTnBmKaty//0s6No="}},"KeljJsUGui4k/+yXfVL9PpHna390tm3GTl3JOz9CfGA=":{"valueMac":{"type":"Buffer","data":"3ncDsU2sgbGFNNxOjQkLsrPo6MtPalFoY6bMI+TVqQU="}},"G0gVLOnVJpqS++WLOHKzZNT6JowSSo15Jw409eYe+zY=":{"valueMac":{"type":"Buffer","data":"76IZT4pt2nLja78pXSy97qdTrg2c1wkDQWLoCI0iSbs="}},"agJRhU+V6rFiLiEY1Zl1b2y+xYsY5LVZ1kFfUPh3DIg=":{"valueMac":{"type":"Buffer","data":"5aAK1sJsLnrOoCZFWvMXtKjH7FvEUESL399WjPCGBGk="}},"sWc1QTku/iWsgwCutuh3FnNi5LFt+FrRZ2d/sdB1yDY=":{"valueMac":{"type":"Buffer","data":"jjXq3nqnvHx13KA8U/A0U40YC/ZoAxWpy1TsHcEIKNI="}},"oFZh5YXoGykrAJR8JOSCIeiG3xXYnmRNdSJmRd34aeE=":{"valueMac":{"type":"Buffer","data":"p9+cXIRJkwX3UbSeXumgU/q/iZ1a/SNsSmpCiP6KMSg="}},"krd8F/JNzmoOUH2yO2FxUMnyToY8FPCr2ZKzADfRVlA=":{"valueMac":{"type":"Buffer","data":"/fGnogi+IysRnSaIqTDUel6ISFB61Q1MPNpB0yjNBwE="}}}}