{"noiseKey":{"private":{"type":"Buffer","data":"+Ijx9BGfkF6FK6Es0cNp5leJ9M+xcjugv7/6jG+Jsmo="},"public":{"type":"Buffer","data":"0Bsdw7bDQsZFIUPIs/oVi5gGXoyDXHfR3YIay+0qAWg="}},"pairingEphemeralKeyPair":{"private":{"type":"Buffer","data":"yBJsx6CKoyAG7+YHjoH3Vf9hnGdZ7E89vbA3IiXzaXw="},"public":{"type":"Buffer","data":"FxW8vHZacZvYbQCoX/umtoYf79iMvRl8It4skkpagHA="}},"signedIdentityKey":{"private":{"type":"Buffer","data":"0F7/74ARTXXHcBjDWsPShka/xJv5U4ufPyMMKyPe10I="},"public":{"type":"Buffer","data":"zENGUNjMis6RU+OVUUfSXGJt5ppnNZ9IsamPBhAhLWU="}},"signedPreKey":{"keyPair":{"private":{"type":"Buffer","data":"kCsemTyL1gen+UMoCU57YjMp4k6LJ6wnGrmkMXRAsHs="},"public":{"type":"Buffer","data":"xENEFY8zkiUWMUpqe1JadZL2SECeaMFEhzkO92APE0I="}},"signature":{"type":"Buffer","data":"E0Loa8Q/2KdDKTojdvKXK2VqlrPCa/t4uj80AfOyWv2a/fyMCnOZ9TZFAJ9ZYD0WalVDVI3kgcz1dVl4qUtdDw=="},"keyId":1},"registrationId":33,"advSecretKey":"fM/j2n0S8RRWyt9POCmXBupFRDKO8U3od0NQ3PYkqys=","processedHistoryMessages":[{"key":{"remoteJid":"6287818546398@s.whatsapp.net","fromMe":true,"id":"0FB267F0CB050B4FB52DFD3A5F65E3DC"},"messageTimestamp":1740313721},{"key":{"remoteJid":"6287818546398@s.whatsapp.net","fromMe":true,"id":"16D9C683380760B80D2DC87D0B6632CD"},"messageTimestamp":1740313721},{"key":{"remoteJid":"6287818546398@s.whatsapp.net","fromMe":true,"id":"3EB8F44814EF73EB75CD1AFDCFBE1313"},"messageTimestamp":1740313731}],"nextPreKeyId":31,"firstUnuploadedPreKeyId":31,"accountSyncCounter":1,"accountSettings":{"unarchiveChats":false},"deviceId":"R7TIAu__TnqPSSfR1YF_GA","phoneId":"9bd92e9b-fd10-482c-9473-8fd8b8fabdd5","identityId":{"type":"Buffer","data":"7MpxOqjmweCD811CbDGegLrdH40="},"registered":true,"backupToken":{"type":"Buffer","data":"7ATn45ohHV1HL3wkgsu63HsD/RM="},"registration":{},"pairingCode":"EK9C7EQS","lastPropHash":"3R9Z39","routingInfo":{"type":"Buffer","data":"CA0ICA=="},"me":{"id":"6287818546398:14@s.whatsapp.net","name":"siapa kah dia","jid":"6287818546398@s.whatsapp.net","lid":"28398911017056:14@lid"},"account":{"details":"CM6l2/ABEPGo7L0GGA4gACgA","accountSignatureKey":"wLbp7Mk/CHoM2BErBKc89QAB1G6yvIKzGdUM80BJa3g=","accountSignature":"u5mGxmBND8EYb+52ZTI0TMwZwl68nEJJCVDNIXl6NJsezT06h/joX7506Ls/ctgqKy0gUBpFrv8vVjDFLXdFAQ==","deviceSignature":"kUtaQOpYRXhLT9pHjmy5ttHq6Lpu16SeAb2PxF3QoKWmMhUjhSQLhq4/5ocA8fufgA0zKwQDdylOD57X9WbZDg=="},"signalIdentities":[{"identifier":{"name":"6287818546398:14@s.whatsapp.net","deviceId":0},"identifierKey":{"type":"Buffer","data":"BcC26ezJPwh6DNgRKwSnPPUAAdRusryCsxnVDPNASWt4"}}],"platform":"android","lastAccountSyncTimestamp":1740313718,"myAppStateKeyId":"AAAAAP61"}