{"_sessions":{"BbQCDa4fOXE3YYqxWKNUsoGfDdQbHYdKykKJO5V+clBi":{"registrationId":928347446,"currentRatchet":{"ephemeralKeyPair":{"pubKey":"BQmQpOcIIpbCIC10VnFjHMLK7dcjQxoxhzt26/q1r2hZ","privKey":"KK/vFiMiRj0O2bd8WKppOaAJkLWQdctwzF3kxvyvMFs="},"lastRemoteEphemeralKey":"BcEkqb0nzM0JHzKrUXQWodQGKS7tJaj/qJI0+jhffBcP","previousCounter":0,"rootKey":"BMzk6Zl3pjJvsQveJsGkE43FuPrgauWRp7YcZMlUYXE="},"indexInfo":{"baseKey":"BbQCDa4fOXE3YYqxWKNUsoGfDdQbHYdKykKJO5V+clBi","baseKeyType":2,"closed":-1,"used":1740313732209,"created":1740313721325,"remoteIdentityKey":"BcC26ezJPwh6DNgRKwSnPPUAAdRusryCsxnVDPNASWt4"},"_chains":{"BbrEpv+3my4u1yfmwyVqxRWh03XMPh+hgw9VeNbejQhq":{"chainKey":{"counter":5},"chainType":2,"messageKeys":{}},"BcEkqb0nzM0JHzKrUXQWodQGKS7tJaj/qJI0+jhffBcP":{"chainKey":{"counter":1,"key":"WsyOe+irVGeRXhqGbhz4JAB3YLo5Ktxb2OCGEjVFqFU="},"chainType":2,"messageKeys":{}},"BQmQpOcIIpbCIC10VnFjHMLK7dcjQxoxhzt26/q1r2hZ":{"chainKey":{"counter":-1,"key":"iIMj0iM2Ubal2ru0WNGij0vxLFko6pNEIkhIHD8lWbg="},"chainType":1,"messageKeys":{}}}}},"version":"v1"}