{"noiseKey":{"private":{"type":"Buffer","data":"qNjFBT6MqabLvXrfZRyTdxZqoAXNEpnEEYCwnkD0fGo="},"public":{"type":"Buffer","data":"PKhe9xHkxKcMxXVNMPnUHBvCj4/XzoB50Gbxmukz8yY="}},"pairingEphemeralKeyPair":{"private":{"type":"Buffer","data":"oBzF+0uz9RUS1JNcdfgceoSHwAAAR9nSI/cxpBP8vkI="},"public":{"type":"Buffer","data":"h55olARIHOUbqaWVviLhyrnHpxZk4Be7qa+cU4tbMQY="}},"signedIdentityKey":{"private":{"type":"Buffer","data":"wP7jeKvgrpbzYFZnWushRUFilslWYhIGTtp87Hpzt1w="},"public":{"type":"Buffer","data":"asoVK9YWHu5tJ6M0qvN1znWX1kyVxiZ9rQoynOYdDBA="}},"signedPreKey":{"keyPair":{"private":{"type":"Buffer","data":"cCRE44maZt1+XIsLi4Z2Q/2+V7kLRYTsO2nTs/D3eVo="},"public":{"type":"Buffer","data":"sGRckXjB5Ia988pV6GIPPyeTcwE5XyiLVnKx0HXE500="}},"signature":{"type":"Buffer","data":"JX3Yku0JqI5Uytu4aowJVV/3ecflIyk6gKIJQy38fopR1i7W+0lPHBxYptHc8gLooR2XQ+RreInD6+5/xIdRBA=="},"keyId":1},"registrationId":137,"advSecretKey":"q/joIfngFXwmuG6Uru7R7cDwuI/UjxRk11XFUfCOpmw=","processedHistoryMessages":[],"nextPreKeyId":1,"firstUnuploadedPreKeyId":1,"accountSyncCounter":0,"accountSettings":{"unarchiveChats":false},"deviceId":"iaORdC2VQQ2fBrfK7EB61A","phoneId":"4aa292ff-585a-4131-b18a-7be365515a50","identityId":{"type":"Buffer","data":"rkHsn5hfJGGBddcT3Bac1AyKrYo="},"registered":false,"backupToken":{"type":"Buffer","data":"UV2vlSP8lAFpGK0Gt5flprnFySE="},"registration":{},"pairingCode":"VVRZAXFZ","me":{"id":"6289513350926@s.whatsapp.net","name":"~"}}