{"noiseKey":{"private":{"type":"Buffer","data":"4G3nxr1ix1GmV1n2AZQo1pCEq1iE+YWYA+gQzK9MgWE="},"public":{"type":"Buffer","data":"BZv3VhooHub5hqXQAiNQUU8kvLh+TTkZDZfOkaLa2H8="}},"pairingEphemeralKeyPair":{"private":{"type":"Buffer","data":"4Ob6p3V8AVWTYCyi9FIMVgIN4RfMyHfxLYe1+UtSyWc="},"public":{"type":"Buffer","data":"OCtG7EGBhDVQ4FtHo1dtUo4SVOPAEmVfzawcOWoeeWk="}},"signedIdentityKey":{"private":{"type":"Buffer","data":"YEruf10TSjSZp3Ai5En/wLcTQ6JAWvV69ED8TUiM7H4="},"public":{"type":"Buffer","data":"00aaXF349mYbB85y9aX6+Jm9XV/eQ7WNAbFj8jBUoxQ="}},"signedPreKey":{"keyPair":{"private":{"type":"Buffer","data":"UJGFMuleh2ORfmaLmtDVSoyrhCXWhFUj5oQA8bWHEWo="},"public":{"type":"Buffer","data":"uupAtWaUHN++PpHmrA90+YaNdiCpDmSIENAudmzwfkk="}},"signature":{"type":"Buffer","data":"IcP5lzv/bdwQR2aOwV10rVVoJ2hDBDkhBvnmGvq93exJRQb1XJA758cB2nvRqXspgyF8/zv4IQU+qMKLw0UKBA=="},"keyId":1},"registrationId":44,"advSecretKey":"q3m+ij3ae7tr1+qyb/ZELy5zS7uOHuSJqTzkUA7wF+c=","processedHistoryMessages":[{"key":{"remoteJid":"6287874873090@s.whatsapp.net","fromMe":true,"id":"CEBAD3E07CDF23558C62B731F1306194"},"messageTimestamp":1740358057},{"key":{"remoteJid":"6287874873090@s.whatsapp.net","fromMe":true,"id":"4CD4E6071118325A62A1EDAB97FEC591"},"messageTimestamp":1740358112}],"nextPreKeyId":43,"firstUnuploadedPreKeyId":43,"accountSyncCounter":1,"accountSettings":{"unarchiveChats":false},"deviceId":"O7gXMhNgTMWRCcFDQtg03A","phoneId":"81e83bd8-2f47-4ad8-9fab-d36414e44ac4","identityId":{"type":"Buffer","data":"w9g2I6WFnZsQSmF/oGtwW03bFQU="},"registered":true,"backupToken":{"type":"Buffer","data":"YjoT53eR/7ArGgWIsdRPxVvu3wo="},"registration":{},"pairingCode":"VFB28E9P","lastPropHash":"1K4hH4","routingInfo":{"type":"Buffer","data":"CAIIEg=="},"me":{"id":"6287874873090:44@s.whatsapp.net","name":"Sanz Store","jid":"6287874873090@s.whatsapp.net","lid":"245466608472307:44@lid"},"account":{"details":"CPmgwLgCEJ2D770GGAQgACgA","accountSignatureKey":"F9dlvJxkL3jpey4qw5wbJlZXnVjD2IolbHOIYSqnARM=","accountSignature":"Mmb9Qi7UBYRp7qgBrZzCEpIn7yvqREIBEzW7U9aySKivQpCmjAfXpKzXfCMDOTwxPyx5NDgOc/zCn/bnsQuNBw==","deviceSignature":"ZuOBFX6ZrTU6Xidox63gnSWzCXJIo2QfUH+QYseRrpx1jtnehHiYicDoXdg8yPK2H5hvxQiS26WSz+ziUYNFBg=="},"signalIdentities":[{"identifier":{"name":"6287874873090:44@s.whatsapp.net","deviceId":0},"identifierKey":{"type":"Buffer","data":"BRfXZbycZC946XsuKsOcGyZWV51Yw9iKJWxziGEqpwET"}}],"platform":"smba","lastAccountSyncTimestamp":1740358049,"myAppStateKeyId":"AAAAAJFt"}