[{"senderKeyId":1710267109,"senderChainKey":{"iteration":183,"seed":"2OQ9yFrEmtAU1XOY4ogcYWlozZS/IYwOE3ZYQBf42i8="},"senderSigningKey":{"public":"BSILiLHYfe+NECaBNdFrzsRwVMMWvqNdoGD8Miv39jN5"},"senderMessageKeys":[{"iteration":171,"seed":"2t+JQFI1hJ0kVhePjxFL0n5Td+Zbxb+Em45LbP+gBqk="},{"iteration":173,"seed":"r4iOEDEYmmAqkqxEnDx0DyVoYWaLDPJQdbA+q+HalJ4="},{"iteration":175,"seed":"/+CI8IcaddPbTjOgVRc1JpnomF4WvkccXPOmt5h02tM="},{"iteration":176,"seed":"iAi0KYx1NNoVLar4O4bCyF6MH1zkZVBbL7LdlF/pvP0="},{"iteration":177,"seed":"s5VabyYtYItbWN0J5VB+F+m1ESDIoa5106ZmgoP1UqU="},{"iteration":178,"seed":"sTBNuH5nxF/ffXz2RFSS/zYeXnKw5slqDMj6tHgr+NQ="},{"iteration":179,"seed":"hxHnAJ2bbjq/vzpSHW1JldHCtAV0V00PymyG6RR5C1w="},{"iteration":181,"seed":"pRBu3ai06ZqkTxgjt7uG2k/qyEhMCzM4rKdsXb8UrIs="}]},{"senderKeyId":1710267109,"senderChainKey":{"iteration":179,"seed":"3CIpebj1gpz6QaDcdJzTIjSitI+K1Ax5mcQVvfCIIFc="},"senderSigningKey":{"public":"BSILiLHYfe+NECaBNdFrzsRwVMMWvqNdoGD8Miv39jN5"}}]