[{"senderKeyId":1197869410,"senderChainKey":{"iteration":12091,"seed":"M6ZAQKVXWLXjXmTqFrqNdPXpj2g5r294CX/dCJ/8oSw="},"senderSigningKey":{"public":"BVKzEzWiLWngPhZm50YnxG3h3JiM8Ib8xAvW0+GIBxNX"},"senderMessageKeys":[{"iteration":12029,"seed":"4HiiEr+N+Gb00VN5VZGJkwclO793uhD54cQpQkAFGpw="},{"iteration":12030,"seed":"Po86pOC8uOpIjCfkDPRxZeuXQrzGerFELyV8jKbCRuI="},{"iteration":12031,"seed":"jsOoiD2P4dsTcxQrZ94W200gppa3V81cYeNpVmBu1Ls="},{"iteration":12032,"seed":"0LljAo5reklFWF+ZjcmJHjwdpoQ3hDSH5E/QH/BYQSE="},{"iteration":12033,"seed":"hzzuW23z75C1n6wvxoKknFYzniBMCTCNxF3ZsUUtZ5c="},{"iteration":12034,"seed":"rYqLqvFDmq17RjWFnrm6EjqN8JaEzN5/ztG+Mx2N5ig="},{"iteration":12035,"seed":"U3auSu4mU9FGlaGRjj/Vtw4hBD7h0etDBBcglcgPUig="},{"iteration":12036,"seed":"tNgdmWzTtPO2rICyMbhSTOvuvK+ofOeN29ybQ1ia1LE="},{"iteration":12037,"seed":"F22jgGI3kSxpsATTXjaztKka+iYuzUsagPx+Okd/qfY="},{"iteration":12038,"seed":"z8Hvc77TXFULWyBDQno93KRuWY9NXlGSQMG0oiHj1OI="},{"iteration":12039,"seed":"QaJcdV9cCGxUjesAZvaQ5bRBrwmIVF/9En1GeKjlfeI="},{"iteration":12040,"seed":"oR0JNFRUEZ8Z7YWUBwWQocmi5JHt94AmfEG0guCDVqY="},{"iteration":12041,"seed":"hhpjgUBPOCt36CFrI6GKBsicOtKChHCLqDLPWr9RyIo="},{"iteration":12042,"seed":"oWuPkrecaG9WjMrpNs50n0R5tKSvbJc+9qmkx/A6DcA="},{"iteration":12043,"seed":"6DVeVaipSFWQt9Mg3V2F6SnG8hkT4aolrMqj8F6iEns="},{"iteration":12044,"seed":"z0lIJS4I5k/d82rXvAS54RYlgWcqIgfINeZdWjTxxWc="},{"iteration":12045,"seed":"HLyQOm9nvENKbAZYHzs+/UZiSl5S5faJNBd89I9d8hI="},{"iteration":12046,"seed":"pKo3I1wgPzb/QR/LJwvrsHZuZm87Mh9JSkBx76WSYR0="},{"iteration":12047,"seed":"8JwBEpEI+SpBLmEtO2G2qIPW9oZcBeSAZavTuiVSrec="},{"iteration":12048,"seed":"t8TJH51CJ7oVHbkBczeeaxkcDANB9rYaiXVeodd6nYU="},{"iteration":12049,"seed":"T2evINx0zzHSN8lUj99X2fH44P0ybKwOyW/ToJ83pbw="},{"iteration":12050,"seed":"RFrqKFQ2BrSwSJsHOve4Y+yjMMit1e+T10gE7y6G/Qw="},{"iteration":12051,"seed":"UMWnstJkmr4nB+4IXkFW4kPTyFN3V/Zb24MAhHZctuU="},{"iteration":12052,"seed":"BUjbP2ctIMZaM62Uh4VgYsh3SA1DtgNTLph3kqdmkP4="},{"iteration":12053,"seed":"oyd8jHKFrzXjG3jWOwEgoQYAei0HSkS3wloshxjyfGk="},{"iteration":12054,"seed":"4Fg2ad9/QStcYCCWrbg5bjtHZ7n3NZosL0YjaufkKSg="},{"iteration":12055,"seed":"jv8PE7EKgFUq/hVbENhs1oAVC8CTJ1xkxdWuvU4w/Ks="},{"iteration":12056,"seed":"UYGB0TimiTHwHGo5k5RLUoEpqHlq10sTMiT5/IXN+fE="},{"iteration":12057,"seed":"+6DizPay8g7/+sw9WS58QZYS2HAnxwWeiHJm7S3eEN0="},{"iteration":12058,"seed":"pv7LhJ7wUIQ8fgy5ZGGEv+03Tx2DTVxhN5o/mPSs6ig="},{"iteration":12059,"seed":"ppQYgYP0xC0iMJprE1I79Nn1BDCU1wFmWoK08Yx11lI="},{"iteration":12060,"seed":"l8GWRYphwywBEsUOBr3T2UfmRAdsqc1bo5/80LKgGgs="},{"iteration":12061,"seed":"FjT5PyiyC/wmw7TKuFJdqjbamES4pIj1weX8mnP7imw="},{"iteration":12062,"seed":"7O/6eOq1DMtrKLMLOq01D7edmsojQqnbhb/wWU+TT2E="},{"iteration":12063,"seed":"JoD7lIHDoXZ8SuGpEf/MMWfoOMi1Q9dRgl4tjXW2JHI="},{"iteration":12064,"seed":"rzgUEirlQx3fFLrtEIFRYBiTlKZ8EQSFaJQx9A/KeP8="},{"iteration":12065,"seed":"8uxtcyAjdzsb3E6ChPvQVgGx2VDqOt+fy+35bMKo8ko="},{"iteration":12066,"seed":"eHIKWBt6WYVry66Q/RqENJ87eCznV7GH0r3E2kwlNeY="},{"iteration":12067,"seed":"t6OIkEqvd0p6eiXw/291jUD3lkWQALosqpTPXdSHmqQ="},{"iteration":12068,"seed":"Ehr7FmcTNBSST5/ILHM7SXJaP4WkgRgZiSOY+6/+EnI="},{"iteration":12069,"seed":"M6iVdO6etQtd+ATXD4I01eWEsn0l/lF7uCt3TWFGmUc="},{"iteration":12070,"seed":"vpSI2aLerWSMO2iCV9VZ9z2j+LWci8SilOG/mErl3lI="},{"iteration":12071,"seed":"MedydZQE8DMmSGTm3hVM3A5InRRAKl22juNnxeIqXuA="},{"iteration":12072,"seed":"HdCLaOY88tl9PvmYD4uUHcA/2VsfXcGPCv1htJvQQIA="},{"iteration":12073,"seed":"nFwT07dzdu9lL2Q0u9HMq+0VcJOdvBJjtgO76xtTXCs="},{"iteration":12074,"seed":"CqiUGkA4LS71S40JV/nqaOpw7L4wT+gfsdM6VQ3y4BE="},{"iteration":12075,"seed":"HBAsByMS8omLIqWhBLg/O8xHtHqjIyqKKjLNMnKgBhA="},{"iteration":12076,"seed":"01QxW4bQqkOM5BHUxf2QJdDprpB/Hk4JG20r37Mg7aM="},{"iteration":12077,"seed":"06u8pBLTqX0jt7VPsGktB4PO/dxkOQdZj0fr/NT8/4k="},{"iteration":12078,"seed":"j7NZs8FHKSjVjP5nUsjO4qQ1W6sASCHElvN0f+Ax4vk="},{"iteration":12079,"seed":"0t81zV75o199MA52daL2Y8Pao/kbFeE8Zm62KKtm6R0="},{"iteration":12080,"seed":"4YHcSTTpBfINW0bxN2M5gc82CUnEaEF+ye1VrUGN00Y="},{"iteration":12081,"seed":"BK08z/W2h/BzN11bchUjw0A+vQ6ALL3JINpJLoxQ4Lg="},{"iteration":12083,"seed":"kxDpx4Op75SRmLZMpIpWzA3hgANr3cXyjYgpvdxl/Fw="},{"iteration":12085,"seed":"doyvAHNWM61R3pdPt27QNg/5U/i8ZcWNVIYZ/kbx8d4="},{"iteration":12087,"seed":"iOEVE0Tvth87XOOF+1V/Ps0kYpljvpAodph4+3ERSoc="},{"iteration":12089,"seed":"cIlJcsgIt4ylRe25o8gmkG3/CHrM09npp6qtZ+jzqM0="}]},{"senderKeyId":1197869410,"senderChainKey":{"iteration":12033,"seed":"/dohaExAVv9n95YfkPNM1iAdeOp+2SBPbTp3qrzb+dg="},"senderSigningKey":{"public":"BVKzEzWiLWngPhZm50YnxG3h3JiM8Ib8xAvW0+GIBxNX"}},{"senderKeyId":1197869410,"senderChainKey":{"iteration":12039,"seed":"PRHJ0ifNfOt7XttB2aVGUQq08OXNaEqUowlyMzK8UcI="},"senderSigningKey":{"public":"BVKzEzWiLWngPhZm50YnxG3h3JiM8Ib8xAvW0+GIBxNX"}},{"senderKeyId":1197869410,"senderChainKey":{"iteration":12051,"seed":"2U4Tvq7zz17MEV5tbJqY+KBzH4eh1Aa7NQdvcil2hhE="},"senderSigningKey":{"public":"BVKzEzWiLWngPhZm50YnxG3h3JiM8Ib8xAvW0+GIBxNX"}},{"senderKeyId":1197869410,"senderChainKey":{"iteration":12081,"seed":"3vYzLvJX9LRDdwSjJJNhdD8ppiH6o0kZadSSCHLUMGI="},"senderSigningKey":{"public":"BVKzEzWiLWngPhZm50YnxG3h3JiM8Ib8xAvW0+GIBxNX"}}]