{"noiseKey":{"private":{"type":"Buffer","data":"sEV7ky7HOggpkfloPmBSjt/GUTnS67+XmmshnXV4UXU="},"public":{"type":"Buffer","data":"k4myJCpI6I/2dGD9ufq8ZVOSN4/VAsGuGdrtGtj/ehs="}},"pairingEphemeralKeyPair":{"private":{"type":"Buffer","data":"yKzJL7AhgmRLvWlw+yMj04RUNTjzvBxudcp3Z+orqnk="},"public":{"type":"Buffer","data":"KS14Nb45p9HuzrxcpLZiR5jgjTYl4AJny1IWCwaxs0s="}},"signedIdentityKey":{"private":{"type":"Buffer","data":"UHWgKZeMYDdkyG4YSF/BcfX9sWh8Zbz6h9U8polXulU="},"public":{"type":"Buffer","data":"qbGaRduCzlAciUN/Jmx6VlnYneMlAgrKkP2w4uqRf34="}},"signedPreKey":{"keyPair":{"private":{"type":"Buffer","data":"0EQcUzasb4Kn1GpZGE3sIY28CfwX4Mgm1nM53oQNv0c="},"public":{"type":"Buffer","data":"F0Ru3zOWim1/WRoYjY1vNM2FmbY0Yro79nAS3Y79tDE="}},"signature":{"type":"Buffer","data":"OtzHblNb/b/LWIsiEdPBOLIW9sofde+eMl3c5diZ3ez5TzIrYhYtxwBfysfRFUBpUaouXMYBrenuJYKReB96Aw=="},"keyId":1},"registrationId":69,"advSecretKey":"HMzgC+iF2q2HGNrvHs6fEj1mklkfE0sAtiBcMM57MCw=","processedHistoryMessages":[],"nextPreKeyId":1,"firstUnuploadedPreKeyId":1,"accountSyncCounter":0,"accountSettings":{"unarchiveChats":false},"deviceId":"mDmDlfaaSVyS66URIZPUcQ","phoneId":"44eebbb8-f066-4c08-8386-4e14cf4804eb","identityId":{"type":"Buffer","data":"fw7B4E+rDPBOabArYpqvrBtmMtk="},"registered":false,"backupToken":{"type":"Buffer","data":"VdVf9lC+/H6Rqqo7zSQWxSIbAyk="},"registration":{},"pairingCode":"VX9M98N3","me":{"id":"6281319859673@s.whatsapp.net","name":"~"}}