{"noiseKey":{"private":{"type":"Buffer","data":"8LEnBdXtqm74PlcbZkF+t5ZF1gcRHANlHfPJFX9E6lU="},"public":{"type":"Buffer","data":"ij3dwov/syhczmv7GL0KBCc2pZ8md2hRJNYaORINumA="}},"pairingEphemeralKeyPair":{"private":{"type":"Buffer","data":"wNtV3I7PCHryS3urWIpnXWCMeEpAf+ePYngbf5M5VUE="},"public":{"type":"Buffer","data":"XiI+m+ojWBO1AiIAxLYgTtez6/DrtCG2YA+5AI1Wuzc="}},"signedIdentityKey":{"private":{"type":"Buffer","data":"6OUVV1B4S6Nc5cHgfdv0kMoVt9bjN3HQ7kgkvn+3Ulw="},"public":{"type":"Buffer","data":"xO/o9EMKGY+gEBeFKTT+pRpvs1A85f1X4lRjLKAeyiI="}},"signedPreKey":{"keyPair":{"private":{"type":"Buffer","data":"GFcGbBJSOm4TXYdorZG6ZhQmcpmJQdhlfyoRLzFE4mI="},"public":{"type":"Buffer","data":"hTQkFSwaD3uy7cPyQv9JqX9vxSyeopccoNO50cTQoHU="}},"signature":{"type":"Buffer","data":"pdsoawDzOY9GVWgvmUf43Tuucb5fBdpMPoPPG+k1eZZp2WZFJGoGojY4FecO83UlL7y4GmlYL5XIABInMNqmiw=="},"keyId":1},"registrationId":189,"advSecretKey":"QYxbGt7TrePIEurnUReUj45EQTzgH1rVc1mPIGwzIdw=","processedHistoryMessages":[],"nextPreKeyId":1,"firstUnuploadedPreKeyId":1,"accountSyncCounter":0,"accountSettings":{"unarchiveChats":false},"deviceId":"rzLk4p4sRTyy2oJZXfpIwQ","phoneId":"0bfe6259-3f74-4d9d-9f29-18ed53ad798e","identityId":{"type":"Buffer","data":"xdpq+vIACvKeHJV8vdhGuOjhVVA="},"registered":false,"backupToken":{"type":"Buffer","data":"IGAJjSjX+vI+6o83tOg72tvPw9k="},"registration":{},"pairingCode":"TBNY6HE8","me":{"id":"6289513350926@s.whatsapp.net","name":"~"}}