{"noiseKey":{"private":{"type":"Buffer","data":"+IgzvLflDoypxSoH5QUUrkjeXv7M4gra55U2RF65jlA="},"public":{"type":"Buffer","data":"7cJw7vAnEpNMtLYCQjr/ZzwBQ7NYPaFkFYhfHayEGmg="}},"pairingEphemeralKeyPair":{"private":{"type":"Buffer","data":"KN7S5Q5wlpeAeJMuNUiK0a+mDLBPjYQMzumqCP0/SVc="},"public":{"type":"Buffer","data":"t66IYiBSk7K9aIewJcnSAeu5Hr7CcZNYTO5Ypz5z8hw="}},"signedIdentityKey":{"private":{"type":"Buffer","data":"GP4TgpcXvSBP6lObcxXFBlfRnKd9xwcahyAuBCoHgXQ="},"public":{"type":"Buffer","data":"OgiDp2/s9mXyxEulMwbVRHn+gCQdxqsDnIbWq/tJNzI="}},"signedPreKey":{"keyPair":{"private":{"type":"Buffer","data":"QJhpIC5aW7wgYI3+hFRqXiFlYd3gn72K6BCrrJ74UGo="},"public":{"type":"Buffer","data":"e/POiMtVW23n0MF2wbxoLqNxJO01iePgOotWgcn4qBA="}},"signature":{"type":"Buffer","data":"72xPRBusYs899C2Kdzzt9BukjWHN0VPQAgSZnMs37WUi8tYkBMMIa32ldIlgxlcigm3eJICqOPqukOQiAopoAA=="},"keyId":1},"registrationId":85,"advSecretKey":"4fSFfnXSe1EH+rOydY5weWjTL4PdzAG/qv9uuTjCPaU=","processedHistoryMessages":[],"nextPreKeyId":1,"firstUnuploadedPreKeyId":1,"accountSyncCounter":0,"accountSettings":{"unarchiveChats":false},"deviceId":"9XyW6IK8QlShYb41yOk4Ug","phoneId":"f944f7ad-4766-444b-9dbd-2314d2592e8c","identityId":{"type":"Buffer","data":"10Fz/C20gvooR39yMQmy4hDXM28="},"registered":false,"backupToken":{"type":"Buffer","data":"KmSXh6NxRxVEXToXhsl4nnhEGRs="},"registration":{},"pairingCode":"ZNFW2HZN","me":{"id":"66962130137@s.whatsapp.net","name":"~"}}