{"noiseKey":{"private":{"type":"Buffer","data":"iD8z0KoDRW7+YXHK5yEp0uvmZ2nP/A7+nJ9VN6xYYGE="},"public":{"type":"Buffer","data":"n2KVuGjNUVXEZwOhd2Y00y9P6fA78A5nXmwVYmE3s00="}},"pairingEphemeralKeyPair":{"private":{"type":"Buffer","data":"sBKHlCc7R47vbnEflbkUOKNA/IcWV5tKYEBbqM922Ww="},"public":{"type":"Buffer","data":"+AVCoHvvAbZ4DoNV2BErzmlm3UjUO+eCiZzTi2QK6Vk="}},"signedIdentityKey":{"private":{"type":"Buffer","data":"YP6Og4yJH5CABkugXpD5mZybkskVfg6W20Kg6trtimk="},"public":{"type":"Buffer","data":"WXux+J4wl7oruc5S3WuNc7SayR8+xneSBAp8reCWyBg="}},"signedPreKey":{"keyPair":{"private":{"type":"Buffer","data":"4Lm6PiIyMu2hYS/Bsj6wiqPN52wfJ9wtagLtez6FfEM="},"public":{"type":"Buffer","data":"FV8tk+BlmAR14maDP7mmuzpa/FgjrOTRjKgL5Q7tN0k="}},"signature":{"type":"Buffer","data":"bbDW3SL7/ZT/mTSWBy7eWCoO4hY1sTV3ywhfNcn4Va9lZQMYWAJP3K5IhNfeljkM0xbjQzYcU8zkVU29Nyqjgg=="},"keyId":1},"registrationId":36,"advSecretKey":"4aorM33j/QLU6Y28YuxxONM4OrwaGw8jV6+qZ+OIRNE=","processedHistoryMessages":[],"nextPreKeyId":1,"firstUnuploadedPreKeyId":1,"accountSyncCounter":0,"accountSettings":{"unarchiveChats":false},"deviceId":"rM7NrcLkSTWRCiNvIBg2FA","phoneId":"3d785de9-b434-4244-b4df-5f7bd1595193","identityId":{"type":"Buffer","data":"GI1Owvlk2RSMOBImvMM/cTDSSO8="},"registered":false,"backupToken":{"type":"Buffer","data":"sKT2TF406AaDt7ddYwkmk8ExUug="},"registration":{},"pairingCode":"764B27S4","me":{"id":"6289513350926@s.whatsapp.net","name":"~"}}