{"version":86,"hash":{"type":"Buffer","data":"5EDQ42wdkiqqsWvyV7d7Y/lolItQftk6UNn4VnzEJgXJ6jzD5mtRTGR6DAt/ZfAwkfwECLRfuboMJr/nYelarqusErMzxZ1KYmf0f5jr3/UBkW1Sv1HfakvHHD8wyLlNkIkN7KBBfUAYYoSdJP4faJ6kIcuRhFh3MrScEnKw/Ig="},"indexValueMap":{"AqpSyWftM28swi/NjAbulOPEnVfXIX9V5PTIl8p3ijs=":{"valueMac":{"type":"Buffer","data":"EKbrzaFSJSRRaTGZZMVgPtbwWUbNxPEdyDc5YbCIel4="}},"AwUAHhd5yj3LY1ecaeNyKXU7r9JAjlX7xRffcP24jn8=":{"valueMac":{"type":"Buffer","data":"nKVqQ4z7XejoAZZUDKxcI1xWbuBnE0LU2l0dQv9DXJs="}},"A3qa8zuht3ZxfmQQZMIu1z9xZ4Q2R918pb5dxXS2bko=":{"valueMac":{"type":"Buffer","data":"vZJW/Ha5740pXODtQef5VzThztkZYcAUf+teMfntsmM="}},"BBJ97H3jxk31cLPJbYle7D13WGd9cFWomb3ToKC7jHE=":{"valueMac":{"type":"Buffer","data":"ONI63KaLvAbG+2i1JwBXoEQ+hMrfaNBekez8xQmRwX4="}},"BEezcihlCFr/5ZVebAsgoJ7lLkCMMNz+RSa+sqHtShw=":{"valueMac":{"type":"Buffer","data":"rfU7ei2Ol20Z9ypF+Qj3IZym7my0BUR0tyzLL+hBNqU="}},"CU7jc0kDb8Xkpxj2emfigjwZwj5Mng+VpvbGNJ3RO0Q=":{"valueMac":{"type":"Buffer","data":"x5lfweBZFpqvP+ZCymW6ZuFwJ+7/vN1AKPg3n/v9zWY="}},"CvDLX2p2rCoVcDsZmUy7BGbPA8vIbHTMVSb9FQx4In4=":{"valueMac":{"type":"Buffer","data":"1eljBD6XWAvcRzPpc1haJTtI/ZR1Uk5YI+8kgAIMuqQ="}},"DYyRqpVqqwHQvNYKMDg2emIWh6k1oYySYGmzoRg8CLM=":{"valueMac":{"type":"Buffer","data":"NzQUWDju/Y1Y55gDvrSxbXTOTkbjDKApFgXmjavqTio="}},"DhTv2RZFA3kkgWrwvJkRq82m0hhA94+gTYvI4gYO9DI=":{"valueMac":{"type":"Buffer","data":"dCINiVS5vaeoNnikmOWZ8KBptkIca1XeoZwaf3Y7ENA="}},"DplXcQ5fe2B692vBrzdMiPPOFz9y/gU3P7aLdBfUEl8=":{"valueMac":{"type":"Buffer","data":"i0dTy3txmQQXQ1Y00NBTYjyUEC8o3rDQTSxFpDk1tYo="}},"D5/8V/sur9u4ZAXsqfuLVtFUU62zuA6ykZPWV/G93/0=":{"valueMac":{"type":"Buffer","data":"hdBNHMz4TlpeLcx23dn0n3LxSwpJsrFf1m4B0ROZctE="}},"EIpCVvzfR1IforVp6BdApdYotujgGPvdUi2jl23rAo8=":{"valueMac":{"type":"Buffer","data":"PJ5WEQ8ZpNhX4EgBzSanK0jp4T4Ows8ZeEAJujJgF1I="}},"E1hFI5UhdQU7awpSmc83KnwapgkhP8xV8uL91C96d3o=":{"valueMac":{"type":"Buffer","data":"O+JaCISg4Kjr3odTQ5LDbWTKDbRcG/glen8UccoUDpM="}},"Fe9u8IX8l0m/O5TrjWSIC8ilRHSdFdRc4CaKKTVMbXo=":{"valueMac":{"type":"Buffer","data":"gNdayzwqOuEpOTHPPB85VZ7YyVP8nqYzOaJbSyFrToI="}},"FfU02Wl4zgT4DUdlJH7KflOM2Sz6XvMrGjl70VIxAZc=":{"valueMac":{"type":"Buffer","data":"b/tKWH+kIAhgP7FeNpx+SKkL/aC48SJqHQpJrDRT5A8="}},"GKVtsoVs1xX7haoc1R/JjflkuPK0gkaep7s9UdSz45g=":{"valueMac":{"type":"Buffer","data":"OTIuuezmLQ7TRkpr6RbHukZ2lQncSREnpTjWwArYJAk="}},"HAoCy3z3an2AFuqzTneUJ0fx3fv8kdPQquiNthheXcY=":{"valueMac":{"type":"Buffer","data":"jk7RL95Xbi1MXTsuRlkmOes997P1PC4asXMI2XOVwg0="}},"HSks1zbh6jYrPF7Sm+QNqrhRdbqWehHe7mI/+OUBui4=":{"valueMac":{"type":"Buffer","data":"O88OfSQUV4CS1WJmc1Dce14OFjl+cgZcNFjuHwnXKNk="}},"HaijaVinpAl6NAB93CN9AnfxMfCS+/CP59wNhnFCXE4=":{"valueMac":{"type":"Buffer","data":"I2ay54Zw7JDNROc7QS41xDBP9LEMms3HxfXr/T+c+lI="}},"HlheokCzOu/jyRhIWlM/7LIVnODXRVoEwmhLXGzusrU=":{"valueMac":{"type":"Buffer","data":"rl/r/fVMBMpqkm0vNmyKYBEojdkClNchgdLWtDNUCbw="}},"HozNDeNCqNQFtrhkYWh9OTCjgr+GvX7s3lVZMMZnLDQ=":{"valueMac":{"type":"Buffer","data":"OLK1qQbq1Ii2GMF48bAsyt/m+CYK/KRbPbNAhrEArCw="}},"IA6ObZCDfZNNs9/nP34YrzxYx54YAxyHp4ScZF50GkM=":{"valueMac":{"type":"Buffer","data":"dZRrc4FbF3oEv+M6JkzE7auaXniN/PsJR/NiHcbcj4o="}},"IV7UQM97cJ5Zxlv9C5YS3mPpmCmwAsZ2uNwlncOWzQM=":{"valueMac":{"type":"Buffer","data":"7dZFjpQmmJ77rQ9nQ7OMgZc+K/U2OBN5n7LodqjAGQc="}},"IscOmfSyx4d3C2QJykraq8e12G3QuPsM0iXMN0RCleM=":{"valueMac":{"type":"Buffer","data":"QwurnY2GOpC3Y7O/69N6IYYUqNtOWtOvHj6OxT6FeL4="}},"JhGYo84KYsWfwPApLHPallTbROJrw+zRHW5JJf+8xiI=":{"valueMac":{"type":"Buffer","data":"AZ9xO5f53UOoKkBuQpLpzyFThtJOXrm5G+p9EY2dwLw="}},"J0w3DvM4k5NdN5KQCfC35tafExeGvWEmIsJsCHOJDh4=":{"valueMac":{"type":"Buffer","data":"/0MdEBgzGS7pCIpfKIbXAAwjpUWh8+N/E255TCbsmQY="}},"J61EuMkB3RiDDzJMPCYzZhPuiKv/h7cMTikI8qc+7e4=":{"valueMac":{"type":"Buffer","data":"mjRJ6/aa1gTKyx3s83xblZec4wHhxk2WMXDjzOYLxzQ="}},"KASY9zvtmVPtPFfvPVnBX3dawgrOPgJNhRzqRx2t1gc=":{"valueMac":{"type":"Buffer","data":"24njsI7OiBpksJ6yg6C+KFJC5vqOY0jM3LrDrU0GzFE="}},"KIS0Q5o9ZPHczX7RLjW5wadQv3cgbURkthumgHvPgz8=":{"valueMac":{"type":"Buffer","data":"Ug6eNP8ctjCQESjdQeEhykpyGQ7sfFpfH8U7N52LT8k="}},"KOUXPfvQVDYtXDZr8e08GZ8+JVhv4qjfyc1fZFR7dWo=":{"valueMac":{"type":"Buffer","data":"s5zq4SfDxt6v0Gilytcjdb/QFE9MU6zMXr4vFaHeCY0="}},"KWhQSV6wuN93vXL+1vODvF8W/GHwqZemWRHjtqVB1is=":{"valueMac":{"type":"Buffer","data":"Xz4EW8AbLlvsZ9ZdCgu1Dw+FoZ36DvkmileVGBKYO3I="}},"KWzkGXgv/RPpmvyFRGIjPhjE5Vq1FV51YjaofHVPm8I=":{"valueMac":{"type":"Buffer","data":"cd7bbAlWFwJzz8su5K/cUoL4DaCA8YDJNvqcCN2M5d8="}},"Ki6C6xEWFv67E+ISeKAerc0JsayhFc5Ljh+Ek5wkpGo=":{"valueMac":{"type":"Buffer","data":"0Aj3YA8VwKLjZGeaC+hRtT8nFSOt0FlmSDK98L8Fe8k="}},"KmXlUG80IldUVi4oz9ogobexu/B3tJgm7koZ0IT0gkM=":{"valueMac":{"type":"Buffer","data":"Pvr8Ks+d8BKEuZbJQlHPDvfTsZrkxkUWAuygDcMiU9c="}},"K+4D1AYRgkImushf+6YyRoTbdObdrddHxOyz3YKGuoQ=":{"valueMac":{"type":"Buffer","data":"ugtMINdQmoVQq8Cf3WmPpDqXSzZFtBT7OhhlRO+VBHw="}},"LGEPSeqjdI+kJrgYoym8L6avwIvxoe0nqyGPE/BWd84=":{"valueMac":{"type":"Buffer","data":"NdRrZSA+6pRRc3u++FwEXi1lVmvkRxuH5KkF2vgG9Ak="}},"LWbmXcsA/Jsr6JqoFDBZQrEDnGMDC6gWCvaJDcpS90Q=":{"valueMac":{"type":"Buffer","data":"hlibxYZAf1vGe1Rr1Sa34oW1xedh/UxJ/VS5Lmuc/xo="}},"LgADA+Ya3lVHYTOXgAHWnxO3pN15396yQiANEZLl+3k=":{"valueMac":{"type":"Buffer","data":"aW2pDjuDLTuwdB1bXL/HY672jtri7yQSYaElskFKOg4="}},"LvoHrG+Jhqk1vUC3OB1OpJ9oXhCLMx0tDwWLxGR2/j0=":{"valueMac":{"type":"Buffer","data":"cDRhZS2RqMfn+SoUSlH4VwsOEYOTDxnLxQrfRXPZ54c="}},"LwdP+S3xV9ionZY3NZaqd9TlO4TYpUBTao7KftE69d0=":{"valueMac":{"type":"Buffer","data":"irOMCCp70GajEkCc7isOgXIn4au9TdqeqcX6uFzWIMk="}},"MLToVAFMEYXxlZaAgZ9t3pnM7vE8FBoaIlJLNuYXTqI=":{"valueMac":{"type":"Buffer","data":"HNbWT08/txS8WftTr9P2UPa9VyNpkKfW3+wPxRhFmR4="}},"MNcA6uOsW0+amWkZrB9+9oPtyJgtH1OVi6nl6pPxQWg=":{"valueMac":{"type":"Buffer","data":"6FEVXRhiagzJrjIiJAgMebFEQbw3Cx/lbt2xmyNtI4Q="}},"Myk8h1+h3eC8Sq02tNXwt9j3pPMqpehTomD3Fr2IXSo=":{"valueMac":{"type":"Buffer","data":"b4QQ4iJtRoGwTDzDDNjxHGp815sEwxneQJvwwiB1tMk="}},"NWB3d6E3Car/rzCM8yL2CRUG/l1R/x5zsDen/tV7Kdw=":{"valueMac":{"type":"Buffer","data":"/HJNevbZzotNUhQN57DMlw1G1NdsROf8Pk+E7okNvNM="}},"NZnS5Nnp/vWQQMoNHMBvAFeVGkTwetfolJxErUuPRn8=":{"valueMac":{"type":"Buffer","data":"c7Fgt/khpvEI2464EVEPKJmV6GiDljJdWvneDUILlsY="}},"Nif1BtGk41TyomX1PGY5NjNcx8vB07oqgUp37qMXyCg=":{"valueMac":{"type":"Buffer","data":"h/5CJYBUMkBgzj5D25TTEE0EPJ1g2mMZAAjvgd2gspU="}},"NqQa1EiuHKN4B9PHrLoV3cpVaGP2Rvn0xFJAk7gEpCg=":{"valueMac":{"type":"Buffer","data":"gOG7IwWRmXJrBAfzT/1txSSbazE8WfD6Ui/vrW4Imdw="}},"OGKoKSeqX8eg1ip7JrdFCb9SY9qvOvrDzJBdcJcqxhc=":{"valueMac":{"type":"Buffer","data":"5SCTiN88fVWTAngb7Eu1OYNavl3ey6XSGUIuJKg4oWw="}},"O3oa4JmbvJ9vMVnWZF754h04jPJr+q4joVnte8rDp5A=":{"valueMac":{"type":"Buffer","data":"lRFQlG5noif2xJ2bPJVfzifdX17dDhWu6T9K2IHeD88="}},"PlWDNWSJ7QsiXERRkGz0IbDbABnnzUI3UZMhQFcKAxI=":{"valueMac":{"type":"Buffer","data":"dyO7s6Z6zYRgaDPRUdkjrrB8P8iHpCJFGB1jmlAh0RI="}},"QBn78OwXXZJg/L+dcf2SEPbn4Fj3T39QxKy7v14gHq0=":{"valueMac":{"type":"Buffer","data":"qwRgTwOZU/0aTpRWsnlKwpBEzbsLL9IWjLXRKj3Amvc="}},"QIKAH6UwyVTXXdx45OMygLNR4az1n3J/M855Ba+8QJk=":{"valueMac":{"type":"Buffer","data":"QdcP3no/fFbL+Y4yuKNoto9wDDC+RZW0cd04VbEVQ5E="}},"RVzYCeGVEd3NVHj80YDXM8BMa0RSXOo9DArZwzwDMfU=":{"valueMac":{"type":"Buffer","data":"L6tUkgFG3gJE1EdxQaiGpRqtbxm9GgXdsdLpTmd9nak="}},"SKsK4Ro3Rn6X+Aw4MchjXhUdZ4BzpZgI4GT/qDW1IJc=":{"valueMac":{"type":"Buffer","data":"xaRjeFLsr5V9gwIEPLPOM9HAi/F1acnISFYdfZF+leo="}},"SQncfKvDQQTm3e3+/chg5k6kIW8CjTkMmlcApU7NuVk=":{"valueMac":{"type":"Buffer","data":"R2Vb6VOQAUI08m+WsIc2XATVvGJVZSJYMT+oS1mukNQ="}},"SeCd6kSNtJR2X9pVQnyF1QtNQ75Ds95+U02fpRQAAm8=":{"valueMac":{"type":"Buffer","data":"BDnScYW5CHHien8WibdKIDL9/OWLnIuMN66mg3ayNeU="}},"Sjzaa20GdZv/g7Zxzwf+A2eRyWWXek64yMp3ATR3tRU=":{"valueMac":{"type":"Buffer","data":"v/Si4hpzm2XToIeGxjZ4NC2h+6wuJ3kOTVEtqIcjDn4="}},"S3U5wo14Tb4DM9prh+mBsNpo4fTWV9Hi2BDZOvEea9I=":{"valueMac":{"type":"Buffer","data":"Vokx5Ia1o1quFXNp27p00sVG7UkTf9KZZxdkQOxhyA0="}},"TaJIGu7BXdv9U/Hre4+5Kmr0kzr51wowRkxIA+UpDVs=":{"valueMac":{"type":"Buffer","data":"rwsdQMQuQiM6PYS7OuATQHY57WfDS8iMz8S2jli+IRU="}},"UqxhPpEQ/kx9OmsRUYtqoQF4TxLBWOmHmXPoF4Y+Nmo=":{"valueMac":{"type":"Buffer","data":"nkeL4XnX9X20+0qrYUYM3IVToXPBIB9ldcHXM0aDfb0="}},"U8e94GqfMvTzYKAW1rbOAB+C1wPFglXDyoMnRjD0nts=":{"valueMac":{"type":"Buffer","data":"sPhf5QR1DFDSYuKfJK81NLg3tCcZukMMTkFX71vxr9w="}},"WWzGVk/4/JkIZwa+hhtqvfO2vgaE2JtmByqiCzRIDBE=":{"valueMac":{"type":"Buffer","data":"YtRatgmSQnC0nupAYMNfPXZPpSoN4w1CdstG0GpFyLs="}},"WnO7JQpUNFu8OyCcONbXWA67YGsagaPHMOa9ODeSLd8=":{"valueMac":{"type":"Buffer","data":"p58EEuwwg6LRIB7x1pnzOFx0GlKJgcay4AhgFwgfD6w="}},"W/xs9eLRlX2H17Va3YnTAT3lYNpOOqKWThj4U4nnmAA=":{"valueMac":{"type":"Buffer","data":"QpvdHQhpgGDoLeA4aXAn9IYjWIa2N7rmaTfi7ys91Sw="}},"XDCz590qMsS9umdut9CbZx6ngFKPxnglY/KiFZeVec0=":{"valueMac":{"type":"Buffer","data":"JDmxP5EGpDCF/vSK/kDnUFOnZn8JU7CiOXS8dEzYeaI="}},"YNJciEPB4ZDauvyB4gnieehvyzE/9ArVP09sEcMbrqM=":{"valueMac":{"type":"Buffer","data":"NsnSDbdX6o6I5RIBNkaldbOmC2BYDwSzcDSIcBJVUYQ="}},"ZcXICkJFLG/Lpqfct0L9+JyRsGh/LiIwXWThHHhDaao=":{"valueMac":{"type":"Buffer","data":"Rv5bRNPdEnEr6CLHK0dw3bFktSe8L0Vqb3i9Lyi0kNQ="}},"Zo+IorsUIw1LmtRJP5GCrF3lZace7E6yD/mldFubweE=":{"valueMac":{"type":"Buffer","data":"xy3KFJ/WDe8NxU0piZnx9kDsjCYFKgPQVopzqLbKW6E="}},"Z2cGt/50xE0hx4tL5BCCzFl9Ci+eVFD68MXR/2kj5o8=":{"valueMac":{"type":"Buffer","data":"5aTOMTF92QRi3irZ1hscJMB51z4l+p8hVT7UsTwNE1o="}},"Z8oouoD9ldN4v/IFBsVrYgof3jfIzy0LYqUGZnjKiR0=":{"valueMac":{"type":"Buffer","data":"wbarSX9lLsAcH6J6UzSVQsv79nYcn9eun2rAkj35oNk="}},"aPlYd82u8sZLWNyTIgOD1NLQHiyjsBf9GHUL3iNxFs8=":{"valueMac":{"type":"Buffer","data":"PewHN7Wms95LiaRAe2k9oabzNDRtmWVykD4WzvsNu0U="}},"afD9fsbpdetPDJxjAxT5ekOY7/kS+KjkBzs9kiuYI9Y=":{"valueMac":{"type":"Buffer","data":"y3vIX9qdsyXy3cnwalPekZg5WZIjlK5dKP7tSMbBrJM="}},"bIiqpdvqgqseb38HcUsPA43CwmYNS8hMmUcWVQVW/Vc=":{"valueMac":{"type":"Buffer","data":"xoTUzrI6GgXV9cRQLbM92LpjsclOHyzf3CvmdZWduyU="}},"bWQfa812r/JCUCGwKyrjZjgsejbOWwYymNM0zjfWtuM=":{"valueMac":{"type":"Buffer","data":"32TiZy0kU3ec9kALY/AETVvPid0XWT12SEWHIN/FIs4="}},"becP/jekKv2/liTUBKgYTNfGTp5CsF5OgwK01h65x5Y=":{"valueMac":{"type":"Buffer","data":"d0n+buNx/1zQFXkvTD+lKjMLasx39Om8xD3U+C4qEls="}},"cX6zyQWWNXrRS3LIjpgtbhaa7WXtfrf3rkOeIt9yWLM=":{"valueMac":{"type":"Buffer","data":"JxUscHNOB6l3G4uE4R3rJ5QhVQgy5oZ5+9DpBr0Y9XY="}},"cuhptCii4VWvGUGHJYxjDt5iOBcKBKYcqE46myiSRbw=":{"valueMac":{"type":"Buffer","data":"+4CzX0UneoZHchWOvQOeqHuJZKzK9RXsPFK1ehyM99o="}},"dMDqOFz48vVvqij1Y7+8HPe6EljkAVSREDaBK+lK1h0=":{"valueMac":{"type":"Buffer","data":"JUqBeOXgQDlZhR+KOh4Cj3nFJN2wyI8KfSPovaUuBI4="}},"d9KttRgzWiQVd41+XAivd4UJa50hABcfIBj4uWQjJXQ=":{"valueMac":{"type":"Buffer","data":"AAFgnzFRb1BEwBjdWtdm81QsuqohOYiQZ3BcwE2pDVY="}},"eFcq4ujKaUq0mlajGKOF4ZI9q2dhwPWJi7Wtbwg+AxM=":{"valueMac":{"type":"Buffer","data":"ao49tV1AcWefJeWOgcGWyyRagwNyq2mM3qeyCPolmyk="}},"ekBuAu0Bp5Yhj2n1ukV4IPibEHPOeHWjrA2LvHmQRGE=":{"valueMac":{"type":"Buffer","data":"fCBMD0RCSSKlinOn/AyWB/5Ub3JuFyD5sPpIdrBtItw="}},"ekk3BviM85iYzHy7jOmqTUZFlnRl99N9FiT2gLcniRY=":{"valueMac":{"type":"Buffer","data":"iWiM34PddsZejEBbB/378ipbW8T6B6Mbz06y22HmV2A="}},"h5KlQL6GaqCTF4Mfjiqejda1/EkGXOBK4HW6hzfEElU=":{"valueMac":{"type":"Buffer","data":"Vc4yA+VBCr1G1XCYb73rndfO7WG3QgxeZtnYcbtFxKw="}},"iiuPpXqrD3LbuiM+gtQ1gbYcWLwACRBNoec5BgdeMaw=":{"valueMac":{"type":"Buffer","data":"jH7I54WolqVROq2EiwV2g3jvYPdS9c0LnrtKFv4fOog="}},"jAW+2Vwg9M1F5CFl/+OZgtVc/7w2lYAFM1IO88X3StE=":{"valueMac":{"type":"Buffer","data":"qLdyrLpeQI5pB+G/o+S3P95sOrqygqmhhkcUhW8cs2A="}},"jkvxd+Bl4Q1QfnffUEBlKOoIapAAy/QfFz9aKXSDG1I=":{"valueMac":{"type":"Buffer","data":"lqpGaOj50aSO0z44A7t5drT8e/i7HoinmFb8al+jbkY="}},"kCK9PU6qg96WXlG/BtU45o52aJP4xEC+srOz/O76aMM=":{"valueMac":{"type":"Buffer","data":"mrGRaJZIBQfrqdHMtOq5yc4HRLTScRr2YPP9MdqfxF4="}},"mIJMzfUSGcdZINxxTXyx85FmrhccRE0VLQBoLrHw0bY=":{"valueMac":{"type":"Buffer","data":"H3Vc3yDxmPm9RS3H14sBuM27TV87dL3pKG4RENAZxgQ="}},"nPXwDsJXAe2mXM60bfrFCnX97T5/eOZA4oaVZoDX5Wo=":{"valueMac":{"type":"Buffer","data":"akKDB7Xn39Ok2WcyOEFb/s+0RFItES+BTBSl9OBfwVM="}},"nREy+wJzvWqRtF/OQwcuDRxmGKcSaOTDsd1lxfudQ7U=":{"valueMac":{"type":"Buffer","data":"Z6kUNOXx8vurVnXrOMNv9j1OqbmO8+tH0oHDikWcf8w="}},"npUPmF3q9LQ2qGar/M4ZqWTDPoY67WOa/Xqytf5xONY=":{"valueMac":{"type":"Buffer","data":"JodZcv0JYzUtDE/MZ1C/IDVAumSs0X86FvctNH3qlcU="}},"o62wGRvsGQnWXLUa0akCyZkroJs1kESdz+BZfjhHe4Y=":{"valueMac":{"type":"Buffer","data":"ZjVxvmEWgas29iXvfH63KLCwT9MUX4F6zApwLSOVre8="}},"pa/HSqEpthEKijeSl2tKetaGWzGuLpyXv5xwKRMHGYY=":{"valueMac":{"type":"Buffer","data":"JtvxJVqpliOwLOkigjyQ2r7IjSON2srq9s/V8IMVmbI="}},"pcVldN52vLkRlrve+k69yoEYMk8SgPELu2FZOkX9jjw=":{"valueMac":{"type":"Buffer","data":"79F0LXkfHIOid12liChJ3KFWt6a+SOx5tFwhoJpTIOE="}},"pqGY2jvTMcgoxglU3CM8EweyiWUgYpj7pqy1Sci9YIw=":{"valueMac":{"type":"Buffer","data":"xCfi3i2yLSvjsVZZCiE2LCPLAFiZlyWu0zQ4gSNCSqc="}},"qA0h2dYCQeq39szNY81pxb64/VcyI2hqmXIuUCeOa+M=":{"valueMac":{"type":"Buffer","data":"5Yrc0YMk5PvvtzoT0Zhy4GG54WgOxhxoi1A2JmpO6RM="}},"qPw7/7MtxH6oavu32ClbMVW87AHE3ThUTD74bwHqlOk=":{"valueMac":{"type":"Buffer","data":"rq6kgFmiyyZCZ4MlE3aWqX73mKPRi8GQvkkuhY8oZS4="}},"sgEf+9v+rdQO+hr7QlDR/FStzuUu+EOSspYRjbPoZmM=":{"valueMac":{"type":"Buffer","data":"UJxK/9KsIvdul+irtXj9s/KAVk4YVk46+DDV3WjyKmk="}},"tIt1nZ1C9CINrUVhCdfAMuIvO653mYmmkdeYhjlx2Go=":{"valueMac":{"type":"Buffer","data":"1Hhap0V0aPpBEVe9H/bBzdBCT/2mVRJHAXMlldOdOPk="}},"t9qFgwTRUSp5hZXKhKK9JMFRTFZfIL3jZov0EwrxIOI=":{"valueMac":{"type":"Buffer","data":"fZQAZsJonnO0ZPcp49GNNsPtN2rNu5FhiWd70bYPYxQ="}},"uIeV1b2zUAsp5RHnjitjyxrWTu9FZWdGFfI5GoEkmlc=":{"valueMac":{"type":"Buffer","data":"FVcGZVdeQ78rtUmaStoGWCAfF8PphJm3epw7OP77bLE="}},"umtZQXV4duS1l70Xoq7adRD/8nMJc2P5B15ql1SBLQc=":{"valueMac":{"type":"Buffer","data":"hjK66fbD2rGEzYE20CzlLAo0oCnf12ENFa7yENTVJqU="}},"vGX9sNtaqyZNloanupAc+6IpDBuCYNCM+SPh97ZtmmM=":{"valueMac":{"type":"Buffer","data":"FbF1LMqztWub/1ny61Qiu6Y+Pi5EMSreMbNNUUKPnjM="}},"vPs2nFn8zbvv2u4QbpTbNzlJeutQoNx+Rp+ejdEt83A=":{"valueMac":{"type":"Buffer","data":"FI7mZ3LY4FVmcAr/3hlFCORVcm2T7EUMozaaNMx2PqQ="}},"vscSzmd3RIpiNjUtSBiRLerPbm8P/0khRctqe4xigwg=":{"valueMac":{"type":"Buffer","data":"cLe6uwiOi2oXrz9dR9bh+S44bmdUpaCOq4AD9TowF6g="}},"wNeM1RoI0QMXmU1KDoQnQkEi61S1YUYE9Tf2bdkcsL0=":{"valueMac":{"type":"Buffer","data":"27QiKs+MQRLjfEHkgPhf8/Gl53T0gSDLPbLRf68c34Y="}},"wxvvnHwd1YlXo+qx+YO4nzEntY4WHiWYUfcKT0B3ndM=":{"valueMac":{"type":"Buffer","data":"ZyvH0FvjBNyyP0SOJ5+yuH/J8eIHEUBylw1AhJPlupk="}},"xHaidvjYRwXsrrSpEQPHI3hBZTq6dePX2F0XG/oisSg=":{"valueMac":{"type":"Buffer","data":"jX1Wyb6D3p7/lohtWiiI2htlCs7qMg+xgXrw4zUBemk="}},"xHnuDa+m1Pejmc1DDfqe8u6ylgfbExYoADu6EeXit2w=":{"valueMac":{"type":"Buffer","data":"4AETm7q9kDwSPxSo70+VXSismDwRFyd+VAD6wz8wMFo="}},"xe/V7VdbuzSfE68erwpnUpmLfh8ySwphQJNZLsnVZDI=":{"valueMac":{"type":"Buffer","data":"7fWV0ZiAnBr4EBddmqxNl2z3at5ZNgOTKpQJT56rIeA="}},"yKBDC1O2uevij37tvnbn6AgX0MLUitHnPoe9Q0K5aCo=":{"valueMac":{"type":"Buffer","data":"JTZR/XxXRi206QZY8C1WS2OkZjuJTIyyIwSeFx2DLR0="}},"zmrO2PDeZGOkfGD/89sIW+SEkNLUu/ynbHXeqt10B8s=":{"valueMac":{"type":"Buffer","data":"bHlnSIU+ETKoAnpZom1gIL+qG4Yo2UpVci8fo0a/xHo="}},"zzQAd44RWDFc4lcyKSXWilIJAnlbieUpmOQcdI2mxvU=":{"valueMac":{"type":"Buffer","data":"4f2FZkqlFBBEPv7mX5Ay4lVnnNg36+TU5uo6ueA7KTg="}},"0Bn+XR6+N6a6yYri8kqiufhqyBHC8+IcT0P4NsBWkRU=":{"valueMac":{"type":"Buffer","data":"MUVtxJx5RUqT52x1jXLjJeG+yd1L3h7jlEjO2BFnH9U="}},"0ZX4pgIf6ch0HClSo5Ozh4MZjgYI6VSC8mqVy4v2h3o=":{"valueMac":{"type":"Buffer","data":"HRX3w7aRVtWHYqNqJuPZrjOoJE1FA5z/bnRjYWhm6eI="}},"1VN5MqVFOk8KOzylFspUp4drQsZ9zLs6vj5mzEKBR2s=":{"valueMac":{"type":"Buffer","data":"M2KtL6AZHrFArrRvnFivMP9Vmzlj0P8Bha4gk3Ufejc="}},"1dEwE4gXgz6bGNlnXuSitk4cCvUcs7eviY46ZDOfFD8=":{"valueMac":{"type":"Buffer","data":"m6CQc8FUJuG5nzZFYzhESj3N4+3AdSOgpg9Gt/ZRnD8="}},"19Sy77UqdjTGeRqFHYLRFBC2MaxEB0JAZVIko9ehMpI=":{"valueMac":{"type":"Buffer","data":"OWLZy+rzoarG32kg/5QMFsN0v3hdQiaf/RJfHKMpyUk="}},"2b692Red+I9ZTeyKfKr8OpMWZ/vBWN2cvDW3Kt+O8xY=":{"valueMac":{"type":"Buffer","data":"GWlKcDzGnXLToJQVdop5cdxLUnjgEUTh0aDAnL7F5dE="}},"2konN8Y3aKART9gPFP/68NsmafKOkJSz4Z4YHs0sSn4=":{"valueMac":{"type":"Buffer","data":"7TiTVVNMxN1zOMBA3jvyOnLxsyiJ/cDPFDkR6CMzA88="}},"2ymlfciWKxKlErsP8SZQXy9SAEoa4HMs8rTEJWNshk4=":{"valueMac":{"type":"Buffer","data":"x8DeCqtN57MW8r3F/4AAXL8KIooA6Vat1kTTNCx8DTA="}},"26TQiGOu/sHBmvbTW5ITThP2SDMylaPLtK4slMQwLx8=":{"valueMac":{"type":"Buffer","data":"wU+LqrLqRs8Uv5woQX4oNm/MP3da+oCYuIupemws1KY="}},"3LhkDQVfYbUDoR9GdKrJQvvE8EUvJIODbFFZ6LVqmjM=":{"valueMac":{"type":"Buffer","data":"9N7//d5ky8y+o8sBFPVQY/jN6t50HyQebX6JcVLYaJw="}},"3w44CHKrgPtTq0G/RlT3qoBfK7ha6Cre8z7tY+vTvr8=":{"valueMac":{"type":"Buffer","data":"CZinRVGGQ8dV4R+iYA2qHH702yn/0/xDYnfsXivYOB8="}},"4QgDUVpG/6EpeZmbyzQAwgy5dNpISxBUWnCosiY2eZM=":{"valueMac":{"type":"Buffer","data":"ac5/IbedBc349U4BqZyNU0/3FpCTGKMwT8zzsWl+66I="}},"4Ub+qRW+lGpOudDH+61bdCcLKX9aNIJ2twt4uH7Kvqo=":{"valueMac":{"type":"Buffer","data":"swOM93ghJQEEIqEEHzUptLMSZ9oy9Rm59uhTODZUVY8="}},"4YSWpsVm/8cPc7QASE5CcDfD/dsHyJGn5jSkESvKrp8=":{"valueMac":{"type":"Buffer","data":"g7LDTIuJrOsyYNWY9a4y7EPm1KnATq082oJOW50KzFY="}},"5TXwvGkpmAFUzClQfeMh+cH+FD+9kHIySImKMKiEYfk=":{"valueMac":{"type":"Buffer","data":"5+bzCOKsjPohy3js5nhmnqHgddGQdPegkLfy/ryaeyI="}},"6En72iogFDVNhFDDtqgwFGe0Gerbj2zgW1khUpCVtmY=":{"valueMac":{"type":"Buffer","data":"PdhMDnczVD6gHz/UufbV0B9RxrGOgj5wau6fKeF94jQ="}},"6TwxBlm7bnREdaMc0LTOOZeVFw1KQOPX0QzoMvEue/g=":{"valueMac":{"type":"Buffer","data":"0UrO3oUqUN/NpOQKn6WJBfU8AX7nGJhYJMZB2oPndGo="}},"62WKqApRHy6bkBpJEHfBaa4JUTprzVrf3KbTZN0tOuk=":{"valueMac":{"type":"Buffer","data":"8HUhhUXhTq3IbZFJOZUoOgkOtrfBwG/jrT+Fhply2Ak="}},"7GWOmR1FPMOpvjaS3VAgQaBxYbY+Vg67jdtdiH3WkwA=":{"valueMac":{"type":"Buffer","data":"NJ1yztCPpCkmaJB5E3pGx3J0ivwaQdMOpNu0nLOOQQM="}},"8PWoGtRT9E9qkLgS8IJJfYWjjUXpemhnln8sBRHamiw=":{"valueMac":{"type":"Buffer","data":"XWb3vSGl1in47c0wk/aqs2E+BO1Dp/lG+jw6AWvmad4="}},"8svNPKDDvPXJ9yBW4rKoC+PTlSQLxaWreQB0JehwBJw=":{"valueMac":{"type":"Buffer","data":"+8aEsyT6FPjzM98RCeUhNmHvVejjaF6mFUONjISnBvE="}},"+Qt4EeBhR8F7kt7ZhDpqDSfn8BzywMA2Bys//b7WTUk=":{"valueMac":{"type":"Buffer","data":"rSLEZbyKtXmRA78i4Swq0MMUDJESam6NulIjPTztwNk="}},"+0dtxMgsau1u4II6eFdHYNBt5nGun4vh/HfzRJkRtF4=":{"valueMac":{"type":"Buffer","data":"1Q1Be03F+1QBStFTBWeDcXWgP32I81eVhyy1ZFJr+hk="}},"+/4PpfBC2lrIDIBUAMgnDRW/U2SOx9AJL7Mu8zS404E=":{"valueMac":{"type":"Buffer","data":"WL4G5rSt65Q+fwupZOU1yGk1nxub/g1MJH/YKIwJfRo="}},"cFfvZhFoziVVuLtQ2gAUHMKTSIVmuDd9hFa+5Iyeg+s=":{"valueMac":{"type":"Buffer","data":"TeAZgwNP2ixKLYXomCtG51ggWArVMBHlNl0IH/eAtWA="}},"9aWiOb1sqTIZZss7WWjcjuDM6vMUEqzFAtpAH1BBfhU=":{"valueMac":{"type":"Buffer","data":"UOXOa7lDsHmy4n0oC+CCuMQwA9pNUZZ4DCjGogUSmH4="}},"L5sBaaDW296372p9mpR0IOQ20HCH4168dTPXw2ZmfW8=":{"valueMac":{"type":"Buffer","data":"wwEBDm3MHYxuHxQGE9QllWWRdAjZT+mRRqk1E4NUSmo="}},"rN2CxZIsCEvWyVE0Afs0Qz28WDFx/xJqJtyDj9tDqJI=":{"valueMac":{"type":"Buffer","data":"uXNSaYGUFDRnravzKw7FN2TX7qKivi7Kjcb7Fp75C5I="}},"LDoC4dYLCSfefGg0KBJbZ5Ot+XrnI96mWvBJmZ7jTjc=":{"valueMac":{"type":"Buffer","data":"qcELz/yvPwtLApcBzPMur0YtL8qquW9zQhG355cQb5M="}},"1NibN9myoME0uigC7f7e1ip/N+bRdBEVNUpI4gnuymA=":{"valueMac":{"type":"Buffer","data":"on+Era2GLxABSFhOrvSknX3wwpNuIcXbIezQ4H3LQnA="}},"qI9Rth8VeHE5l4Y+VdA3JOR+48/vtfwZjPN7MGjkhXc=":{"valueMac":{"type":"Buffer","data":"XEKQPwMp0NpvmWRkVRl8ua+TAkW5kaJ8gtReaqHwBG4="}},"E+rc/gbKflSRgkx4GjSIkR706RkX3eGGg1CR+sdMkbA=":{"valueMac":{"type":"Buffer","data":"+IMn2cSnICpXjn28c+qi9NS4w+x8Z1moadU/U6XvReE="}},"q3w2gQ1ZDWdRGCZhC5LbG/WU1aIPLz2gBFALKcqaV6I=":{"valueMac":{"type":"Buffer","data":"PuAK/ZXFhIzbUmrWG1RGy7Dz/3yKrEaMP1H0rHGf0y0="}},"QXAjtKAzHwOwxLpQGG293LIvo5r6j79SQ0fz7WGgINo=":{"valueMac":{"type":"Buffer","data":"Gp5eQsEdLmP8Do0bkA4YPNhkFLiwgt1pX4hb0qc5CsM="}},"VCgJA39RBnCSbB8xZMftpHCfZUFhirPRL+Cp4Prpkb0=":{"valueMac":{"type":"Buffer","data":"zW2c/EoifBPUiSLO9AGUeqTLSMXsC6fFiwtzMsfv0nA="}},"gBwwVk+KqGogCocnswKVdQ6G9BJ4zXydY+BOzcMY840=":{"valueMac":{"type":"Buffer","data":"inmoHwnZSqRI/3lGMmZD0qMiOsyI+yyCbQZNs2MkvOw="}},"nYNsZEGfUIeoOqc/67j84p1yyNcRGLbFGEP4rg2Lv8I=":{"valueMac":{"type":"Buffer","data":"WaFNOKnPwJzpICFq0s4/Lh78ddQ239qBl2zwsCQjil4="}},"bAyXIVjHjbK2wX89VLNNjqqPgmkAX/iZYXHWe3KdjpI=":{"valueMac":{"type":"Buffer","data":"dN/BsiT8VSc3tvGigAB6NSbS87UK/guWigTMqhGp9pE="}},"lTHJhZoCQUXv+6CnaIu/xcjXRjRgCYz6QkH0UHDtN5A=":{"valueMac":{"type":"Buffer","data":"P6YHMj7XEegaEZMRMNrF4JfyafVxgQY2TQH6zdBHs2k="}},"Bk8ptMX6LuxQMz6vcj2Oalmq9ln1TQxJU9yo5f9BQAY=":{"valueMac":{"type":"Buffer","data":"IOwQ24YtTGn8Wr7O/RbBJg/Zq47dPKph3jdJbWJdNqg="}},"zPCX/oFJwFxg2ooG/eNoEQOyg8SItNe7e6sameb2MWU=":{"valueMac":{"type":"Buffer","data":"EXUDQht2r8IHrECZQXmR5cKVmBHbF5vSMWEZNHXdW/E="}},"iXANJ3aThslvyAw8MdCl29YosYvQFFwlmRsY7h9GvR4=":{"valueMac":{"type":"Buffer","data":"8BWl14BwrlvXai8m3r9K4tHDLZ4Id4W0PLb5AURJBD8="}},"KPmjYu7jH85wzEdLj1buBVLSkXPRDDr2aNIkNGg4iOU=":{"valueMac":{"type":"Buffer","data":"5fvCwlcFbJxyOTzgVW46JvddUfKjGWjCoKEC3e6VBjA="}},"JiYp82Iau+7kXPz2IjuADhUgRy6I+QW8gWFvSCZ8sl8=":{"valueMac":{"type":"Buffer","data":"R+p1TOoQneL9+zwf7sO77WcCwxe+V7XEMgZW5a39KiU="}},"D2rLWEjedcCIeE8EiTpaFhFSh9KevM78Ga8R5uBXTRk=":{"valueMac":{"type":"Buffer","data":"yuEKR2R1ccSct4b+48FpB+WsIkRGcYmTk6UZVyVsgco="}},"6WTs5dKCQ7gb1ZfP62aNE7qPnVj5W3OK8fOBshJ5Tro=":{"valueMac":{"type":"Buffer","data":"a8zfTNNkKSYq6X0iC7hHHa/Oiu/K7rXr0SDHeEFg8Hs="}},"/u2Dqq7xkzQVVcQ6a4n5o3cacMGtWUThxkbXjCL9sLo=":{"valueMac":{"type":"Buffer","data":"vxzxXsn9qjyivPEzY7+G/aH8xHi0u8/+wjQLc19vFKo="}},"8756YSdOe0RfmT4HZYB3n2iKcuL38RMtuzCI0X7fbuY=":{"valueMac":{"type":"Buffer","data":"uPYMWEHq0knM15Nb+I4ZrRvzCzieOECBIdHNVgxiQUw="}},"GDvQzj1LdAyF/asZ+8kNg+ZQWA7fN6G/F0EOnAnP73Y=":{"valueMac":{"type":"Buffer","data":"CxwBo1R/FMNTcwFpvd3Luope2Z73k1vta4YHfcxZOds="}},"aq/+XmZ7IdVJIN/waRPf2RsB50om9bq8xKizH9tcJ9Q=":{"valueMac":{"type":"Buffer","data":"mtYkeZEVgdX+fpsO0N9mwfT+t3OqMFfCL8ksACP1MzY="}},"DvZ5R1gjOhwluImPoK5ftG/ZpO0i7pxENCbaCQluY58=":{"valueMac":{"type":"Buffer","data":"6atDj3Sb5HzQdQzduOCKNAnAwowN3FFuAy7a1xBFv5Y="}},"Gl+LkjysLdCMBNZ+DEct+l1aLNXtt2qWgQZN0CBkY14=":{"valueMac":{"type":"Buffer","data":"20qdElUc1Cbsi0ceG0S6Kxkz1z/gROehOXHoTxBVFrg="}},"0uRq9Svd0uUI7lIiTM19zCX+XItEyhLVudNew8ox1YU=":{"valueMac":{"type":"Buffer","data":"i8r1+TH3/4WKVpwX0J/469UUgziWob/MjSSWM+PfUlQ="}},"85wCFIsCYducoDQO8s1ecO43EBwxpxN/pLj+mq4UPg8=":{"valueMac":{"type":"Buffer","data":"Ix1xrVjbLR9XiV3Y91zlOeYrym169nsrbs5lbFSeFa4="}},"JyBPPHzp1hJ8sgxhB8hiQHqR8TvF5Sz3+zwKVRgQJlw=":{"valueMac":{"type":"Buffer","data":"7ifRgC4EVWFby0wjmTI/WByeKalOX+L/P0mWjUc8UcQ="}},"DefuIsYs47NP8elQ/85c4bT9TDRcOeKSjOsJhlMfj3c=":{"valueMac":{"type":"Buffer","data":"JZDp986NtutnSFxV6bXNjyh3cse8orAcgHra3W8Scq8="}},"UNp5Q3g7UEoOWppFf4DzzdzKFThoifJbAFEWkk6GBeA=":{"valueMac":{"type":"Buffer","data":"kjljms5UIfI7QoXyFOro5EdVneqnL1HDxFn6icf64jA="}},"UkBbCoOZlNkEG7Y/Bo1jnahBwxo1pcojBSRhsYHCX6g=":{"valueMac":{"type":"Buffer","data":"piuMh/lT/45sVOyf5lcvIaRT2HivaLu/R1LzOKCC+3Q="}},"LIEaoUXaNCo/+HCSSQi5KaIBQqzV8Qlf6gqkgauRyCk=":{"valueMac":{"type":"Buffer","data":"Knteh19vwcuBN0SO3yNpViCPKnPle9M4jPgErURZdho="}},"Qf0E8Xs//9nyHNAKyi7x0JmZzFqqOdpDzTFVSZxBTUo=":{"valueMac":{"type":"Buffer","data":"vmNKdAY/Xq+reZVeBm6K3vZDSzkwjAzQ1QpP0HJ9nRk="}},"vh3e0cwMwTPNelQf+NEdRm07KlNVXqGQYPlr1l24yB8=":{"valueMac":{"type":"Buffer","data":"PJ4SRrEfEP8PoArl+dZTVB2y2dduxGeDqqGAARTr1j4="}},"wc+BqU2ZraSHINZ86K0b2CFUKDKPD6raNcZJ9VRf4i4=":{"valueMac":{"type":"Buffer","data":"d/NG+X/R4Q3hmcD4NVgqZ9mlPJYSmczliiC+r0zMFdQ="}},"yhI1WTIBCuQ3h+YY/EiVrP9biXPbt7WHkyILKNkBjvs=":{"valueMac":{"type":"Buffer","data":"L95vI+GrY27xfPAwX9hsU6VelpTX66x39RfhJ2ioik4="}},"H3Nc0ex2/vLU6owkzyKW5CSZUNFh+kivLc+LzPKKvZI=":{"valueMac":{"type":"Buffer","data":"/749qsqK6OA7qVAobhSLGFmL0+/wZ0paDLJz6g01eAk="}},"ND9rP2VwyMw1kl3Ty0Zbd6WR9RGtOgM4hMq2DFpGdbQ=":{"valueMac":{"type":"Buffer","data":"2OsPujqfUpVoDP8IT3MwiuMYUI3i8nQDI3q+1g7lmJw="}},"frsw5jKuUBAYYFNadathBsjjX4ZOsQCVgqlUMmmrIDQ=":{"valueMac":{"type":"Buffer","data":"BTRkxT8LHUEejI57w8XN5TD5eLxq/elRs2cPjoH6zAI="}},"lx/zSWp735NUclNXykSlPaXbcmNzoLc6krDtpIzZ9Rw=":{"valueMac":{"type":"Buffer","data":"80Zw7Ua3EB2co/G8mP5swJ0QnZJXL5Y7BGJzFC5P1q8="}},"/WtrtWQuG+/06IOthSwyzVw53JFQOQ35iPW4ybQeoaY=":{"valueMac":{"type":"Buffer","data":"5sNRIU8WZciibhX1PTO7RH6SBvat0NmSZ5AdtVqk2jg="}},"9MkV5gyMunCPgIcF1fo7+6JwlAlEi3G2+Fsw628K0yI=":{"valueMac":{"type":"Buffer","data":"IxY+jza92WsGYirNfc57rE/O18PrQ+i47c+m+SU3ejY="}},"y0xKjSOC1N0K2XMhjSG2ddS87iJDt4KrtX5y3kiNk2U=":{"valueMac":{"type":"Buffer","data":"mWyaTYmm578HCl2XYsvVccldBEalg1ERO0ehKf6CxgI="}},"E+z9yZjeSGHzO3u7FaX+JMQK6XWRVQIVeCOerx1LbDA=":{"valueMac":{"type":"Buffer","data":"4F7NTSsgY7t80z8gUEPmk1yZKpiuo0mPjwEuAjzpFFk="}},"uYzewUElAlQhRRlnujcrAqoWhWPKf3aVK28oxb7qwGQ=":{"valueMac":{"type":"Buffer","data":"jqEGtm+T+fq9twpbiFDA7t34EthN2I9l3UagmdXJYP4="}},"rAd7ruIyeYKI7Q0oJ0TpxURVedm4XKF/uFjwQ0QCuvA=":{"valueMac":{"type":"Buffer","data":"TiqskqRAUl5CVrPcwrfhe3OTcJCVxn5Y5vV2kqh1YTs="}},"XSVUo9CG1irSpcbBkTLuH4aZP5N5P6YZ87pyvLwMHTA=":{"valueMac":{"type":"Buffer","data":"2GQxi869K4xOtRGWBP1tyi7cQIW0i2B2f+oWJp/GyI0="}},"AAE+Vr/v5ge3BetSxGjTdHnLQBXiEIdFMkArci8hQIs=":{"valueMac":{"type":"Buffer","data":"9FHbYwEufMCkwWLZJD31dXENeY5ltcqZHeJdwE3RUZU="}},"3B16pWJKBkebBdszSuU1M/jlSHwrUFu00nGUQhGvtXU=":{"valueMac":{"type":"Buffer","data":"OcimvQIcQyRc002yph8EjFKt+/+GGrL4Cajv3vzFlcQ="}},"wCTjcU+/GkJXFbalYHO0o3zxM9yCpEK/w/eqcN0JgQg=":{"valueMac":{"type":"Buffer","data":"eZWM4uYGj1674rPP7ExeKd3qJf08vBLHbq4TcHr8QmY="}},"T14vL8meMM16uPNDSPBCP4aICQBSSaSv3sb72GCuLxI=":{"valueMac":{"type":"Buffer","data":"h3w90FDNONVDqsFFK+dHHprpJ84J6VdVLYzFhB1vuro="}},"N7WYYBdgUXvxbL7AGMRQjfI8JkGX4WOy/+A8OE6rfS4=":{"valueMac":{"type":"Buffer","data":"uHxYiWwPEBQ5E8nhS+/PPKvmU1avvv817anyUgguNDU="}},"GU0fMYDCjm32rBXDB+Y0bR8nzDYFmvFZDzJ+bbEb+MU=":{"valueMac":{"type":"Buffer","data":"iElwUDZ6B2JgOdqrsFX6YICKNwdbT1J9h5GLdkQdBbo="}},"isNOAQfTAGQyxfqx/S1cMVQD1ua4tJXSdHsmWBgGL7c=":{"valueMac":{"type":"Buffer","data":"4Oh4lk/ZtsxZbzj6WsropHnS8DxpdmL6Pn0RyskL+X8="}},"Ag7BD9r7bZE5v6YaQ4/g66hNG6vhg3CTq4IE6TBokII=":{"valueMac":{"type":"Buffer","data":"5fS9sejPgMGk8/AXCXomh64k9GL4a0Rr0zaxDDzUS4E="}},"iemw0JgmDivR13hIvZpoMMuiYYxuQR4ws5jZ1GIrHgI=":{"valueMac":{"type":"Buffer","data":"LP6FjhLmcNeozbE9tCCVjVWQyVfFzxL3GghyOzQUl94="}},"5if7lfO2u8/m3bHOqAjFCXyUWXA6WUdeO8xvsXnEiJI=":{"valueMac":{"type":"Buffer","data":"X2xxjf6vCG8PwRIyVAB3oXc4OU/hO8YXUPLt75VWNYo="}},"XGVFDDbxDRgutFC60FypHBz5N4pHeKfJVAcSa2hgKcE=":{"valueMac":{"type":"Buffer","data":"XzCwYXbzNeX36gUGcA9Ix3erpfotqBApVpSNPE4vgz0="}},"X28iCaUu9dO2m1uqAC/xiUggzOaXs7EznHUQkLZkLVQ=":{"valueMac":{"type":"Buffer","data":"aXwQXB/9ohVV3OrLZScQO6+zP35I24V5iPY1BlnVlaY="}},"8TU33UQ+2X6PqIC4ysvi66w7iXffypOMPnuNzKw7IBg=":{"valueMac":{"type":"Buffer","data":"oPJgJGCU6j+5VyMP/ex+9j9kOKwBDa0b4TodCE/Sxtc="}},"pLES/i68JKwEdE/by+uzbaYD/FZ9xPhlZgzEbw1iL5w=":{"valueMac":{"type":"Buffer","data":"nmXzkGkk0LC6izlbgbpKcSlyioTxPT1MdyxN2ByH7dY="}},"NphLLlMJhInE6bFgHg/ByauzPzYwZCRTC8gGhbKbQnE=":{"valueMac":{"type":"Buffer","data":"ZjdMzl1hjIex3gZlWPCwUZyIvtW8eg8rEayWNpu0NKw="}},"f1gA0z+YbkECIP+azHnoleBtoqqniNaUGtaGEKGyFYI=":{"valueMac":{"type":"Buffer","data":"/LFG7yRPZ1lIt3byTCkSGQH12Lo0596KMIoPuurazzA="}},"p6Us0HhA7dwBTb4eG3ObphUFJYC3k2dTSQsRCYicjuM=":{"valueMac":{"type":"Buffer","data":"kQMD+iPEvi8FFNqE5MHXS3804KA/YUMM21uCpuPQlTY="}},"Ey/ovz/uvojfUgRgK+LvLcxf3klAQvzTOEvgeazG8I4=":{"valueMac":{"type":"Buffer","data":"Qgez/WPwP6HHSaqlS3GVKBXQQXqgsbHF7Hx4BHAQroM="}},"4odfIPzw4eICMZvSW4w3CKVszRh0LtaUgHjJlxunqao=":{"valueMac":{"type":"Buffer","data":"WOhQ1xTHb/lbwGeF1BP6xRXI8VJM63EUgy9XBsHOxBg="}},"9n12CbO5+R1mdYR89WPCkoIyeXOus7FoyCtZNTDVW2E=":{"valueMac":{"type":"Buffer","data":"839kdkBkQwA2ivRTCBxI0EhmsYddNsUH2XHZoI5Deik="}},"6GHc4LgRBY7n4Zq/48jB6mv2XM8lLyhwE3xen8D1azo=":{"valueMac":{"type":"Buffer","data":"yRfDRZUt8E7vMDZHX5ddIlw6mxa9Y8b8eVc4lkb+5WE="}},"e7K0egnVxG58x3+h13ty+oHMT0I7cWXDMwrFt+JiDfE=":{"valueMac":{"type":"Buffer","data":"/QkwHF15MPJvnbXNK66sE6mkkq0jMoPRaouc2g70Rqg="}},"2Ofx7fy208zm5aGdl2v+N4pozPjGJdx+ZFW8j1Hf36k=":{"valueMac":{"type":"Buffer","data":"7DsA+Sjga9y9sy/DjiDDSmcrZdGvuXxM4H3d8XGRxNg="}},"3PU9RUtakL7ArkMAF9qEo7dnSk5GoIQvsi66C6wDevk=":{"valueMac":{"type":"Buffer","data":"06Ly1jYjyIClEIZzkW7DWoUPSqvpYxQgTNoBF3Dzb0k="}},"qFNtW9h3lRCa1sNGgY2pRPDKJelXKYvhNx34aa6dG9E=":{"valueMac":{"type":"Buffer","data":"AnR0WbML+c/gxHukt501C7pzzJI52OsQj1ZvjQ4aeBs="}},"BfQy+xqRfHvKI0233KnQ6lUBmgCPwptMuvX+cddZRto=":{"valueMac":{"type":"Buffer","data":"O3xSuvnXFVFBHj4ogKjt4ORcQQ0ZYchh3NJ0Cn6ewAM="}},"gLe+EHQJROkUWw1St2vMI/DmhHsnirdXhQ/EK8GQHaE=":{"valueMac":{"type":"Buffer","data":"/fbGD7XjmDoDj9IKeM8CQxvmoL0RwA0GG/eNCU46aOY="}},"orRNypcaoD3zBOzFvB+cqpfb1uuj832+AOBjNVFy6bs=":{"valueMac":{"type":"Buffer","data":"n6SgP3qNBdEvp1TWOUo0Zdo0JuBFqqDFW9ONQ85Ptr0="}},"KwohVOa8/6WA8Fe3xsjSGUgYHXrx/wc4oMnDb6KEJNE=":{"valueMac":{"type":"Buffer","data":"50NvjEWdtYh/+/dRIIaiO/RNSbseQ8Wkj4U7AiVdekA="}},"SZooQkiA/mioQNKxhX13xzNE4IVz7Yeh5d4iQSOQpwA=":{"valueMac":{"type":"Buffer","data":"ZYgmRDQ7Cyh4m2A9Xn4SggacWtunDJIk4ZzJ4/9KfKs="}},"hb0IauLaex2CH0gvC1h6YoIyjyTxTGoZVv4y8a4/7v0=":{"valueMac":{"type":"Buffer","data":"fwwc/SqRc4sC+BeFa5xuZz9kAlPOpeunyOD9FMTtAyQ="}},"qnCN4+QVBGsdldxjXh8rR1dNBn/IFP60wX04tCrOhdM=":{"valueMac":{"type":"Buffer","data":"f5w77F6BqJOtNxh7O1vIE2Z5Uk846P68/02qRi+8V2Y="}},"8l5ZpSJdHrdkYwnsC3M6TUtFK4cIX0sUdoJWIYwbQhA=":{"valueMac":{"type":"Buffer","data":"R46P+E3XLIyTnU1AoQgRmVAj+A1YdtOw5mhKJ7cxnt0="}},"4G4UsBjedNrzSkqvM6zor9c0r/fkscQtH+x4B9ibZms=":{"valueMac":{"type":"Buffer","data":"vtHrRVaqddMCdSddSqeYaN1RBfcpamud44xTM3E72fw="}},"Lc8FkI6du+GNa3DqSjwlV4BV/HynQvSMW6WASCe/OWc=":{"valueMac":{"type":"Buffer","data":"j2YDDeBFpE9gbM4idMzxUCm4uRcNKN7yPCF71wGNXRY="}},"xWg6DgoZReDo1+ZT9wQ+mLInXSuJQTNklzUozWXWMXI=":{"valueMac":{"type":"Buffer","data":"7rvNDV7YyraU2yz8IKBXyYR9yhbi/xnlkFiLXyRsBWs="}},"MGmCj8xwSBhmyiL67X/f9sM9GylFoLFCg96hbIQxH0s=":{"valueMac":{"type":"Buffer","data":"7qDKW2boxoD/a7DWz5u4g4J9OW4UklrEltgj09b7aBM="}},"ZpDptyGSUuKGgKtgwxBdgHO4BMddaSX7FpZhuePyNVI=":{"valueMac":{"type":"Buffer","data":"p+XDw1E0DxK1ABeYS2ImOjdG2tLxvmZBoA26DQP7QZk="}},"FxXVs2EI2tfi8smJWU7iPejlNNTCwXKtOhqJ7Cuuods=":{"valueMac":{"type":"Buffer","data":"1vnAxxzOB1XF21rSqsE6Zy3/mQepxLbv9YxRAiigqqk="}},"m3v5I37MrOTuFKlcaZB5iTRdnqIvyDASmQp9zPdGpjc=":{"valueMac":{"type":"Buffer","data":"z0Ah6Z9RqCrJ7V0T9+afhG/3QRWW9nMa+4o7MKKcebE="}},"73OLUuYwOKm5mykER0BbhTzq08aZatVBuWpIhN3/wps=":{"valueMac":{"type":"Buffer","data":"+Q3ckd8gb7wpCh/JbsElqfVEtm9N02Vdmdfrrj2z7AE="}},"73IAkIsJQ9jk8ZLwJ4ABR1vECyygWcAl/tLzWNatv0M=":{"valueMac":{"type":"Buffer","data":"MaR5UkFZvsTPh5l8JdKnQIw8mWFIpGNoXi+wXT196rU="}},"rmgiNJkjaaCJriO+FFzn7Mz6NNKhTbQUWT6FwO/rS5k=":{"valueMac":{"type":"Buffer","data":"JcU2woLVlCa3Jlpdf8z2IGeb6aIgPTuouDUqWOj/yLY="}},"k9iLymqUPLh4/LyB8y3NYXHDMGRGYsBYjoSzw34paK8=":{"valueMac":{"type":"Buffer","data":"nIsi7G2QWMySNwhhD2FXyJONc2Z4ueIotqzLOEtsb7Q="}},"RMsmjq8GPcWXJwgshxoB6MRJjFGcXUqtxFKtzamuJx8=":{"valueMac":{"type":"Buffer","data":"pRXRpBJpObTEk0LDYqO1uU2ZlJwzJgHEG9rdJXkp1Gg="}},"FI1rb8mZwht97c8kHsx7gBn8n47nFlF4ndQ+1+RpZtk=":{"valueMac":{"type":"Buffer","data":"E86oEisHuOtWP2lVtFNktXBjNVWEfkUFpjppJbEbhE8="}},"rgwDKGuqIcGorUTmPHAnLmMCyjQAodXNV1FUynu1dkE=":{"valueMac":{"type":"Buffer","data":"lWZysIgHdcJUZe5j7xntdl85/9/TvG9pDX34yjhb4Ew="}},"o9hxT2QtM85C7/+6V1FEfAZGuSI3gWsnP39Dv2uXDVM=":{"valueMac":{"type":"Buffer","data":"S9VZSi1kQADb6apD1z72xCbNO9nSpIGF5u8apC9prjk="}},"D6M499LAcqB2alL6J2EphkNlaWRv2fsnIN+sgT4AYL8=":{"valueMac":{"type":"Buffer","data":"8OPuOkUOlkdz8Jz/EJ9EGA/wG5lhfFesYsa7ov4tfMA="}},"rmJBQ4nvcxVS/mFwpbNAqWd8UnBkU0f0x6/MdTxjM9g=":{"valueMac":{"type":"Buffer","data":"CgB5bzHQAODVtog2pg8LX+cIwoE+ibLgEuRaBMMrMjo="}},"qfTGkKXHqg4TBSOAM1mCYUFcXUG/EnALu6XgwRqfHkc=":{"valueMac":{"type":"Buffer","data":"Morw4+mbozkPKz55gD56O0/H012a0CqY23rcirY24rg="}},"2zPBua7ZeBYMwVwKwO2av9qUU2rCl4aqod3nvmJTq8c=":{"valueMac":{"type":"Buffer","data":"LVSEVoXu7FY9IzjUej83A8zqrvjWcHKJsZWjNQd7KeU="}},"+LUeQzRwPt/BxcuyhG7QEMVFzuVkyJcgM2+BucK5SnM=":{"valueMac":{"type":"Buffer","data":"cH8At3vD+7YK4QyCqmGvxdGAqk+DsFGGoQQgrWzdwfw="}},"YB3rDuIJAWGtbsUdZroOXMZNnaI9zh2ISKUVQ+oclKc=":{"valueMac":{"type":"Buffer","data":"wmKu7x+zZthhdQdh2+XwFqoGmDANAg1LJwmH7DdyfWI="}},"iCuHKQx8pHuHo6u+avuZxb2drXAIvKLovyO7BVevPck=":{"valueMac":{"type":"Buffer","data":"BBHcknH4eyOjjqyD4vD9sBbXDbie/Mpb3HP8ncOho/g="}},"/lsKWdCZ6bgmKD18g1xqALcucBIDHF46HP63ZtfH6Cc=":{"valueMac":{"type":"Buffer","data":"YX0F4EJ/CdmFQSFxiOUU6eWKgqUoi8UnOkHWz9b2K6A="}},"7o24O2cRmJMFtJRxsQb0NvwDeZtanedwkZvwk2dA0ZY=":{"valueMac":{"type":"Buffer","data":"Hl+G00DC+5QiDHRxzZketLD/NAtEyEdaopuDhkk1ePg="}},"NGlNPIOjIwGxp84/+IXE1yroH0/f5tRr2GWXLswFOAY=":{"valueMac":{"type":"Buffer","data":"wLLOLe9QLX0GFDYUgNcOQ5jAfzcEVJ8yEmiOIwn7y1U="}},"PSAJQELwhDe+sSm/CW3f5xgB+jgEcif5TGCtCTdmXLc=":{"valueMac":{"type":"Buffer","data":"6a/ms7F3SHXbDUTgPUGis22k19uAhwrVjJGsv3h1gQ8="}},"RZoDZfVLDUgv01klpinLfDf2emn2yDPK5SsFQfksaDo=":{"valueMac":{"type":"Buffer","data":"nd/3VRy8+EiUcDSmtdU5WsS3tJIJpdiZy3tU63OwuZc="}},"VDJvP534Ikkt3E7rn7Pkl0T2HEXgnzrGgIPIVRN2M/o=":{"valueMac":{"type":"Buffer","data":"9CLcyMTz6Z7rDhl6C3RcKHF7gnlzhQ4xRE88hPIBndU="}},"FJ60xw6NirGn8sySyy0jQKIEY9G1u+iyDHAC1pnhZM4=":{"valueMac":{"type":"Buffer","data":"TTgzecbfnb3erbNcxYeMrq4hLpgaDuXs8dMhVKTNdOU="}},"Qeupg6ee8lnz/LVu5ca+TufX5U8KsRu4fe6mHj3viwY=":{"valueMac":{"type":"Buffer","data":"gJ6hA1esAXL/aqqjplZ2u1By6xdxPYULjZKmuGKWzt4="}},"64gFZ7A/QgXNvbWBkmhAEI1pzdbo4nq8fI6p2isKYjk=":{"valueMac":{"type":"Buffer","data":"4TIiwB2ynXKe9f7sLd1oSiGTorCc/eFHoYSdk5kvFno="}},"k32vEOjCCe1JqiLtl9lK3iecsCjFYpVFqfLS9XDALo4=":{"valueMac":{"type":"Buffer","data":"H33MRFglGw3yY++cUCOrykKNM+uSDM69IKdAbog5nnM="}},"Hj3IrsnDCVBc3SZa0X34m02XK7p9Om+GF1r0Dj5NSMg=":{"valueMac":{"type":"Buffer","data":"ABCRddC+e8eIVJGF9f6xkvLHyvQSwoslTIDuTa9McG8="}},"McEjP8LCFV62WvRp2G6dhbbiWoyc3ZZjA4TTkYFRm50=":{"valueMac":{"type":"Buffer","data":"NMGr3f0fYY5hA1qURaaWXwNUpHPhTLv0Sn0mm7qJ2QA="}},"A1SW7sMoaM8Qxg+B2yD6Vi6y0XPBLs4Jx1dT2azdTbM=":{"valueMac":{"type":"Buffer","data":"fx7KpAfBmTWHW+BAojt6Ubxfuu97d+VKwsZ3IifhlC4="}},"c1vnySrO95rQDdMJ/J8N1fvvUT6cAPyka/d+Gjjb/NM=":{"valueMac":{"type":"Buffer","data":"qjOV+GAndP6RBrtDtguY8UfB1oOUsSjWXvaBwiUc4e8="}},"gRHeRa2LQELKG7F5cC1PI/ftHcZ8Unfw7iIChEhs8ps=":{"valueMac":{"type":"Buffer","data":"6+djSCJcTz3V0eot4z0/YcieiQ5DLmCXNS6X0e70jt0="}},"Mjgybm70FPGLDsARHCF1woX9/kkJpo+aBMb3q6sn2nI=":{"valueMac":{"type":"Buffer","data":"rDSNKP84Pru69DGIOEh2UNU7zHncZbtO/ZATqAVDcIU="}},"DNtubTfZfEsKWhyL6X8wjf2sk7xGnC774S3IcDYe2kM=":{"valueMac":{"type":"Buffer","data":"D//D4O0aDW0CN2NyuT35DVl2P2LHI+8wH2E5b/xEUWM="}},"X7SGmmXS4WNVBzMPIxWFkIBdX/zQpdeBCSQl3Oy7s7c=":{"valueMac":{"type":"Buffer","data":"d6rE3joZrMoTTX9Cw2AskHtFvRiPycOR1+xJNuBn7sc="}},"/w/paKXTUu4nTlyRbFr5Q1uxcUgF4jtZaMtGMAEbnqM=":{"valueMac":{"type":"Buffer","data":"m4FpnPMqcm0W6lQgW9TNFaUB3BGd8bRREDoArznLy7c="}},"PUMiaMna6lGNoCk09xux1x5VKMnqyDH9tMBkehGa5DY=":{"valueMac":{"type":"Buffer","data":"yHeeThb6HwIiqVU40TvStRJdQyQymBVNRYDQWcDM13c="}},"DyjdWY3wPEXB+hHckWTXv61KrZZy+LcRZadSO0fz4u4=":{"valueMac":{"type":"Buffer","data":"VAotXVDArbe6MrY/l97ijeftpX3uIwnQ0QEuXTWways="}},"QhgjL7mfNrJ042qg+o69X/JQoXJF9rz16At38y2BJiU=":{"valueMac":{"type":"Buffer","data":"cehUzP+LygVMv9AQLbZZ6U/wiF1w3n6Ndy3E7q8M+PE="}},"wmQoDa4HEHDXHOPNqoHbyrGPR/DVtSTl+rGI6yN0po0=":{"valueMac":{"type":"Buffer","data":"6PSHKfpUWzrl4KKY13noqnyfCN5N/tKjJUMWFpBw++o="}},"44uuwSEc90Vw/+c9v1rHj9DbQWGls74w0XQJYKv9DoQ=":{"valueMac":{"type":"Buffer","data":"CNUkJE0p0KNymw4tQr1WnnATCFjwlqkKeKL3k4wd23I="}},"c2MKhnfcaln+5tWiPgTsM07rk5+HpreYdupsbF9HgVc=":{"valueMac":{"type":"Buffer","data":"weJMNDOSmjk3QItXUCfp2eXCXt2Kic7nE1Y+XlCXD3I="}},"kuZ9rm9VzBRHjeKKvK9UWKDHfl0NETPe5f6gBJ9SHr8=":{"valueMac":{"type":"Buffer","data":"aLjc0TxgJRRZDzT9shiJ8QSMAGDFNaYI+47pLnoHAnI="}},"WTZJ+UIE2K/cWyoGnCvjMqJjPK+ItbTTmLttB1AcN7E=":{"valueMac":{"type":"Buffer","data":"LL+C205Lz9tPSchx05eQTYcrX25aqJ5iMEekWwhiFZg="}},"6XIwRKFLBCa8ooMFNDyyqIdVb+ihbLcL0ztnZOlsze4=":{"valueMac":{"type":"Buffer","data":"Irp/TqBNk/R4diEjl3uiwc4Bb5qKhuqGeoC0GhdYwYw="}},"z2Ju5WsmMNj3V/+ohu+Y0gedd5YfQE9VUqq/fGgiSe4=":{"valueMac":{"type":"Buffer","data":"cY98hSR9i4JWSElzsuxbW1GLJftB0K23pVYHCzJC1H0="}},"dZoS5bIZMhs18xi54p8KTAEAEQU553XSD75XxBzKM+A=":{"valueMac":{"type":"Buffer","data":"WRz4edDvR+RlKW6U95W3liyg1BWHfdWb893kIM1SoA4="}},"KO5VU+zR0pOnMxzUSSgMS4JcKHyjBo9g1WdUb6jp8v0=":{"valueMac":{"type":"Buffer","data":"EyjlyrhHaE6gn78iWFZvx01WpywqLUQdiYQO1EeZf8I="}},"XoZ3oNxdC73aCHMZXRzdgFH8+WbiADiTEdL9Kj4nkXU=":{"valueMac":{"type":"Buffer","data":"TRhDn+Z+csqXaNeN8/6MlnVrgr2OaRbyr9LqKUtFC+s="}},"5FnEwiqvoFxuRqVYDKe48mouXOouRUTl94i+9eKVlxo=":{"valueMac":{"type":"Buffer","data":"8EgrrOrfh7cdb4f78lNeRpV5kOBRDu60q/xjCkpWa2Q="}},"phm/2kiwEZMj/ElSJ+6TkhdGy9aADv/oedj7xsIJe8c=":{"valueMac":{"type":"Buffer","data":"EGtB0en7OieCfWkr8WSoqWsDsG4YD/emw56GSxD+Lkw="}},"wpJvDTltzF6OlaljCVcBXGAxTi2usunDto4m03vYGCo=":{"valueMac":{"type":"Buffer","data":"82+6ZvigdYDBHUnVIJ4kadyy4aWIEDDvFYe898B9L0w="}},"3KBVFLKgJnq1/7FiKKW/w+mwd9dchkFG8PBywQV7D28=":{"valueMac":{"type":"Buffer","data":"2cTJ0Z07YKPzYS0KUYUnmmHXtQtErzwA0hq0gTda6rc="}},"wuOGGL5qNXwi5k3C869P/PTwClAj5LII73IZTXOVSuI=":{"valueMac":{"type":"Buffer","data":"F8mmER4PkfqYiFo8ed4K0ZBBrZ++KWO0sNejd16d/vE="}},"LZutO9I1ya2hoibDNMWq7rNkVPnCsLjTsyi1fGb+fiY=":{"valueMac":{"type":"Buffer","data":"ucdPFH2UkSYfz0ZLSrdKrP8cHcOqakUPriuuFFznllY="}},"ZWXRqw20f/aasxhpfAmzvgGbklwCgpUl5DGT6/afOhk=":{"valueMac":{"type":"Buffer","data":"PouoFy51QuWvE+aIxAJlt7Rj/On8b1pBLjb9bcnVmQA="}},"ujMX8wABkeLD1ZrdeAqy5W2y5QWNUB2asNg9J6wXmzo=":{"valueMac":{"type":"Buffer","data":"DWvIHdY2SSFBifABO0Rx8cM0qwv3MUKjH4vTbwf7aiY="}},"CeXm276AjgCCH0o2n6o9Czoq2KY0B0DW1eaatsc9o5k=":{"valueMac":{"type":"Buffer","data":"gpt4+ZR6t3PAmodnNn/VMUe9FgcYbQai99gjCFJuoHs="}},"T0K5rMTkZFE1sRRelf39UGthgFAii3B4/E91MzQBDPo=":{"valueMac":{"type":"Buffer","data":"1XHVH7Bw80Lhx07uAVxrsxlEBWyvRYLkZ/X5gJYOwSg="}},"EM9yV5ePB66UoWjkbkFsxm28GTFF3qDlqZx2zc+Rluw=":{"valueMac":{"type":"Buffer","data":"dmPYnBUbUUPwf3i+etkBQLJAifWhu6lBIWVDTVSaqbQ="}},"88TNGGTNC48vmw3ZcIYssSmxoXXINl102r3uX9ucA1Y=":{"valueMac":{"type":"Buffer","data":"BSBKs2ae1iwEZfF+zgRkxmZ5Ag2W4gIpRPQzElZ0+wE="}},"PgyEaw3b0kgv1E1pvJt+vMxrqjclbzOh1qehvSb2Dj0=":{"valueMac":{"type":"Buffer","data":"vf+UT9KRUfuo0wnOqbwqybRkb4kqGA0VSCuUQUx0/ac="}},"RAX7IU9YXecJXhKIhp3zolxC1eGbV0KkA2Inm1oduTg=":{"valueMac":{"type":"Buffer","data":"pezeljx6cbpReFq5d7SS7mbF7DPvy8nNyMKZMp32kZ0="}},"Kgnsqq2d/kGLUbWhzEFvDJJ18nCxxwoq1OdOK33BOoU=":{"valueMac":{"type":"Buffer","data":"VsOD8fNC6hYBb5TEkuppmxVHL/AY5oP4jl0TJAqXHxY="}},"hXMz1n/6igmUKt4E0anzyO8WogqTEYcppL3wxvDmsEs=":{"valueMac":{"type":"Buffer","data":"c/ll7rrCbvUAf05t8atWiCcGiRYcVP2+lV75n/jLd3M="}},"QGUjWcZMgNaGTRVI+O/5Etrdy71hDIn1VOrSGg4dOiU=":{"valueMac":{"type":"Buffer","data":"+BgwwVT6i4JpxEpQG4C3oirr7BpgrXVRnuHK1DNxm5o="}},"44Q8ADYT41SgXXOit4OiUhRcyntvI2OAE0ZQmA6UNSI=":{"valueMac":{"type":"Buffer","data":"Ppz08FRsImu+rq8aMQvWFZ1J1uovT+40vHC3xpBbCLY="}},"+jed01BB4GnRfK5t9zPZH2oBTZt8imnyz5u9Ohf2Yqw=":{"valueMac":{"type":"Buffer","data":"OI6/DT5ojF38Fp2H2/C/ty5zT+/9KY4xiH2555Iy4uw="}},"tKOdy7GYhjT1v5D82aIz1pnz4I/07JdhEzqo1GilAdk=":{"valueMac":{"type":"Buffer","data":"MQh2Vz5f1bY2u0qswiL9VDhnQfC3YKwiGy/I5efmhZM="}},"ZIF60JFNfkE2rXdrFUbClcVmJVC4FhxWLdFQZ4jRi4I=":{"valueMac":{"type":"Buffer","data":"kScT94jBIMMrPB1gO218oyHjaVNNi/YzKyk9v/YXLUA="}},"COpe0k4o03vg5esxq5XLSQMG41+hku50COoQKcYpQSI=":{"valueMac":{"type":"Buffer","data":"mgmcxu9EGzVRZaJ46vtkTnYy9l166V/zEloHeO0ticE="}},"eGbrxWWghnTG2lh9MBJxJS5HHWSgdK/58boP3U+iZEs=":{"valueMac":{"type":"Buffer","data":"y8pHEV9T1o9++TFQ3PMefbEAOaF8EWCkXoOZPMVJkWg="}},"uN6zKqiUVEOKiicIq6myelhV1WiS6Lx6bC9LfJ+QvRs=":{"valueMac":{"type":"Buffer","data":"02IyVvCk0ojuQjOH5XfrqrmzaF4cUOqgfb1rdE10hUo="}},"VknEyBwSnbBbllIAzXbXIgR36m2OnjO9kgrG6v9OmR0=":{"valueMac":{"type":"Buffer","data":"yyULE1CQ1hN+E1A3fsyhJ36RRIR0rP1ATfcfaxhD1O0="}},"7Zh8UUQD4hnBRFdI4XkAwcJz4wsI/INGOKr3INXD3Cw=":{"valueMac":{"type":"Buffer","data":"FImLMOEQLCYoB5U6QzsAFeyMwfbkSCGtd2wEDWheMOs="}},"IE9l5xabVInw1BWSjKNGrrC1EKHrwj2eaK6k2poalGg=":{"valueMac":{"type":"Buffer","data":"4lKfjAnfMeJaeNPJNoSd9NdnfT32Zc3MYLqvhZZ/fco="}},"gWeqfE7i8KYdgup1AFLAKIleSm5YKm/UIjhIo/hOLdY=":{"valueMac":{"type":"Buffer","data":"GMMr5ROzvwaqLVYHLpbIGAeg/eHkRuXdJaQ4h9ZjFc4="}},"MDS8b7THdf4kliAscUC2979jayPiPFt4q+Z0qmEza/s=":{"valueMac":{"type":"Buffer","data":"pznqtWkW420FWSRaFnfGJW8F7LnBaGp4U4ZLvAK6XyE="}},"wUKBK8VUbq1En3kfFlJziSfQ3qLFh8oVPUApH3rZOLg=":{"valueMac":{"type":"Buffer","data":"7sW73gvSTKO6zyC09sa0vi/5iAvQVTsyiio1E2g2leI="}},"alFU6958eti1vy8D7We7OTnGuLX8WcfA+kC0E5QOQ8k=":{"valueMac":{"type":"Buffer","data":"WixhSLftk5x6a6cUoBavjk5OsE7fLaiKKAqhBPvCFkg="}},"sOMAU4yKLzYJixUfyQQ+lo3SM+7fX9KFK6jZfPVPtGI=":{"valueMac":{"type":"Buffer","data":"0JcUgfCUuUh4fPdxKOwP4c9MFYZRXIGYw4owiYxzxSk="}},"bhQC0rhm46sHsHM1OjF1RfuM79d94LNaldA7sVJRbQs=":{"valueMac":{"type":"Buffer","data":"GuWufBrPCw9K8ROwX7HWBlhZYqpPBh2dF/RyC9tDhZo="}},"9qj4TBvCICK34L//G5t5EMFXdg0au7dRJeLa/40s580=":{"valueMac":{"type":"Buffer","data":"nkHEMwPfBcltKSmoRW7oNhJ0jseHpG6ADiPUGzEM+Q8="}},"j9Umh3jpi8O0MY0FYWEeNO+BgKow39Hf2o6qjcJmt3k=":{"valueMac":{"type":"Buffer","data":"j+SUPUP8AP8CyYtrtOFyouOZyZwrXElK4fyVnYVOlbg="}},"9YCpM8sLbtoVFnGDuG6AK4+sfb8X8n5xjNNQ4XvnfbU=":{"valueMac":{"type":"Buffer","data":"uRRHiBJhQi22cbOzILD13pAU9F4+NJ3MXi4HKiT/U9w="}},"z89BxG8MbViaMe9zrnTiHJSdUYy8Rj6Q7BBbT+cTp0c=":{"valueMac":{"type":"Buffer","data":"4xMom/K+IaGHJFqvd/v2p6YM3kMPNZw0vtHV5Gt1IDI="}},"PuFnPdGbotoG3QmfTY1Snul/hQ/uwhxVlRLyVJukDdg=":{"valueMac":{"type":"Buffer","data":"WsaVBAc1sJpq0AS+fcHo3VJseSovLMISeYzyyFOtfc4="}},"2pFjHj9IjvWlpK7/+M5/1ahWTKSbbYmJj1R1J1wNCu8=":{"valueMac":{"type":"Buffer","data":"2TztiJNDXfy4TBwg+nnQCtDvcDvMmWqDH8rcO+9K3hQ="}},"v6Oe1TWW6qyXoMZC4+HbsudtdMK+Dw/oCUBmVaTQTO8=":{"valueMac":{"type":"Buffer","data":"bZ+BlxL/01KZI6IMVLR9pY+BViKcAzf7i8/JT7AA3LM="}},"miqUoWUBS9jfgF00rffcNrcTaQIUedhJHXgDhxM5v6I=":{"valueMac":{"type":"Buffer","data":"MRyuPmzonIl140COlwX4CNs7dCkFMdlKpD1O624CapA="}},"NKW3y1+HhPEz+uF39OGrtygjNEgp9AlyjS4V8R/Lapo=":{"valueMac":{"type":"Buffer","data":"3MONw3h1UA6tUxxCh18t9UieCXDb2YsrKyO3Lz+ixT4="}},"qzb165g61iQw5c3ZUEgx2/wlnojrc3MFvllwuOjAWfc=":{"valueMac":{"type":"Buffer","data":"3q7Pl07yL2Kt0jVc22oxqsZmWJb2s2I4IK1T5TghYGM="}},"TxwVt0aOQB25YdQUaAOavRwfcYiA2iG14Xr4ifMyltA=":{"valueMac":{"type":"Buffer","data":"Hf5+k8AXPpMcbUikUUlUF6/e0WvNZYQGFxt3G6Y+nfE="}},"t+9jm7AfBEx1ePsMIeJEE/N2YDd7c2+wTLO27cqWK/c=":{"valueMac":{"type":"Buffer","data":"fgKq02aKd9YLJaXzpY8QVfZbJd2LT8kOOkOjBOBJt+k="}},"cptqoIyDnaYaq8whJIYP4BfnUpu+MXa12fuyw3u8tkQ=":{"valueMac":{"type":"Buffer","data":"QHLhLhbdiLEh28UCPzk4ydwaLCLn6rnEt2BekOhBE7M="}},"x4RBSlqaH97SK8cC29BgOKCtwyNE/NHLo5WK+PJey5o=":{"valueMac":{"type":"Buffer","data":"3FXWnKsLy6rcVOgWQ9PxzOT4ub3oPoONhPoDCJjr8Jw="}},"AqrTkwsBiYjIzQDUIM4yMq3sCdLMvusSnYTayd2VI1w=":{"valueMac":{"type":"Buffer","data":"JKdQpZEenrZKqlTxAt7Sb2OPTicQbu8/rM0LhkyN260="}},"SOS5PNEdwb+wmX9ZDgu7MBygrV2O9xW1LHZRnp7qumM=":{"valueMac":{"type":"Buffer","data":"PV2spRnO+OjppFbVhLNa3lHt9ZiEf9IkxUp3FcKZBes="}},"4w2AyhKYgNW+GbXm7fpW68S6qToso4DKzwpcAzglgIs=":{"valueMac":{"type":"Buffer","data":"bsbOodw6CFWZsPzv5o8nV1Bw6rVBezW7zttJ0G1QMbw="}},"Q7ap467R0qLP6NgHKHGqfMewo9eWyOr1vQjRQy4mCdI=":{"valueMac":{"type":"Buffer","data":"ClK2m2c1ZFMZmZMJANEneUa5Is7ycH8Nau/Qx8b4UOI="}},"ImsolKixzLqWoDlYFhNewNHVMV5HMCZdK4lL4Jcyyr4=":{"valueMac":{"type":"Buffer","data":"bMRiUWpHIHv2yMoWPLjcPR3oIF8npLTkrJ7X2LYbfWM="}},"+HW7HgG4pzh9mTiSzD2ROj/9Lnsu5Vxd8cvAvzu8dPM=":{"valueMac":{"type":"Buffer","data":"RHASrCVtvkVp1+gMzM498B99fH+5wHtDmi/RaeAqq/M="}},"izmFScSELOxgI2w/+sYCGQ0aEBnjCttEohE6EnK2xyM=":{"valueMac":{"type":"Buffer","data":"jIssdB5R2Bapy+O/2/Bfb1aOR2dFacaiKWsDVecl1xE="}},"w0imT61CQ1kYQgGzbxKjShgjUqbHqeiB0mpvJih5grI=":{"valueMac":{"type":"Buffer","data":"EPkPqi4Od2O8e0r9N4j6MUw1vu4DJOeuIaw5iU6hjqE="}},"V3eToVFVvtTUXBwbMwM/94N/ODBY2xXst0h14j1gPXM=":{"valueMac":{"type":"Buffer","data":"CSHWWmRNlt9tBvFTecqd47Pf5jpkAm04IPPp3boJdCI="}},"zHFmklvKTZLtc3oj+eTPVgVi6CErM4kIOlc+7rsp9R4=":{"valueMac":{"type":"Buffer","data":"cihYu3+pC1xMk24R88bt4fl/H+TnWOa6/F408Ks2Jn0="}},"hwzCkJPXimmPfCvVHFdfOZNoqKUkhTi3mEhw4v94DMQ=":{"valueMac":{"type":"Buffer","data":"QX5WKmRCITCTZbbupwznNo/XvWq6N7YdgmrWfDBCrjM="}},"NXl45Q5arvAzqNlody9vrrftU1SLR8B1LPkouSbf2O0=":{"valueMac":{"type":"Buffer","data":"KnOX4k3Ts7fg0KDJ1wC+EzNBfEr1wU5hvZ7t0YLhfXw="}},"anheoSmIpN2Rm/00gzVvVaw8JyGla0QztdikEA3e2Ts=":{"valueMac":{"type":"Buffer","data":"ahGmXXD2WGL7g8li6X8+NoRbFUV+O1MMMbEBdtBVm6A="}},"fsdf2/OijqlPh1R3BAPNnRfbYRy//WWUdJBxtSBBfLk=":{"valueMac":{"type":"Buffer","data":"APvMH8sdetkhxtoVxOELSDc0mnUaVpdXjoxwUVvWaDA="}},"wXoLYZa2IRHaW21P1yREwrjwo4c9Vo+NFPdhqTcTDlQ=":{"valueMac":{"type":"Buffer","data":"bHOKt6kVpeBarm5XiRaElZmy8NLEt4iOb5f/jL3g8EQ="}},"As+cePe2x+mwQQvbCL3HSap94cs1O/Tkd466djsbnnE=":{"valueMac":{"type":"Buffer","data":"3fsMZGRyrqcAR1ltfIG47/0+JocGaVDzruzFZ0zTUEs="}},"+a8QJ/uH/bcNJjKhYpxOi+sLDeDSa5muvl3X3jF+1K0=":{"valueMac":{"type":"Buffer","data":"VSDXubHAnXxYUrPSAkOho5FcG/4yvrnQsgl2ufAKc8g="}},"Rll515cttqqXYp7tM0zbw13cmgaTTRPuv7rUY/BxB3Q=":{"valueMac":{"type":"Buffer","data":"4tdpN6nUCo+TUm3Wl7NeLYFbIP+bF8dCRQ3w1REgpmg="}},"tDshS5nrebeRhcqf6PglQK+Qr6T3TOpAqQ5YKxBfSqI=":{"valueMac":{"type":"Buffer","data":"db//wT8QVjgXnP1u2P/cXt5K18VJwTQ+kyErHUDcUuA="}},"IbwxRgToVWjQ3w53U/QcVWPfiLuADB/twNM/DZe3HmM=":{"valueMac":{"type":"Buffer","data":"rOE70mE3fQuPJ9Nq+xmh5g8QPifMb90ujixyYDnUrmI="}},"doRC7PR6Z7hip2Z9s3CHXo7KFr2H8LmvzQIyuEkD3j4=":{"valueMac":{"type":"Buffer","data":"yNm227iUhbmD32CySt/hWJwnZZbQQviepOYKdZQs200="}},"hvhNovo7HtwvT7NIbI/Wlj6LleoQM6LgtT6y+1SZEeE=":{"valueMac":{"type":"Buffer","data":"z2cbguERUl39Fe6C8vlvApbkagx0ChuJFR4ZagP0Yd0="}},"clzLz8FmyIx3FQNfHPiYUF0TNdhtqjqBSat0+J8NOWw=":{"valueMac":{"type":"Buffer","data":"nDByNNJgSIVLk6SsfV+r9aO0QSCg0Od5DyVqnYRIGDI="}},"MGbyUNAjw4vNIfC08muUAvCUvtM0dVSoSrOeolsSoKk=":{"valueMac":{"type":"Buffer","data":"WnS7924xK3bFq9LhVXo657m/ucxhWUhx2y/fluXVxUY="}},"2GN1DlIPAfXMo46+dionO551PVkepANS2ohLpCfOmjc=":{"valueMac":{"type":"Buffer","data":"0+PUfFV7wwH0efp9+CG0sqsMWo8L+QxaDOQ+2IbbrF4="}},"v9XqrTMwR/8jQ0i2GV/kS4wV62mPMmA/kWV2Zn44Tiw=":{"valueMac":{"type":"Buffer","data":"AfA3yuRotznrkWcmNw8NfZ6p0MH/u7n3Vnx602Viwo4="}},"IMBbGUqvxXWBsamdfe7o8LmSTSSa07S2VHzCsdU9GJM=":{"valueMac":{"type":"Buffer","data":"4OBLeUSspCVPZxljTJ1LvjF3tWuOegZjcrTd7k/SBgI="}},"PvXuq6ES+f783BUZCLdtFWlG+eBCK3zYvziD1Ey3wiY=":{"valueMac":{"type":"Buffer","data":"Ye2AN+aEWCERqPBCEPTB/InpJ4GzPrawNHSSsKqYfPQ="}},"A+nwcgcPQaLnf0Yk6AVYTdj25ZQDupvdNsvF/WUAT+U=":{"valueMac":{"type":"Buffer","data":"ZZEoFyAC8e+m7mBSjavrhfHXxFvOywuf2x2sAXSygc4="}},"V8wQMfJHjAN3tqYqDzX6cdBwaSyt1PACUhqIHw18D6s=":{"valueMac":{"type":"Buffer","data":"ld9o8l9tBp9PcTv2G3+GDXD5sCaT24ZzR9TjaIRrxm8="}},"sxpcAQQlJIbcnN0/Wos3t6HEUyvg92m9ozbaIwrCovs=":{"valueMac":{"type":"Buffer","data":"kN8/jx444ZVAo5gInIHWTtOhsGXvMD3Cq1+H6y5QpJo="}},"/vG6vxYsGI15cKtKGEsKR0NAZPhliMh9WfGRBj9vM+E=":{"valueMac":{"type":"Buffer","data":"SXbjk2lmGOb6gMCSazEdyxSDp8N2OlL/o2tNBtj6g4I="}},"i8xnRid1/5GkdGYeCt4QRs2hH4j4gmT3j1Vh8kXLJJQ=":{"valueMac":{"type":"Buffer","data":"DgIlvBR7lRmcMCnCzcF1HpePJ60KSN6ppOVEotWyOp4="}},"Tk4/8tKoE905uYMJYWQulFWNft2IE+AJxbFBMtJFGl4=":{"valueMac":{"type":"Buffer","data":"AJt7KJPO0BHmATxJ4QNCpcXjyQHD5+9Njc4z8US6EN0="}},"yuiIfs/rdu/H0xUYckivzQ9QbWX66+X95hhM/Umey3w=":{"valueMac":{"type":"Buffer","data":"F4PjdyW6O8UAwrF51I5+3HXXhchdqRzoHMoKra7+zpQ="}},"dD2fjfdqbGA0GuM4LoOf+fz0UFMzgjxKtac9uwxcHgk=":{"valueMac":{"type":"Buffer","data":"3ujJv89xSbc0jKzhuP9eB3uETCpMeJ/GQMO1bfcm3IQ="}},"eC0dXKmZEkJV34XpcSs09zhlG/vmnUU/WI4ji7MvUV8=":{"valueMac":{"type":"Buffer","data":"n8gTHhW01YnYw+HRaF6lBIdtv/NCenNgOPWLzKHgDms="}},"92FAdPJiqekOtB5d35o0zX9anFf9jrQDKJrM4ljr0kY=":{"valueMac":{"type":"Buffer","data":"8PJYYXo0IeWZ+9X0a4xChRP0QZz8ccYcffjde46Mn/4="}},"hp42vMeOdb402QQJx9A4U/3p+ksFT7H4jSsygWlVqHM=":{"valueMac":{"type":"Buffer","data":"E7nAMr9iBO7SQPXEjFI+SCsxAFec5FjYm1LpjO+5vpY="}},"Kn30g26ABwoLHvQMuZJm6loxBazImO5DXt/rSReekSs=":{"valueMac":{"type":"Buffer","data":"I3+2K2/xVwDV3V5d9dqqRHwZ/xpvKTePXJu9ojvSba0="}},"sB+qIM7Q52tgvfx1+BxsvTk+VW+fdZGiXRRPye9Ya5U=":{"valueMac":{"type":"Buffer","data":"SxatvJqDUdqRCPARwLcZtvA80iFtQUTgY0DidI0U668="}},"AlHAiI7OIGTby5+qkkshAUJJbhbJFslVrQP69EwgkUc=":{"valueMac":{"type":"Buffer","data":"UyoAa1fTPmms1pBJ4DrVSfxo+iB8EY+1TWC17S7ex1Q="}},"kMbVDj7nnQoPJkIrkE9jGd/QxaIZb2ydE2xsNxSHB70=":{"valueMac":{"type":"Buffer","data":"b+fFQbiaquHdImhXWe4AfU8kDfTxVFAtEl7xX6ql4Sw="}},"BFvqG0kD/vKSDaI/6eFlKMqdnWEyJlbBBrj3FfBmol4=":{"valueMac":{"type":"Buffer","data":"cpF/gG8bYJUQ/MS6Zd/UTDcfKlB0SPnOQVgolcoJuhE="}},"J3/3shu/Q8QCxwWgpWxXun31tMFMTfa4Wu2i39WstFs=":{"valueMac":{"type":"Buffer","data":"5Usw/vxNt52SeQcC9WjfeiOtVHwfvzSRsuosek5lg2g="}},"ke5pMrLt2h3iBN7d1LGWFi0yPKk7OE4Q483GSRjSWec=":{"valueMac":{"type":"Buffer","data":"MXJTkjnqaLlDfSqK1JADXf8Y0hVTK11+MR8WgbBxQXs="}},"yQJZGUF4URepKf3W75IWjPfJ6P+LyWh+HohlMJEO8dI=":{"valueMac":{"type":"Buffer","data":"zdSOw7WIPF80zKWiXquty3LSSlzrpdS5ZVvTMns3ZdQ="}},"FflbdHL5QKzwSOhaV4qAQV10kBzn2sPaoav3lzPHcVE=":{"valueMac":{"type":"Buffer","data":"doe8eG6HWrNBPTHXmKGaSxcQk36TMl89bTp6pBisjP4="}},"3cerfVRmLRLG9U3jz0Iyh0zJ5e0uGoRc0c9g8Pp/Bqw=":{"valueMac":{"type":"Buffer","data":"JVzI4UmmhhGfNFBkuNhhlzRfag2q+87n633VfsPWHaU="}},"/hURSy/8aYnK6QkGbsy4Le+Nl/KIVFK8Hxx4QR0nDTQ=":{"valueMac":{"type":"Buffer","data":"JN1m2e1DI+nWdOVXnLzruiTN7z9YWy231U20T9EOhlE="}},"n1WmO2ny0bszjROS5MgHPHsWyUoyYzUvhiNcSi5aYiM=":{"valueMac":{"type":"Buffer","data":"Ux2mWIFXKDG9PY46zbRSFwfw+DiMI+3vm/YhWGyzcdg="}},"06by/i3tIkfyKnjaEg/csGaicr1NxBDhvzD+lI/eQsA=":{"valueMac":{"type":"Buffer","data":"fQPn/cjl2rKGr0fEn3bwlRdepdFxOwrTaDCvVWwMwZ0="}},"hXqAupleMj/J9+MqDiXBLtbYjhXLQ9XGhjGHF/Vkyqs=":{"valueMac":{"type":"Buffer","data":"J6JGE/b56fxs36daF67k+1XfFIYW+ek87m6ThtU255s="}},"snCnsmJVGfHDexguupghlOv23qmoS9hoS3qBywz3S44=":{"valueMac":{"type":"Buffer","data":"u0iEPOWQduR2oBEsvoazZof64uTgU94YLF4ShNqUvls="}},"7GtRf5WX621qvxqKuENJHepCZdPHiKMvgj85elQuI/A=":{"valueMac":{"type":"Buffer","data":"DS9AG/dxpmrCshJAxu6s3LYpmwppnc9UZhVo1zGuHm8="}},"9PaAWgmIhZD6ekxMZKa4R9W/WTdA/oYYTC1WYqnKi7s=":{"valueMac":{"type":"Buffer","data":"/GPlOpte4xbiWxSFnOHgj2Qxe4yq1buNm8afHK3cK50="}},"bnHoBjHdtJU6ZYiUeluAqOThj81VVyuCsCZh3K2EByY=":{"valueMac":{"type":"Buffer","data":"G62cF7Ttaz3mj13jKkpbDrqxQSvdsyGGSbTpD6NZa4c="}},"AS0eemMLCgydRxsHoxVBrRcR57iMBnulHjqhEKmxXuo=":{"valueMac":{"type":"Buffer","data":"QTFBE4wl6wPL3OLJbPpmAVqhRwwL0HBpG5y1JPP57IM="}},"3Kb164OrVd1AmO8oZrK8WyvNmelN3BXexTO9zovquro=":{"valueMac":{"type":"Buffer","data":"yCGjtWGmXvVofavsyDyGkSxeIoBFMRFn8i/RbjSfs1A="}},"X7WEjbj6o3gEbWgT4uCx5TEnhAQGakoQYAJyRQ1DA9w=":{"valueMac":{"type":"Buffer","data":"ZAEzS70Q5umZdXUxIH5oUGZP9glbatjTkH0bwda30Tk="}},"82oZBpxmG6mf07Q/898cpX6gJ+IvyptQiiMZafGw3Y0=":{"valueMac":{"type":"Buffer","data":"4WP4Z7ZVzErBSmG9mlAgNIq/F7BAiVGQRqkT40uosCI="}},"sayqeGJrZSfu9fqx+LbDAoEF+ZoZUAbm7NLBWRugfis=":{"valueMac":{"type":"Buffer","data":"iBVqP6TfNihz+m9fn0LqM44poFP7LI7qzOtIIdCnFxk="}},"Ty5QXuR85zqC0XmkKWjPLJRi0hdfJwvNb0ymFiKcFUE=":{"valueMac":{"type":"Buffer","data":"9MEQRK0WDg39sK6/FS4ntVnWF/UZvn4H9UGOEs8+SX8="}},"L19fm9nfIvBDkAnq4DdE+B9aYVYDm+NcYV2pYxHKaMg=":{"valueMac":{"type":"Buffer","data":"G5rcPZpfRjKYG3HG/qvPw0ViNqmRDGD4bAuV/GrGJs0="}},"M+mRYMtHiwB2sHaYdJNighLzC7+1jqICmQ81nFPYUKk=":{"valueMac":{"type":"Buffer","data":"W7/J7jjrcHbRlshqC9lY94Woq3bHzkYpByHu4Ueeo8g="}},"wBKJoL8VjGxi3xJT64I8kp0Tcj6FW8j37aqZkCzB1TQ=":{"valueMac":{"type":"Buffer","data":"Q5al46PkNwiIYWsslwd5DHR0ahiPnKPy/nc7EmeWVDs="}},"79koSWdq3qT+Wa3Q0eemqz7rHI2HOHdEpa8zzXD7Oc8=":{"valueMac":{"type":"Buffer","data":"dW2x/d4WI37Ghs/s0W+JpmPRWi825GJkAiJH63cICXY="}},"+UCTXf0lQbmCI3cjrGyJGXhwL7aFcTv+aR9p8Fa6tX0=":{"valueMac":{"type":"Buffer","data":"ZFGTXSwwQEZfQRtxlwAJnZBHJqIK8pAXFOWznZv+pRY="}},"rTWYfJ9vsIzqgVAzQr7F5D+xsKn0dDwbnpvRFH/Ac6s=":{"valueMac":{"type":"Buffer","data":"QYOBWvAdr3L2Di1Le4M/ln53vmFZVaxoRRP7CWVFOkw="}},"LP4tQiDLrTns5lIY5ARwr1u56BuDtBHQX63hGsZJ+AU=":{"valueMac":{"type":"Buffer","data":"0tH73iK+H1tIXyB+70wAnZOyHmrreH2koLvEAhLTTeM="}},"0O73nq2WRRDaF77zewjSp1U+5bRkpSzkmNuF5mdayYc=":{"valueMac":{"type":"Buffer","data":"xpuIExcjl0tc1bRoTnmdTO/Jvq7Z3TMjpAWiyAXNMG0="}},"YyHanJDiVRERfvnD/4sgf5fu4iq1btvZ4+fy8B0wwDg=":{"valueMac":{"type":"Buffer","data":"FCl4yFHfmR0aguWYF8ZfS4mrbRfH6crAiBsTCiUmc7U="}},"5So0GgZdhwum+kC45JJQK+D0WieOQIhXwOkdZvZKaow=":{"valueMac":{"type":"Buffer","data":"ukbDq5Rr12pPelzPqdbZCNCLMauQAUZA8sF1CbqWcsA="}},"x/wK7FnsQd8sq0fhp1YbHricZ2Cjr6t29cycrbq3erQ=":{"valueMac":{"type":"Buffer","data":"PkUbAVhUUxz2X7hCAAJvwb50lwgVlZ9X7KYHKiJkDcQ="}},"KiVacYx9hY4lgCuefpX0X6+1UPK1KMSsOMQb6zO153o=":{"valueMac":{"type":"Buffer","data":"f7vpug6LSo7HPRIx3xK3jjGhJurZ5R35tWym0vWDYkA="}},"fX6i4OXObs0spSOQZOJVC3zZQEhZG/XOZh6nkeMZ1ZM=":{"valueMac":{"type":"Buffer","data":"XjRW+uSspsX1eK1oO1cmlZNvSAQDKsHlYgUkWWqE7KM="}},"GVNQxyTtHAk3Lk9anhimFSk7/QAyUWFyxyh8beN0kD4=":{"valueMac":{"type":"Buffer","data":"YoxI1hMUt+uaFjs0PDnJ0WuFwqrzPxcUv7tORiG9/jg="}},"gCfMDtsvKm58WFsVt+wWeQs8J7frwm9AhExKTEBtfSo=":{"valueMac":{"type":"Buffer","data":"G9MJSTjituNJf8kDKJqG0lK+kZLHTTESYD0tUjBymeg="}},"QdcvRFbkc0VB5oTa5Hgk55Vpd1KGz1hWBYSYTORqQ4Q=":{"valueMac":{"type":"Buffer","data":"ScpAgdYl1nAYhs2eyl4Eqz/G2RnloHei1xqGrLl8U9A="}},"2TJfiAyo+NlJZee5YWHBXohG/eHCuyPFcHHdCA1kyn4=":{"valueMac":{"type":"Buffer","data":"nly475SAR8bNYtEJrW6DhB2TkU8oNTHcl0lrQoFazsA="}},"jUwsYPKUBJnvzSB+2zmFUyBWLTg7+3kGMUvI98Rj9CM=":{"valueMac":{"type":"Buffer","data":"pVevkn1CtvPDXYkiNfyY2ge8mboRBx3ihXZReizr1LQ="}},"9seyHYcv4T+yfggVMhAMElmFXs44RvGnh6810z4SrHc=":{"valueMac":{"type":"Buffer","data":"5HFO/Rg5CcRSWGNUmuZE8JNPy3f3qLbv+GaD+0D4tQY="}},"52hySLmheFqVQOtBQeyjZ0BIE8tyG1yP9ycfBO5TqWs=":{"valueMac":{"type":"Buffer","data":"KiQvRXNXUh4Bkdsxt9gpGXMKqa4py82OujcHzHBXCiY="}},"oL2lQ13VL1WOZQ64tyJ4jNN+dpR+Q/bxJt+Kkl55mYU=":{"valueMac":{"type":"Buffer","data":"+KceSf0R71/i2qUGo/j6GdRxGS8xSxNyJ/3O6s5O+zA="}},"FoIe2mE6lHpEmdwxxWXwJvvUXMhBj6tZPx+L/jh5HXc=":{"valueMac":{"type":"Buffer","data":"yx84brEJ9gfgqeY0zsC92psQmx3tj+wT+q9v5nmg3bw="}},"Qfh50hf2ZqPZdbulqGQ0uW35T6Ch4AY7GYJ6u8dDkF8=":{"valueMac":{"type":"Buffer","data":"S3YFnEtUztuk41d2tygmFUkB6LReRYu9Bx5YUAqpwjQ="}},"3wswyGA51spLrICBV+cCMvJJA7OhZy/WeK5p3wDREXg=":{"valueMac":{"type":"Buffer","data":"/LyG1ZoCvwrI1omHW7MFiAa0/ly2IgRpwGrshtOdyMU="}},"olzTZzMKRky2lRJFkiAY3SrhYkM3rEkbTgWgM6oOnYQ=":{"valueMac":{"type":"Buffer","data":"vAMxNFb3xRRvndGGZ7x8FhlA4YBnBMMo1X+nDRCzfzc="}},"Rk6x2OGkjSXooqbQ3QJrJ/5/B1AV/iNiCqc/TvV9v8U=":{"valueMac":{"type":"Buffer","data":"1exDZP7qO/v8c7VUosITcq8FMTGvDbx9yJpGgM2e/Zw="}},"1giv7HGIg0Z9j2wep4iIqq5rPTAwyJDr1S1G0LfY68Y=":{"valueMac":{"type":"Buffer","data":"p93OEjKNxGiFwjgWEqq0yytRVlTQ+a7VaZQ8jcJgNuY="}},"OZYMnY9Ce5P8XJKXw4whlLXcLAxaOTVxfbe3ZrA8zqY=":{"valueMac":{"type":"Buffer","data":"qTo9pgoBI979pIrirDy8w1XdfJbPvBxjJFl8+TwIRwc="}},"XinDdIU+WAM6zkSpKA70KR0viHm9SZ3//Vi2FT0jWJ8=":{"valueMac":{"type":"Buffer","data":"2zBZlZhSEgTWXEeaOh+PIds3thMIfxMmtZUUfIU6VGI="}},"49zc7iYBTRtezzTAL7U2PC2zswrZdLGEYZy2YpBCf5w=":{"valueMac":{"type":"Buffer","data":"ahExlhskWpHjsSQrQL1XwJjjrItDwacX1zZaOEcfXCs="}},"pQy/Z+YJ1/1Jn0O+V2TkDVXvHCsOGf8WM9TIOy4SnPA=":{"valueMac":{"type":"Buffer","data":"K82gyTLkmflAzvtfGcKbFXC5k1LoHhQWKUGqMEMGV1s="}},"00z55MZ1dTTU0eqiYDoiQdDJAPk5UqadU987w5Fqzws=":{"valueMac":{"type":"Buffer","data":"tNh4KIfRg6nO7ZwB7Ui7ymgSAvDMi08lGQa1TrOOvSQ="}},"YsrW+AYddudyb0ylDUR8+rZ4guNxNIYez2mv8xWDINc=":{"valueMac":{"type":"Buffer","data":"z1nwpo7roz0CFllB/3/KgWbMxFrQGlaR5zx4BSxKrdQ="}},"C5x71ENVMHg8lCxvp02YmE5WSWV3QKeE2kfBGhMmG68=":{"valueMac":{"type":"Buffer","data":"4/d2zbsMs9GQMyG8SJmdkaUdCWOqtiyvw66BrO266Z4="}},"TZPAlWprwpqFVPecWx0tKj+z7yAmi00WjOBAO7aU9pw=":{"valueMac":{"type":"Buffer","data":"kL/2jSOczcrwceavx2AXsNPHuiGtC7ymOJRQFFDRWrk="}},"wtbhwlB9w9lUFrKl1Kmhge/fNM9IjzyJ69SOkS/5e0Q=":{"valueMac":{"type":"Buffer","data":"8mQFRMGkoV2a3P7w1IjOsaimstHQ8+QlAVS4QvGgJ+s="}},"1lPqjXoCbIJZaFPOcGiE46apCiYItVVWgdovasoURI8=":{"valueMac":{"type":"Buffer","data":"fHwJQ31uxwMBPeNLlfzg4YeZfDn/dwCfe7aNq4hwavU="}},"+j2zAgf1kFVuJiryuiaZ+BLX+MEqvGOyhskq72I4vw4=":{"valueMac":{"type":"Buffer","data":"GE0ONxviMv8SUEM0g6rWxzvjafcBs6OgKtIDKdLwCr0="}},"lOqC+vQdIiQ9vic/WI4eWO+gtszEcbZaZSRIHT7vJdE=":{"valueMac":{"type":"Buffer","data":"NEWXnFPeqgznwmc4RLlZiTbsyNSDjr13uaOKQrVzhkQ="}},"MQGgAr0+PB5lT0MIVRzX2RpFxgOcUPGPACxH17E8PLA=":{"valueMac":{"type":"Buffer","data":"dvjfOuEuuze0VjMhEQ6peuF9WvPfiTJY149e0TWbPWc="}},"BGJUo/bFqz/trbB53g5EUxr7dhL8IkHk5qattPaN+uo=":{"valueMac":{"type":"Buffer","data":"1fetQHfs7DFY4nwR6CseZUUq/GeuG9evnpwkqRtk0Ws="}},"Xe1jqaMUQRbKpB4x8Vrn55QD9yNNJ4piaJDbk2DYJws=":{"valueMac":{"type":"Buffer","data":"TmunVJqlLMnjnN1WW59ATnyfpJuYuuj7ZdA4UVO9e24="}},"/E/IYLDn8SYzq8eKv9Tva9oAg7fH0+SLlvV40YeRrq4=":{"valueMac":{"type":"Buffer","data":"7b4LHuv0DWaVGDBTnPS4eC8QRXXBZ0w88Mn8Dhbhlh4="}},"rCAX/4Rxxr4dzAmvO/0QhE85stT4JqUeXnkYZM+03Us=":{"valueMac":{"type":"Buffer","data":"cJtnBqHnOZsqQ43cJibYXlBvjwP+BUA0TI4jDOU2hiw="}},"dkLWzNh347qqg83z1WZSIJ1XV8++hJLSJ4Gc31yOyfA=":{"valueMac":{"type":"Buffer","data":"/GoV+61ZcXTcIxfn4rBO3jP9kicHyDPvlzmHEKMMjBk="}},"Q86ZD0RuDq6HXPrLcDAXRG4enjTZGADMIhGAP0cpR+I=":{"valueMac":{"type":"Buffer","data":"fXt1oBarOo3IWbLrAB5t1X36S/iCLvsjkf99B2G1KaE="}},"h+q7ZcKahpxiBRbeh2SH/wyeZ1JDCAHGaylfhPeZ9VQ=":{"valueMac":{"type":"Buffer","data":"iaeISy6uPNM3H+zLy6sRnDTECuWBno5YP6zqc79fuhI="}},"ZeDta09Ipl6EuE6ov8Wt+inrgA5XeSsacQMQkk5mBQo=":{"valueMac":{"type":"Buffer","data":"wFav11H0m/7NBrztocl0I06CESrC7MiBYlgi2cwn1So="}},"OCONO1a/5uXRLm+C/x6XPpobFgIqNXibAqF0nG4eHCk=":{"valueMac":{"type":"Buffer","data":"CpWUowxX17J2i0KTIRs/7aqW67ihDWBQG26Kcq+goRg="}},"tNvTFEp0ALmOFxfCk22Uy65VscCpGPdq+opKjdxk+f4=":{"valueMac":{"type":"Buffer","data":"hvrnViYjhJkY7nrlWQyFgusv+v9JPYcgs0dvnxnsIzU="}},"dmjS3+Pz5nzR6uv+m+rOgfLQrcFlRKfsBdTbrf/ucQE=":{"valueMac":{"type":"Buffer","data":"xrBmkf9kzwBZzYHTgLND0VDPfuxzyjn5x8WRNEliYKQ="}},"eFg2cXb1VYEMbvWQwOBQVD+eHyIvUwKBxbzt/3uW4TQ=":{"valueMac":{"type":"Buffer","data":"r6JmeQFR6azPcGxk6TKWpmcKJI8SL1JJhDdJGUCY77E="}},"y0GhWyv95ZdDoTqq9sfpFxPMVndg8cGtQhviUV5ZlKQ=":{"valueMac":{"type":"Buffer","data":"2LGIFs4b6W4e8FX/hcXn6wqYVuBY31yna0Q8pNtjwUo="}},"SmHrCn7Siv17FV7vouB9gy+eNGnRB+jg+M3upvQpKAc=":{"valueMac":{"type":"Buffer","data":"RO74c3dYNFbd/NX5Uyj4YziR+xk2RQXPjBjpzvwErqI="}},"OIO+T2ukBKOjxOCRXDNRTexVzFw7E+g1fLKpY+AcwSE=":{"valueMac":{"type":"Buffer","data":"A+EJL1UFfFJmYFynmMP8BhR5Zm4NTtiA6xtnycfj9tc="}},"QuOat//zLlT6xz4olC23qUhSk2dIOdnGOVhR3q/B8i0=":{"valueMac":{"type":"Buffer","data":"gZVT9auSZh+s9aHiFJrQW9zOpBt1m2tX/UVg24f+u6k="}},"Hdhe0LgDRcbIICqzzKrz/ls681Tn4gRm0Ebxi07LXxg=":{"valueMac":{"type":"Buffer","data":"XJCJLzKQcj+PSjL4fQmyjuvjHwN+YVsgBr4s8G+Z59M="}},"EATArtXet8KVKVrfQsUOEmMuADcf0xufjsAr0Igllzs=":{"valueMac":{"type":"Buffer","data":"qzOKXDDE0eABYknK4iLVfN0yVbhKtBX7CuTWF9CJqBc="}},"aasTYW1dbYG5FIeWDm6SQWpmjIQ7Nxm3L1dzPOtWQ6g=":{"valueMac":{"type":"Buffer","data":"Soe1CpEPtkZuMEAQ72oQyyhcRiIS5C4D+pC6Tie4ts0="}},"GIVN/QgpIVs5gBKEGNxBVCEvT9PdGZqrcCczvZqCPvs=":{"valueMac":{"type":"Buffer","data":"p3ypTXHZttxyiBjM14xw1PiRmL3FfbfxguS+efYmLFk="}},"nU5MEUudLkeQj3iDYWKP5PSlXkt7QnJkkORbBx5pshU=":{"valueMac":{"type":"Buffer","data":"0JO5mR3mrjV6NKeTQYRpAvDG5VGKnGIr5kOr6km63UY="}},"Qmvv43ksJfnAzA+Riz2ycWb1CuT+/8A/DTXYqSMMT8U=":{"valueMac":{"type":"Buffer","data":"MbkdCjQ38Jc62tswTndzCyFzpA6qxGHf/QtdbYgvY2w="}},"wz88jX8tBE4vQcxWIrnC6/IoTT74uQ6lux7OXEgvZ2g=":{"valueMac":{"type":"Buffer","data":"fHB8OY5ML2UTLh37QGuJriV5whuDJcQfqdgbOAdcffk="}},"ilfyJk4kfBadnKFo7ouAP0UYUdGAEq8hABxL7jtUQ34=":{"valueMac":{"type":"Buffer","data":"752tyLV2Z03266iOiCuhz/kiSRLHxv884DcBD7ZAzas="}},"ZO6P6UoXRlwDjV8VJWjKdJd48YTuLexZbnUHm+B02O4=":{"valueMac":{"type":"Buffer","data":"TO9M624LRw91DJyyhwH3IoZATsqJ20dfKPj7h9M9ATg="}},"WLt8Ttyt31+xtPW7GviEq+hKTsCa6gJ16QCVcGjTUDg=":{"valueMac":{"type":"Buffer","data":"tmLJ+Gb+u64IvHyH7Tg+amgsCLtSac5xDqyW28RHn2w="}},"2pt8AV1KZ5P004OrKyPSEwp/lrw5WiI9kGysFkqgtk0=":{"valueMac":{"type":"Buffer","data":"OrKZvrDX8gJN9npmh6ESoPVYdZSdpgCPj6KfLlEbbnE="}},"wkZOGw34wASgE+oTwYgGjsCGNOMWLtJgZ6wAZA6kCcE=":{"valueMac":{"type":"Buffer","data":"l70dqDCSCG7tn4KOb6y8nYOf38mjcwi0/mLE5S6H7e4="}},"bIraOa/Zto3/bXnM4jMWFcw7rAJ9htlrY0LKbINP2Mg=":{"valueMac":{"type":"Buffer","data":"gX7/smv5dslkjGn4QvT9yalTvKQPOLD8I+aDFGVli7c="}},"+VNCuMLHCiE5pKBfNfOhLXhldQVPhGXNwBfULt68WYQ=":{"valueMac":{"type":"Buffer","data":"fTIOmBHR+QzwnQwi4J9BKJH4gQMfIxsna/XeFD4IdjY="}},"hw8nb974IMXbSpO3S+7YW7clfN47otLERE0d5s5eOMQ=":{"valueMac":{"type":"Buffer","data":"4I9Od0dmgYZdSIEx5BHKKMXOlcBkJWWz4Oa9PYLpyOg="}},"4/9br2qf+GzKfjx1KTVJ7DvL4V2KmVK/ny+EcQlJbV8=":{"valueMac":{"type":"Buffer","data":"0zt3jLn+P/mtpOsUludvraJtHtMInGVLVTiDdzQDkfc="}},"+1MEO0mvemzWmTK39zjapiQ3tjrpbeW3KOfNrI4oeqQ=":{"valueMac":{"type":"Buffer","data":"+7iY+Xroa1MoiNhnV3ckFl2SzqpKKIVPY8dy8d3DNTM="}},"e45irltOiCaabS1aeTKKtqTh6alxGMMzsDiDOuFIV2U=":{"valueMac":{"type":"Buffer","data":"Z47HR2lF/HI5j+HWCN73ba2SNnhWy/te3YQ/7bmQl3I="}},"sYCSOLmEsUsIZUH89LEJJpbXmQWU7jgsso7YDuTvl7Y=":{"valueMac":{"type":"Buffer","data":"tTXbnbqm1nVwapCjvhXkxPBIj4+pfT/X/3HEKBeGjCE="}},"NwGZYe+ojMTYFeW/iLA/THwjLWXQFJSTf1TOvt5Gzxk=":{"valueMac":{"type":"Buffer","data":"3O5d4n6e0TmW7TU64fyEg3kezGTwh9NqAesWMBonAB4="}},"ayeXV4nPU3zonTd2hU6+iIQWTRJy1fL3LBcYZFuqjfM=":{"valueMac":{"type":"Buffer","data":"HxzwCwYjbbiyKzZbfXAfCQ5SRlBJg96v0XUK02zayNE="}},"0acI5BfQd/qsJBsnp4U1fGFjiDJ5SpDvQ5A5LhT8yFY=":{"valueMac":{"type":"Buffer","data":"IIxWXeJe5Tu456s+P0iRDTVA+p6xNO9fw8cyIEFhofU="}},"8wZCJXYir0NodNjouOLZu5BtJ/JpGsv11MOa2uf5UJI=":{"valueMac":{"type":"Buffer","data":"7cJj7SYPt0ey3x6uF/ygPm6guteI5huMtHuOtCvIv8k="}},"VYU1j01v+p8a8/qOoslVhkH+AnmpCvGdBrTzFrF/b4k=":{"valueMac":{"type":"Buffer","data":"uAWcSgp9urbqlbOaxX5861Y7LpTh9HOywc/d4UJhLlc="}},"aNj4pHUfPif/C37Icmw1Llm23qoBI9fIq2wDWRDxbRs=":{"valueMac":{"type":"Buffer","data":"fSR+Ebrvsv2xxSKdhBdzCqMSBVKRKp6FJcXHijgznq4="}},"/LqFVqb8fy1cB9U54JrDNpTr+O8g7IA7brkC/UclEzA=":{"valueMac":{"type":"Buffer","data":"rew0DFXJCXJzJ8NLTcDb1JvERjc1EfHhPVWRjdE9dOo="}},"DNkkABJe4zJM5AKYRO77QWkGBRDc0K23uPZutYA4Nto=":{"valueMac":{"type":"Buffer","data":"RwPGImA2oMM94SQ9es/+bkNS+oNfJSdMJJaQHE62g9w="}},"JVSJ/6c18dBhGL15SXu38rZ+Npk+dOFdcYg1khAprQw=":{"valueMac":{"type":"Buffer","data":"+WvJAwy1FgLsxnVm8EfzlZOWlYQROapO8xgAYLfYP0M="}},"UjRjugy3EY1ZVFgMXSxlnd93RpzesFGrNhM612fvvwc=":{"valueMac":{"type":"Buffer","data":"I3CE54RwEVI2gj3oMzRv1Y1AIylNwMS1vZJzn5bMuag="}},"2IBG1TBa7dGJQ0iilNHfWsA1X6yIwgSJ95E+m1nKQpw=":{"valueMac":{"type":"Buffer","data":"8oaplOR9xDeOxWYoz5MY4YwAHlIqaub1PAMyvcN/xq4="}},"tYkR87LAwxjgISkbL4XAZHxDOGSCvEENgHl3+bRZm/8=":{"valueMac":{"type":"Buffer","data":"VJhjqafPiMX9ln3qHUyS4/h4CRJvxmLQ44b6wqLt4e4="}},"C/nrxi+WlDp1zO0LwSyJvoxhxzGqxL/WhDkrAjEfO0k=":{"valueMac":{"type":"Buffer","data":"f3YUEo+CoMg7jvamTA628JvSsssdWE2w+iRh+vuXONU="}},"XfB5GnxVhc4rv6P9tc86DbJ8L9XQa+asuyJ/Yxap9r0=":{"valueMac":{"type":"Buffer","data":"cvUpjgwvAOilR+VBvMzwcnGQy1tNdRaxt/nB3RJnC6E="}},"uyT4aV9qDRE2hnA9+o5y16FnotxEc0w0H4vK2cEmaZQ=":{"valueMac":{"type":"Buffer","data":"+KrnL98JL5nBxrri1TdU1F5tKBY2qlZOETxnpTX4Ejg="}},"eQPI4L9hiQIv1C3FtHMxkrt+S2x/+nZj20o9dvR8RtU=":{"valueMac":{"type":"Buffer","data":"7wPx67BrOuprwnpzvta9+kIZi1JiMJsN7GAR3CEVmKc="}},"Slx+sPOc18gbJ+ub65wQ1TyJNYK/qxNw2pux2tQCiFE=":{"valueMac":{"type":"Buffer","data":"B3pON+kPjkMQ30QvE8qzeGCy+KyJ6fUw4KWup+JnoNU="}},"W5I1goFEQpkbtDx/GSVeyFnQRGcssIZiMeSWKxBg67M=":{"valueMac":{"type":"Buffer","data":"1GTK+pqehVwYR9EZS6jvLjh+q8xUCZj4eq70tONqIo8="}},"N/iJk6V81TcRos6+1Yzq2xGIVSVPDwODLm4ExO6LXkk=":{"valueMac":{"type":"Buffer","data":"uICpQG9dMMEvUGQKWwWzHHwLTy/IXSWUzZhcw/64lOI="}},"EVMYATU7nFdfcrD9T5ZY0W4eHbF/kduFCVMS4gX9Mbg=":{"valueMac":{"type":"Buffer","data":"jU18WUgd1EDVYxwCcOGS6XFzNHphDz6++nwmsokzw2Q="}},"uNaIdTsVWHM4jUHqrdpk2cJUFRLuMdrxLLtxKpw04CA=":{"valueMac":{"type":"Buffer","data":"Fx75pq20LsJyTG48pHxTe/+R3Pc4U95QuUTne1i6/8A="}},"o5IRcZry0TNKpQmLIOxNVRCDimIuF/VlcILpF4XcalA=":{"valueMac":{"type":"Buffer","data":"D8n/9NvncW5K/wwh8oluCFhF83Kfb01WugNS9ORVLMk="}},"2YVZwNzkBUEoTqnS+HrjVB4ZASRazet/LclS3iMu7bs=":{"valueMac":{"type":"Buffer","data":"UvwXn1+8FNPx57F8cRxwfChJ0+Hsl2FDQMscbMc7E1E="}},"E7pEYeYZhy3POHDdb3lC1DW1a4tuwnVr9zxpk6ax2l0=":{"valueMac":{"type":"Buffer","data":"SucTjH7klE8lgCqaJll26OBQrkkDyBXRDCc0QS+5w3w="}},"O/1KVfR90dvlPE93klDlCoIGZdi+XkHVIifTLdrO8xM=":{"valueMac":{"type":"Buffer","data":"U5P30rDkht23IR0UeJUMEWw1BCTAMyeQLdUnuBw5RFs="}},"okqEwqPKoZ4q5/HLKhO7GQL2rVUHfv6zc/O0S5oGURE=":{"valueMac":{"type":"Buffer","data":"KVfT4Mz2arIm7lmBbsanU6tFWRmY1TISlpl/GrH1wGs="}},"xR7ijZ+XW6DKDDf108AktmkNrg1brAmbFfOdjvTd1yM=":{"valueMac":{"type":"Buffer","data":"84rhE+oB4jJna3i5mC0+VFNzs6hi96angemhVmMMFRc="}},"17G5ZCcPkBNNkFjkrM8FpxnWTQJtwZFzTLH+3TJ1i3g=":{"valueMac":{"type":"Buffer","data":"x2g6wZvH0lkK51nm+VcjvpIRHJan+5Hthiguach9SDc="}},"7TK+0nI8g9XVkPc99illwlujXD1AbJ7+4/oinmXv+Gc=":{"valueMac":{"type":"Buffer","data":"JRmIV7zF96Gj9Wrf4VaHPuf8KQp/TuhdJyu5lweAWnA="}},"hSMHU6XfMk4vPNTCeljdbp4qNmilfhaFv9pWGYtSCW4=":{"valueMac":{"type":"Buffer","data":"BI4u6JDN2QygERjFVLNwrpnWEO1mLMwoQjUoXCzQuS0="}},"2Tr6Th04H6p/+5v7sptLE3rGH+OhuxPJIFIymkUxUUo=":{"valueMac":{"type":"Buffer","data":"cGDdnWoyOa+4V6irAJvTQzIbV11gkyUj2VrxMYalSGk="}},"CrWq3Sw/KOcoeNRB+NAIvZgOEtYbs8+Jq8qsz+WMzjE=":{"valueMac":{"type":"Buffer","data":"S+46JrSlgDS+X733zDCBnxGmP35Sm//qG1EZPr2wlac="}},"KN9QRzSrAwXXkY1hZmZLeHwkBXDqqfY4e/tsX1BR0nI=":{"valueMac":{"type":"Buffer","data":"+J/vVq8TKmxcrjxXITWuFju4uzm5auIWA5JSZ5yXtbc="}},"D9UOhcIpd6HCjH5cBL+lrkeQc1TX1PWc8h3gZmFoiTM=":{"valueMac":{"type":"Buffer","data":"4wPu3xAoWXVSMY68CVJ7ZZ7vqlu5IgxwR6btqdsA8Bw="}},"i7rOvj6ia0cmHrdKiCfZMsdYp9P+tc5wRNFSzoCbd/w=":{"valueMac":{"type":"Buffer","data":"Z0CUFs4vYG88Af1NBKd0E5b3bhdauUS+s3mITQRlqCg="}},"J/AnlCBt5pDGr/WfBR2JhNyoHWLndB5EpbUsh2krIxY=":{"valueMac":{"type":"Buffer","data":"d7cd61BVVr2Pzvan4HEGDTN4a4+k1D8KVWVy+zarrfQ="}},"duUxDDoAY7XDHlyAJZ9/UNs40thmEegCuNLabrne1bM=":{"valueMac":{"type":"Buffer","data":"gQjSbdXv+lM//ZJSBL8oFaGC/NV5kjko+VEvnLs2ssY="}},"OCN7poK490Q/GEChmC4S9hR560c41bL2K6yuyKvDsuo=":{"valueMac":{"type":"Buffer","data":"lwy4rJctjZZ4Bsy3jG6BUyxQ7FX81FSRgH2ErKITNXY="}},"W/E+TYfTWEz0Tt4N+Eaj5CDZBXp4+t4C3XJt6u5tqOo=":{"valueMac":{"type":"Buffer","data":"2JeQz/RGx+SHAeIRFfI4YSnKIwSWrIwPvYPRPgzgq7I="}},"hxKH2Ihb/Qyco4CldsnmXWLanmNFh3icUKP2hrj+53Q=":{"valueMac":{"type":"Buffer","data":"kh2UqdDNxj+EIt9MBNMd5Iu/jkOvfDtE4Q0xcQlhkYw="}},"auZQnVOmoeQqHMhSdruvEcS1pOdPmc1gn3hy/5aWci0=":{"valueMac":{"type":"Buffer","data":"7h/wtUJW3BEonBrZ7YiFEl0G6Wo0vz94YsmIKng1UUc="}},"8WVnF6XX7PQhdMIyu3bwPhMPRhPWLBSLetBBeTURrhA=":{"valueMac":{"type":"Buffer","data":"SqIpLiomTl4KroSkCjo+atigfEcX8bLjv+PNXyTmI7I="}},"AlcPlQPWnMSaP7dTIIUQfxDY5nw3TefnAMFneeucOKo=":{"valueMac":{"type":"Buffer","data":"laxLP1tmXdCt3FPDmuyftKCpxXQf7SXW4Uu5Er2lCWc="}},"dVlE1O+XzLKdN8A2Q+wMdzTBxuAmqwqgS87ZwY04rRw=":{"valueMac":{"type":"Buffer","data":"i3lIn+WArgkwhFfv3YDnEC7JTZgDso9uCnJjPt+t3s4="}},"j/UoQg9SpdLy5PKw+gSdScwKriE2x4gzakMaMT1ndUk=":{"valueMac":{"type":"Buffer","data":"gQ4xlpfU9DiimGnf6zTXGZRFOeCDecMU+YUSXpbbVFI="}},"GKDKVOUexCkxXm3hLXlpuhXmSh4oUbDm4e3a3B9IZkY=":{"valueMac":{"type":"Buffer","data":"qunb8roqzIs/ACo8QklfkDyUBxE3WiRhewPpI89LI3g="}},"rrQGxlA+aYZMMXqb7fPUSDea6VqDqjNT0tNRkRO18I0=":{"valueMac":{"type":"Buffer","data":"fsQ7n+FH8jsRRfknEReTLlA2qoObD9DiFFzWAyC51yc="}},"tS6Zs/ZZm5Yvh7SzqcnH5qP8T+DPCz2iB8DRwNpk54Q=":{"valueMac":{"type":"Buffer","data":"tTHn4qoMyK/VVqTl7f5FzpcWHBbPvukuaC+vMP5dlDI="}},"HrdgaCRzF15r6j/v+y3z9qd4dE8MSZL5D8cZsaSDyNA=":{"valueMac":{"type":"Buffer","data":"TOvhkhmrt0ztM4Vti4yDg/yFV/buuVFC8jErDuPqp38="}},"BEJVqBeLDNyeVRmVFK0KgFQSGy3rOCO0PTENg14qV94=":{"valueMac":{"type":"Buffer","data":"FYRMvoJgMal1kjzWQ121f8T9TEgIaGce4tX65wjPlWU="}},"LE4C+wefvpLr1LmQvH5pm5p0c9RO78JT+9ixGel9fy4=":{"valueMac":{"type":"Buffer","data":"mbFhSo3pfgaQOinpCArBH4o8pBP10QNA5fhXfR61YkM="}},"HWWgIknkGS21kwXz/Bib1wO/8aVTQU4BwsdbSZVJ4As=":{"valueMac":{"type":"Buffer","data":"B+CjhLMqbmRmg/0g87lWOu7xRpFJQqSqHjbZRIpamd0="}},"8tTkk3ymfuw9QjXF3ApGmLGlNT3fUK08pMFLs45Med0=":{"valueMac":{"type":"Buffer","data":"/CAkZ7eJDIxV5cutNfgBdLp5mmBn/ByBGXLhTwXY/wY="}},"n+aOc/qG9eHw20z2pM4IgFtgsynzW/U8dMKYHp7QEl4=":{"valueMac":{"type":"Buffer","data":"hUOhoENEoFi9BW/XIfbwdOfTYx97SVxhtQrh2zv3gqI="}},"r2Tl06t+ICjhP/cP9n7VRVN2FEmD8xtn30IsqDbz9r8=":{"valueMac":{"type":"Buffer","data":"g/KlQlnkQocZ1tfkQeRdH/EHkKJ37X311KvNl0wdSZU="}},"hdIEu6u2Aoy+RXpqqOye+c+Odml/BMT8+CQx42BootM=":{"valueMac":{"type":"Buffer","data":"oF6FKbWFwpGR7QUHnZLmfS4WiuIxhKQZ4NwcFqjmiCY="}},"KY4Bhf1cFo8QaFj52gmMFrso+s3U++VYMl+cSxH2Sx0=":{"valueMac":{"type":"Buffer","data":"/pnz08ydlVpJfwn89VkyM5xLlZ04JIJSvTOZIHpTTaA="}},"JKFIoufpiEC3JU7xRlsFl+f0staM/0UUSQZ8K32oenc=":{"valueMac":{"type":"Buffer","data":"QNGqWUE4cBDS0GRiif22Owj6BPv3VpZXGgkts8o/YQM="}},"DctS0ZaRrGZARcxTtWwrtDSQF8M/FDGN12na+lpm6pY=":{"valueMac":{"type":"Buffer","data":"ucS2EJkx0OyWsL8AbKjiK2oLMqlSlAfvYojmbBcP544="}},"hc0/8Qj1x9qoPaxvaY69NzDk/MZSkPyvC0yyflw2Bdg=":{"valueMac":{"type":"Buffer","data":"gjrm0QWmZgZo2jva6/Zmze9h7hls2GUDDXdxBso1KCQ="}},"OQlm4ykRT1LxWfxQLwVDueSOonfi2+/5rV/pemd/f4I=":{"valueMac":{"type":"Buffer","data":"GZPMErsJTlwQSUhbF5Zyg7x84oFCj1AWfeLoiI7BZPo="}},"xuD9ejYiIfO0NbRNZ6vrKJxOylb1kxrqTNqjaDz+hP0=":{"valueMac":{"type":"Buffer","data":"p6ob3XaROaaxCl4nmnD2Q4zcmzmVXL6rEWh61R32icU="}},"0NlCzVkW13B/ZbEXXFOh8f0mWUFQ5qT8mEw8eolCRqk=":{"valueMac":{"type":"Buffer","data":"+B5x3raaRPW3e9qs/nEmMPDm1vi3vwCdMjY+ICWJFRg="}},"7I9dPEefcL5tc8SI3zW64nuiipjRCKLOhHagZ8HbrDk=":{"valueMac":{"type":"Buffer","data":"7aHMmjpsTssAAHi/WMe6m7vXgZKnEsA93Ym/laixdsI="}},"bddCT1MVARqunsB/KBqkz5Drfph/pgriRQzmxyq1lck=":{"valueMac":{"type":"Buffer","data":"o0AHdksFsL/yDF4fpgfHn/SfEXKXcAX84MaUbPUER6Q="}},"OKSuDk0LjyL6TodI6R+JPZpb2baqeghrx2MA8o4A3Y8=":{"valueMac":{"type":"Buffer","data":"8A9pPVM4fsGIrQKyfin6lk68X1+FngnssJqiQ5Cx/mc="}},"01upnVn1zuSkZyHvE88RAiUpsKYFiEQ6g9qfw8/gf3Y=":{"valueMac":{"type":"Buffer","data":"3OOn0LB87TyRBY8L/enKZlz1BZ6qOtxzbePHfmw7g1M="}},"r6CYDewAnJdLTh/WORV+siUUtpP4Hj0NGq3tRcXjOms=":{"valueMac":{"type":"Buffer","data":"bgZDJawFb4ymUBQOA1qggQ5KMfHjgL6AfkJVhq2vqzw="}},"ZkZN3pbNK3ws/1xtcaQKL4NuVY4oY6IjsAwhuSjPFmE=":{"valueMac":{"type":"Buffer","data":"Q+CT/pcTEk66m/11Kjs9rTdpwEATIXI1EjquQCQTWj0="}},"6wKZfDfBpusdbBmzUe+6WqBP+BEq3xEFIIHDX49RxJ0=":{"valueMac":{"type":"Buffer","data":"uf6T951Uawgo2nu60FrcUemsiX52OK4eBocDrBFA81E="}},"N7/CJgAnX3G1UhNnrvUVK0odGtsk6KsIbPikjG0DdOk=":{"valueMac":{"type":"Buffer","data":"kZ5Zgqy7gFCvjfd6UVQ+Qzv7rKbnn4KeWnvr64/NWIg="}},"cvhsrzSeZVk3GVSo/X2DuZBej3eOKOBc7oYQbhyxiSE=":{"valueMac":{"type":"Buffer","data":"bOSE4JS2CmsY2Bh7g8VDf7N7j0QybqTtoi2teb9KjBc="}},"8c4XjYuIMIpDPkprHS6OC1m067wY5J/PtBSTxm7i/jA=":{"valueMac":{"type":"Buffer","data":"6LVOPjZmQ+Cz2tT4YRIAapY6wChzF+/VE/lFFlubSSk="}},"HTymz6lGE4wuRu1ES0FP3K7OhVAd/+wc59RATzUJpho=":{"valueMac":{"type":"Buffer","data":"6phSjvbnYSKqiNIZsCGS9dWEYmhNb0BjxvY0a6AuGmU="}},"mxGBePibpClLPs0cimUMeUBnfmZk+moyv+rGVo8+/Vg=":{"valueMac":{"type":"Buffer","data":"oV6ajzpKCafk+cR5ffk0TsQA4/KNG3Ye1D0OtsN58Us="}},"rryzoZpTrSqYmP+0XzsbpOu0jDm0QDXTSf+GY+vwF/o=":{"valueMac":{"type":"Buffer","data":"BlcMVLlImS7oJKbQWlH0pjSYX6Vvau39GWACASkELPI="}},"bdnbWo0sl0JnQ5QEzTHUEMuz3b3afzvUmdWnTyro7FI=":{"valueMac":{"type":"Buffer","data":"198BZCXy7zB8Iu3HsYpZWmluMwUo1LyQWKWF0NZxXzs="}},"ObWnmblESzLEbhNbZOXniYdEikPEaw/Kt0bQSLVYVgc=":{"valueMac":{"type":"Buffer","data":"YHorzNfjBW3GwAQrPuzLJqXPxtFjklaPjQ6iDMv06qI="}},"+MhxPt089/fc7VdpMuYKtR3Uf5in7bGuL8HVznrmfHM=":{"valueMac":{"type":"Buffer","data":"NjHcbXmo6xz3xvAAvbNnLLfdDTEvJ2bKn9LwrKrTHCM="}},"gspoHGSUfhC5+/8Q4A+R4mM7wVpzpmXWL8TKU5h20I0=":{"valueMac":{"type":"Buffer","data":"F5XU9Ik/w3ADYwl4D/716jmu24b+m1/m7w9qoSaHiRw="}},"BHYt83xiYevrVHMUht9eXXaMc5AO4dDez+/AMB1n/OA=":{"valueMac":{"type":"Buffer","data":"bYfb4+CG4Ukm57/Y2AJK5irn3KlDQsV7xsAV5zlo7jQ="}},"dUCkXwcatAlJk+E/AvqsLuhKhXk9pLnH2IpfuSC1kaE=":{"valueMac":{"type":"Buffer","data":"Bu8XVAt2c6c3ygqwTVqg7NL9sw4n+JxWAGFskN1/RY8="}},"8lKOUh5nIoNiuxH8zl5Ua5E8wfsCfqzsKDLs8PDllCk=":{"valueMac":{"type":"Buffer","data":"r1D5FdnYd0exs26/0lJXOIujt+CgwL3DUTogd3pSJyg="}},"fMClFnUZEUbhSnNMY291ZaFKfd90PfNQ5e+OMSZ7oag=":{"valueMac":{"type":"Buffer","data":"jSdNG0h0uZfmACMCfeD56k6osMnOoe/U1li/v/R5XmI="}},"cM7J7c9xM11MUHz5G4tneud6RkVVTxnsFf+qxU1TQEg=":{"valueMac":{"type":"Buffer","data":"0C/tY/txW8uxrsZ/J6/MZPpZhLH+siTTtm6MgyxQ8sY="}},"24PQAAffsbPUVd3vJkHr9rU4Y4UXXw0WgftYOOFrKzw=":{"valueMac":{"type":"Buffer","data":"bKnokBd3rKqp49fjjFeJ2qxLLB+IMBnMeiYLZ9Ywon8="}},"gWqyGew5Qd68CCdXzS2KGdmW9gxV4xyQDCIrJvQPun0=":{"valueMac":{"type":"Buffer","data":"x8N9oTtO2tdZKh0tsDKHN0n80jNHy8zd1aryTzOJZQc="}},"EI1j59O2JWLWsqS0eLHD/oh4j1RLZcvexDNT4F6KC0c=":{"valueMac":{"type":"Buffer","data":"9897QT/13wZwp1X6twdGYJ5qOaQz0zRdTviXv//Cn5g="}},"xu9md9qLhXvzs4BZTCTUBb9sSEjS9/Y4crTV2rJDTPQ=":{"valueMac":{"type":"Buffer","data":"cW/kHfFB0Y42nYSzf2E13B1Bt/J7YJMFUdeXWwWKu6U="}},"VQ/ZMx7tOy+r0Bg5weqevWhaA9TwJnmu5jkOnVlNjGk=":{"valueMac":{"type":"Buffer","data":"rzFHJEtzqNW7Fnuu0kGYaojd8qnN2tZXJViqeQ9Raow="}},"8K9OANjs1SAH/uBBZTZjkPuJy0yRv57zF9CjrKTWcEM=":{"valueMac":{"type":"Buffer","data":"fnQ0aqa+vA0XalC55qhxhuf6qEgvklF/TEB/yKsHJt4="}},"M76UPPHq5YdF8TVB/466W9WE8mGc91US2viDhkJCgKw=":{"valueMac":{"type":"Buffer","data":"E5h+hFuLEI0oL2oMDjnQqX8+TqsI2DXukQ3X3KeJnSM="}},"KTAzj0Jn0ZfbTp5fVOV71WAsuYQjT6HlHqH934GiuWQ=":{"valueMac":{"type":"Buffer","data":"o0f36vP2I7qkp3Kx6EIb/DaGPuxRL8m/ubRIVBc503U="}},"69bTFcReLR1G/Q1y/5c8xAhcYpv4G12MyE61herfp/A=":{"valueMac":{"type":"Buffer","data":"2oRTS8KHp3ILOi19ANgVzf/SUvo3pXJcHCVHvOqrO9c="}},"KjdEulz0XLxvz2YNvIBnS9YltWGgXEnUkHEmQFoAdDY=":{"valueMac":{"type":"Buffer","data":"uk+zkZZMf4zqgHTWjYaslwriixhHlqJnCwjzOjI3Nhc="}},"X4O1np7rtp/7XUs1ynU6XfmM5J2TR0uCpZMZuZSJFW8=":{"valueMac":{"type":"Buffer","data":"v0b3MVFdwDe6QNBVgmbk54TQBhtE7Sj0pCIBy5LrBKc="}},"KwdcviWKs3t5R0B9dKWVpMiCvrsqH/43Bmp9sa8iPB0=":{"valueMac":{"type":"Buffer","data":"LM6pUu4cMecKtetL8X0bK90rSZ1pOHY9eEKGrYEWFfc="}},"s1y0J3gxjtb5vOw6SQtlnRqwB/50ApM1sDzzxan10+g=":{"valueMac":{"type":"Buffer","data":"94XTMOP9n7w4ohW43KYyD8sEkwwMlmSGK0AfcIt3uP0="}},"ZszPiOyD0ttgQbfterU8wQ8ecYwEe9Uvzmpl1nRoVqc=":{"valueMac":{"type":"Buffer","data":"khTwMzPeP7s6RrFwq/+vzrMwM4lSl9s3tUsWSiesWE4="}},"BAVqhLttIXv8SkVdVAYFw975FBLwYw8v1HYhbr9Ofe8=":{"valueMac":{"type":"Buffer","data":"JXI0Br3EVZmg6vedAHTjUvCtI1EVFa35DQmKhYxuAkQ="}},"MMjTpwGGSoqATxELXtvDLbbkVUc/SBpGU4pjXelwS2k=":{"valueMac":{"type":"Buffer","data":"b/iUU9bj139ugreZGDKW2cDMVcznRGxtHXHKE1vnCqA="}},"YWcHirIoGgyCNVbU2L53hlhWvFcc+4yWAsm3EqAVH8k=":{"valueMac":{"type":"Buffer","data":"K60sVYC0aAYlTaCE3elNMs9XEs13orsjOFyl4THgYfw="}},"+TLBrBoaMe/Bl33hTHkqHtjF0sRq52lz+MdHxc3yN7I=":{"valueMac":{"type":"Buffer","data":"0d87Y4g2O5BUvd63n6SVOE8CgCKC/e7JFnlgsw1qM2c="}},"iqQVSDu7YinFlT08EbGkYqSdOxkoHQBbLT3B0RLXECo=":{"valueMac":{"type":"Buffer","data":"ZQzhEcwEBLZjRSUmnfu8c6Pf3PvpYcnvW5ot911MXXw="}},"ufud5I4feDirSjtJH2ncupWiZktGt/GHVH0O/uiJudM=":{"valueMac":{"type":"Buffer","data":"Dn7DpJ4P81nxJkJFAFrdoHqdtX/KBcZnNeByoacA3hY="}},"iO4j8JS7vWg+ta/UKuDAz88nbuK7m4H2Mix2jGUb344=":{"valueMac":{"type":"Buffer","data":"5/vBjHKh5pY2DZsH4K9NF6lejDhRkbPpBIaCPyeAMxk="}},"H+LOlOuYlUTwtKXxxnkr2NaoZmvvnpSYBQniuIUWL6Q=":{"valueMac":{"type":"Buffer","data":"0oznOyZDtw1WuglLm7/i1iHLLcTSVQP6oXPMX44K1m0="}},"Ml6Q47CqRTjN9y2bE/59vkk/yTAxhMFbuQJ3JwjMKRo=":{"valueMac":{"type":"Buffer","data":"jagTRvdec6ZYGO+pP8Q65owQlOiWQ0bBXXt/wLRRvlg="}},"EDif71OTOwvv0bq7sYjUwI6I/VnZ72eGNnOBU+9EpZA=":{"valueMac":{"type":"Buffer","data":"f65XpMhYyG2UGJepOG0zd2PEFX0Biydu4fL7Z+Vz5ss="}},"ZcQ6b08WlYpbdMLgdghLcVUkvUfWqCcTTu7n2LR94dI=":{"valueMac":{"type":"Buffer","data":"vD0QECmPLmjquD9acRaRqvZUAxuxBnTpIPRz94netCE="}},"BcqhJoXTb7rM1y5zkZar2sw3xahl6pbLs/qd/cM6VMs=":{"valueMac":{"type":"Buffer","data":"GnYEAnDKkGLz7nPAXe08zzEO9wo7V1mMrvrQ/z7ydks="}},"bRxaJ2t8RC/y0JrHBUMusTT6aBftCxsOArtw4KFWynQ=":{"valueMac":{"type":"Buffer","data":"ft3vnOX26h2rY0ADbU0AlvavuW82AjYR4YVko4Q5mrI="}},"gBc7lyKh7MkPnhCzuB+CGOH39oamE5B2x60pIfRJmxY=":{"valueMac":{"type":"Buffer","data":"GiC2c1yDZnJbPXi0Jof0CvXno8V2dJBjPNxz2GVqFHY="}},"R/NoAWuISOPfuM6fSyhA7vJBbI0K7C6/JSS7Lmffnk0=":{"valueMac":{"type":"Buffer","data":"TKxpcyL2xdehCDWxmi8KMqpzzYaw64z15asMgEj37nQ="}},"6j3w88xLQTOyjjBlV+A68hyJrYTltSk/yxH66gjUoTE=":{"valueMac":{"type":"Buffer","data":"EkPVwdNM/laPFZvuVucqoK+bgQCYqMn5UVHgw1WeRLU="}},"9/mWuAPQDQYKw21a1yBb3fHUNa4D67mZH2eHskpPoK4=":{"valueMac":{"type":"Buffer","data":"7A6QhBzOxlwbXUFjLVJeGIVXnKysHekSmoRx3XR/pQ8="}},"isHQQo4stsivGZT85PshnGa+P7u5AuYg5wvHGLaLFi0=":{"valueMac":{"type":"Buffer","data":"3LYbf842MhvOp7agcokZ5VoFom1H4JO52XVW0ZkcsaM="}},"v4y4EY77uxggfTysPBr+Vv7+gmFI/Qiti7oKzbnq1Gg=":{"valueMac":{"type":"Buffer","data":"inqVoWb4XGvdAcVTCO8/VDtSeA0bQ+ilta8Vt4yXRr4="}},"PPSbq3bQIzm5Sr0Q06MYFEIV3fetO5dppoCMCpUSyPM=":{"valueMac":{"type":"Buffer","data":"9Now6sV+vXTGEcHnYRZVVqpo9BtWjbc4dZrVMuFkpEI="}},"6gcJOheFtFZhtJUKi8gozGQZXq7/t6RHE12SwXDb+dE=":{"valueMac":{"type":"Buffer","data":"xz/d6zyEkH/CFSiykQP71GBkqrQQF46q9M0DXj1NeXM="}},"nPydPhEGilbH7jy+clizkA2B+V2KRTyvC3f8Is6Z7d0=":{"valueMac":{"type":"Buffer","data":"D5MNNqU9mEwh/n6JSx+MCgQFI/lAj3SQtplm3Ah477Q="}},"AWuwnl5OAW7epw84vqhCzAoUWGv611n314LjTuwk090=":{"valueMac":{"type":"Buffer","data":"DO/CTCuupczOk4Kjb82ZxJI8I9SpgZ2idrcwBBhxX04="}},"+JmrOGzo/TC+KRjv8BuwN5JL6/FriqACHVZ5xMfv+Vs=":{"valueMac":{"type":"Buffer","data":"i0MHBvfOj8VlEmzfkyeCguOTiKZxJ3WvB6e0mZe4nJA="}},"AptIQv5Zy4kowYEhnqp+kFswaA0H97CGzYQVoSNgioA=":{"valueMac":{"type":"Buffer","data":"uI5VDZlLFNJl5e0Gll1M2NgToyRwuPZoDKM/uDnDrj4="}},"obrlZgmwcP8Icr/RVRQfsE1tmSknUCE9re6LukNmg3s=":{"valueMac":{"type":"Buffer","data":"9Uh2iV8OE6PusvmUqikYrd3x9SXsajgJrEfhzXqkKeQ="}},"bNF1w9CfBc/UnLLHRIWgmvyMNUEohPi+XXX61KOzG6c=":{"valueMac":{"type":"Buffer","data":"nO7w7a9TUzWEfShgxv6p87bkFoNDKA4NP5yX8qlGMyM="}},"3xfbZZkOUJXGPwwse3GzDa50HPJT7WGVRHiI39oQB5U=":{"valueMac":{"type":"Buffer","data":"1KRpgCz6BD4Tx6ocNyG1iIC7NxDnte5ATxP+C4n/hgA="}},"iQINITs/t0FFnBiPMJihmWGAXYXDQEUucZw14K0k/N0=":{"valueMac":{"type":"Buffer","data":"5MnTdOZ1kH0fzAJ6YMYe52ZK81VqzqBf1u8jNfYBsrQ="}},"RjKjiH66+/wTmhOyQw0UoQb8/bmPpBFUjg6poLiF5Jk=":{"valueMac":{"type":"Buffer","data":"3daE/5DPbxVssY1JKboT3wKWLVV42zBtpHUDdJOjYdk="}},"lOKErLel/2TvZlsvfYphiSfOlDqALBAdE4BnHzxAC5Q=":{"valueMac":{"type":"Buffer","data":"BlV+9xGl/U4Dk1uLbapX9ZyVoE+PNePxOLQi4y1pZHI="}},"ZPK7k5YGcB0y0to11Q9L3xr4ZvWm0BcsYRu8kVxX8mg=":{"valueMac":{"type":"Buffer","data":"Uy8rtaeYJqVeX+W6AnMP0HgA9DbNpwWiUYP5C9DO7DQ="}},"Lu7pxJariokXzZJ9P1/IZUfVq2/Z85lp2A4P0K18PWU=":{"valueMac":{"type":"Buffer","data":"tubZprjx+ARLBJ8fav4/RXr5Pv03mUxryvqYGSsuK3w="}},"whDJzlxXvFXCEGQHEGOBbmbMUCsiQhn1jj60nJCqXQc=":{"valueMac":{"type":"Buffer","data":"Sl2fdig/xWOewKyHMbPojN/N/b4HVPr+0MaWrnj0LTs="}},"ShyHsOVcMDx/5NZ2icCDiAf98Pd/eEV5TrfafIrLHLA=":{"valueMac":{"type":"Buffer","data":"S6m951mWq5fLAami1z2rY8hBQgEFRjZ9iMKxeVBOKM8="}},"UP5H7CFh69H0+oPhSDsN7Wn8N3srt7F5LGIy3Vh7pfA=":{"valueMac":{"type":"Buffer","data":"4NtykKL5uz/A5BKi7Qu+yEFtupzsHdWI0evVJ/lcYq8="}},"8/PmTgthI/3t9wqiD3rrNZEHgY+B+vvhWQBeENYeevA=":{"valueMac":{"type":"Buffer","data":"gwfdZj4C1YUmpCQ2UK1sn45V017k5/duHyuCCky2mzE="}},"C42BAYrg31P5RpDuI0qJ6mBfAbDZDI2UIF3Ov+tLbIs=":{"valueMac":{"type":"Buffer","data":"nmB97uw3hiGYthWZek86MSDvrR/cGHMMRJKxVCj9ULo="}},"kuyk3g5Uk9HuZ+cO6IIo6oCleoS4LMN/VLQIE94DpZQ=":{"valueMac":{"type":"Buffer","data":"0jhJarjShzDVfA9wLyDOy2OWUPKwTk4rIjdECS0DGsE="}},"RlZja0qU4NQPnEgJ9sm6O2ouY9U5KDuuhUOT9ZjeZpU=":{"valueMac":{"type":"Buffer","data":"SqTvCGnX+/JOucIt/jOcQEmuhhhEgjf8lOXITaBMQEM="}},"eeG51to5xupGztYuYoBV0hIsD61QxO+rHIvwM7+QlHI=":{"valueMac":{"type":"Buffer","data":"lIpGGpR6RwPiCdnJEg7qdBVXD8fjn1sDA03GI9+8CwU="}},"okmPjz1QKwPfAsvSP4WTNqBX+Rsr0VmymMp8EpK07tY=":{"valueMac":{"type":"Buffer","data":"7p85PdkwAENjHnucKkVxJIoKG+aNBhtmjOCOIQb0nqU="}},"RNlV0wEyyGnndGQejmAH4yisGe3O5LDbUlljUn0/drE=":{"valueMac":{"type":"Buffer","data":"dk9B31lgMjiPpQzJj2EndjqKrumR1hqwhky/5iGduAM="}},"EsVU/UVIS41TE9TBojnC54/EF/4JzZ8PeELkGifJ+cw=":{"valueMac":{"type":"Buffer","data":"olqGVFjA8H34teww38ZH5eTB02tU/fk2VBaBG9nRIdU="}},"8oJ3dPM5MbFTppJQ90QRD2t4St2l40+KVjQ18HhuQ3E=":{"valueMac":{"type":"Buffer","data":"TSLF/qI6J5bcM7oUoTIOpOEALsVETvJ2SuaPPOqFBk4="}},"dont1R/5L9kcf6HOUMjeIFDfLMAqeuiRftkoitoLz2k=":{"valueMac":{"type":"Buffer","data":"AtXdGRJntDTE0CUMRfcXVkdDdBjweITCKp1ajcPxmdQ="}},"1WEUW6xIBqgHAiXDzrIcNkXHU6UWn7rITes1Ystivpg=":{"valueMac":{"type":"Buffer","data":"ynIlhyzLrYbHI7UT5TnWsgC5Au+jmSRj5vvRigGDUyI="}},"A02bgo11kwTOn/wWn9PxrAAm7pW4C4tq3LkNBYpN4+w=":{"valueMac":{"type":"Buffer","data":"ZqOOeQJzBljacazdmIo4HxQ2oTu/VSVe/EKjjgDaAF4="}},"cvKYAvZen2SUlWWCNSzn4fBUF9VgGbdVRwBqgGw47+o=":{"valueMac":{"type":"Buffer","data":"F+4e9aqkkCQ1YQOztiCKqyS2Qk4jf80dkBAeHnl0qTM="}},"8Fwt+Su6hmYbUO6vRziFxUwNx4DellZCHdtvs8PbCVo=":{"valueMac":{"type":"Buffer","data":"tUpvQBsN2kdJUxfPWPZut7gH3C2R/PHbFdOkRcP2Efw="}},"Hvup2E1GAvbzRKAtrW7c2JmhFj+tM4BNTzMazj1nX5A=":{"valueMac":{"type":"Buffer","data":"yN1Xz0adwoPuAmhwuGiX7HrVt5wWFzzTB07WSlB9TuE="}},"G4R2g89Aa88m/YAh+IcJAscJbdxfa/rYsdC/cAXrsu0=":{"valueMac":{"type":"Buffer","data":"UU5LYsxJyfrIpPYWwDwmj1noezzS3IKggz7WrdzcUxs="}},"8xN2KySZqkLYlHTbfXVyc2D2J56L8HIlzndjCh8fRZ0=":{"valueMac":{"type":"Buffer","data":"TWFQAooutTdodDB48BqbML03pQT1mnv2ol9UK3Ug6JQ="}},"Lpia4tLGG/Ny8waSVDx+tLkRePKengQQeVJ2Msc1mT0=":{"valueMac":{"type":"Buffer","data":"NZRsZbICYctAeZL38tBXIBQRF+dJ9Tqw9uc6K8K3mp8="}},"tk4zl25MP9kN7EenyN8rzrbAMGvUFRK1MYOsajkRobA=":{"valueMac":{"type":"Buffer","data":"5aILoeKe6loQ+PklTBZrGItKaV93d84QYvFZZaYD+90="}},"Vg+bgTqcNHtn/egC80oss/B6qi5/FQx9XkJ50SrnBGM=":{"valueMac":{"type":"Buffer","data":"uO1dWrd1uRjrkIjHmcsixGnwVv1s8JQ6aVegdMzxmLE="}},"Fn+lPOKnSM6d+j9Oxx6X8QKx1NSpuFKbzY7Tq8vpD2g=":{"valueMac":{"type":"Buffer","data":"l0p65HEPCFhOz1DcSU9mEUnu3r2nXlpjCGDpOguQxqQ="}},"sxQltpF+NHPcdjQ5Rz0/3RS4pg0+PRSDuKNspMASFPQ=":{"valueMac":{"type":"Buffer","data":"HXyC/vFMFr+J11BzJ/kUPvJBYUBvL3Aqc8+m+vlM6qA="}},"L12om/0NI3MYAKjwGYmxg38oAXsEWFrjBmRhM2WLQsc=":{"valueMac":{"type":"Buffer","data":"lBZJLpHM/GJxIJfp14HdWnhISFHhdGZvs0s1iS3WGT4="}},"CypAxxO1i9r0mvm04kXY4IvEIHn7QmuJJ3frQxhHkis=":{"valueMac":{"type":"Buffer","data":"7xLNMjLygyep52NsYjSify1r949ceg2CaWPdYp8qPQ0="}},"E3gIz6AKkPLi7uLIWZexZijtPm8KZJWV/QnXJPsc1Qk=":{"valueMac":{"type":"Buffer","data":"kknuLx1euOwr+JBTJuzsegGvp1Be/v5cLvU3WfWcjMs="}},"Nu8dv2NWgUw6RVS0WfJki1gq6a3aWyJDbAJC3e84/k4=":{"valueMac":{"type":"Buffer","data":"Fz/a0eSNIzvrtVRpGxOOazpJnEDtYQYaR9ILD04ENCc="}},"BxBV+L7KmY4oK6xzg+gBnKnS2eFalMvPKQZD9rxnr/4=":{"valueMac":{"type":"Buffer","data":"52axDCEOdYMoMebeTTBLvqaCuNSqNV3Q/mW2h38U5gk="}},"NpXavo8ZY841I1+e8WSoyUGmfrkBVu5GfhQxYeB38v0=":{"valueMac":{"type":"Buffer","data":"Mu5TjRk6m2EpY5GKxh2nvjmniYoCvPeWRhV8lmlqzfs="}},"PzzrMM8VfDGXCpv7wLQqYVhrruHpcbcLOflkLN5Q7sg=":{"valueMac":{"type":"Buffer","data":"jb/a+LtILgs5lJ4CYkY50T/YWfcThXgCylUT1VlQZIk="}},"QaNMsuccS4vhchKQs5Ad6eMQCw0aREZC/ig0PuWwQo0=":{"valueMac":{"type":"Buffer","data":"r5mX8gWvXK2iFrVVnm8LLLNig81YzLrr1njwkLlRS+0="}},"xZIToPnjlPdEPXE0B15X9sVVvClJJHI6ioH4VcM5tuk=":{"valueMac":{"type":"Buffer","data":"Prj9/pkdd+bkJulhS9eToe4/CZPrPmrib3GK8ScahNI="}},"QjoQaRshYaOn4FGqJKI1oUshlRW9jXg8XLjbkRLUUaU=":{"valueMac":{"type":"Buffer","data":"ubYmmW71gUL+QxMQtFVazbHtf6yYQUY1ifQrZC/qp3c="}},"xl55XgfOWz9kkptfAnaQNO2hpz0focrPzGpvOAuyTu4=":{"valueMac":{"type":"Buffer","data":"s3jYDvI7K7N/UZJ0rLdwkmTW8PcuWwIPptLdXY2vGA4="}},"NUhskYPaR4U60KF0plCCZAwkLj9Bte/E71RyE+gNUJ8=":{"valueMac":{"type":"Buffer","data":"ifZMk19os9nOGtFvVQYGOD9+EGqAjylVLSnroC9zLOs="}},"I036YjzTm4RIHK2oDamhZdLZjI1BYyvYReKecLsHw9M=":{"valueMac":{"type":"Buffer","data":"RX6fdMZVwhlwB+tieGtUKMYNj26v1cCa1MKg4QDxBls="}},"Ai0JgZ3sxAEFBu3ea8BDrIi0ONeFPmmJohjUeoVIDwc=":{"valueMac":{"type":"Buffer","data":"bkEKmB1HXHY4VHiQsXa6Xo4jQlQ+yu1knjiFNGpMpGc="}},"3VzMXQMbiQqLiZFAD3anhb+XQBLMf4K2tU1UF3NokZo=":{"valueMac":{"type":"Buffer","data":"2CpJuVfffDsRoxJUjvUHgkK2bYV9cMyo471rk3RY8nc="}},"CE3RSHorb8pwcZebZGn8u2wqNIyoa6YFiuYfqxPF8nk=":{"valueMac":{"type":"Buffer","data":"xTCsUjmHcNl4irSwj0ir/LzO4xtkQyOfuVM0tlfwH3o="}},"M4048IqYpUYLouy5tcoRgcdqEnEdkUwTFGjzfaLNHwk=":{"valueMac":{"type":"Buffer","data":"mJfou51/APK1UOIN/1YUZ0ojxN004GwtmhmRMXJve+k="}},"eDzZlYPUsTz7QZae/5MW0VTPDXE7efuoePxC7QQb6zQ=":{"valueMac":{"type":"Buffer","data":"pyb93KC6tYJdR/vg+3hZck7XttlfLaaQlMkFT0PFGaY="}},"jSJGJwGSgMRY8FY6B1q0DFwb2p5Yfs4ktIwQdWH330g=":{"valueMac":{"type":"Buffer","data":"Z9PcE8DzIzxFObathQX4RtseTgT8rg/nvR1Q9GVIghc="}},"mBX9wQPZMw2DOVdqMGZCJscwfigqMGGiHRD1D6BytUc=":{"valueMac":{"type":"Buffer","data":"tiFlNglEXTEU/kQJWKPAeWjj7xsb21BR+BMhcU5o7RQ="}},"eoFzrfKOpY5mIx3ckPiHS8LgF1qU6eWpVSk7DbDcBbk=":{"valueMac":{"type":"Buffer","data":"EW2kPbnIgH5VAUy3Wq5zwJQU7GkuPdZYLr8Hfu4oxmY="}},"skbeuVYh3ys8izdN/v3NiV6s5lK3DRFkw+DuwusRhhE=":{"valueMac":{"type":"Buffer","data":"seC+Q5FQt95aZDGb4fOi9i9ufkZtlEx3rve8nHYOGmo="}},"JT3jr7GWr3JP7q0plUSexEUmzUkIattbU2fVPY0tVIY=":{"valueMac":{"type":"Buffer","data":"F9+lFEgRP1QgxijwDrjj0THGMT1qGLoommARdbDPBMg="}},"6i4aXBjdaTPo0T8mdVozG3AkaI7oU06hYLEa1LUaymk=":{"valueMac":{"type":"Buffer","data":"IjA7fWX4vfaewg+LdDHc+m45SpGbymR8xDrN/2BtS3M="}},"pTdpExanNJf4xjTDuqTuH7qL3nmpBRAyW71QOc2ziv8=":{"valueMac":{"type":"Buffer","data":"Fqv/Mwap4GrkC82NPo1KpOx/BU0RbJTD26vsVQ2LJNU="}},"SnHWdge20ExyjHbA/uXLhtSZSqm6kF2nqgHLzmmRa7Y=":{"valueMac":{"type":"Buffer","data":"mcXQZptc8zccrJ7Uc+sF9yNzUvMJv1e+Ry9IfZzDi9U="}},"TxyaeLr2JKdVo9cydMmOBWJ6kAkKfOd02n65QmKBpv0=":{"valueMac":{"type":"Buffer","data":"bby7LgUcXDtZdEQpYMShgqr2FY5bNGBTMrb24JkG/U4="}},"Zm0WhAkAehahSbYDCtH6Kf0ouh8t/epGCFQYB91gC28=":{"valueMac":{"type":"Buffer","data":"ofw7tfJUL/ITcnnmEIDS9Jc+wEx6P9q6nlsvMuYcTmA="}},"MDyBrgRxhKov8U2PUeQwBfu9ECXr1598CR4TV3v5Nq4=":{"valueMac":{"type":"Buffer","data":"Ipiv/Ao7WdkgHf1FZIBN7iKNFYqXsYmpDdS41SjamkI="}},"QoHDY/bZ4bn7KLvdqUPTdvP3L6tRo6FWd1BR73On6e0=":{"valueMac":{"type":"Buffer","data":"VDYbrAqMGwdnMLuyo2axOvSkI4y/EnwQsGTGI+O+b3w="}},"jIpRfdU7aYjlTn0lgTbXAQ88CfU5dEjvZmycotv/hpc=":{"valueMac":{"type":"Buffer","data":"1VW0a0GmKkCF1PyF33D8fOR/8PyECSN9BEfvgaFjJSs="}},"4O8OF6k7Q8RNGc3JdcPHrCTK99EUuR1tFrysYSU4smY=":{"valueMac":{"type":"Buffer","data":"q7hRx2Ubqx+EOQC2NtyJnAK1frgjw2sqethrTMya+8A="}},"gb8jgXfHqS/r+ONrCL7RWbrNWsUFz9dvmLd2SiKifSI=":{"valueMac":{"type":"Buffer","data":"WQXqpCs6N72vmvJoKTG8OKuklRzIzBEnF/LPCj8Sz10="}},"n6vIY1sYGZOkOtFfkqdw4BKd3Vs8UbG8p3CZiOokZWE=":{"valueMac":{"type":"Buffer","data":"1O5v0/dBFlZrtfRM+Dtj6IYGpou9gOTRJUVBhO9khIw="}}}}