{"version":100,"hash":{"type":"Buffer","data":"3IbqtC2/2NZN4m4ao3viUrV2M7DUOMXs1OPqzrzhY9vj37C9S4jaCN7gYgyow4uqNT6JR5P/n6Xx4W4GJGU9NS6znBrpV5+8LplfYdONOG4bt5LpjN36KnIXiya0azvuO9czK5y1x4p/aPxbk/UD39MSIwYcEVB2u3tp77+AiiA="},"indexValueMap":{"AI98wzdeGC4QTVN+MphNKtvmZZc2Ex08ux/NC6LUQPM=":{"valueMac":{"type":"Buffer","data":"i9TIAIi92zQjahK1VlbKUQuj9JljtXr5Sk2McGU2r7Y="}},"AaUtXThngkRJRNdeS+H9duFtcPc4hySRT/vSgBJjSsQ=":{"valueMac":{"type":"Buffer","data":"+Mxc88fzsLO5E3hIdItakGhUxfSurfyNZiSIHgkYfkU="}},"AgYSD/F9P8fPIPthXETQIS5aOqByxorXSOTn4o2dpFA=":{"valueMac":{"type":"Buffer","data":"spfO3g1q9aBpruiM/ARveSF23UOnpV9ciJwrdUNnnNc="}},"AmSLGlQ+hNU3Rm9XXFyg7duL618HQ/KVo+IOzdd+sRo=":{"valueMac":{"type":"Buffer","data":"MkwtvxUo3jJqWsLvSYFyJr9E6B47Lk+qOWG/QL/G5mE="}},"ArrvfyuQCkgOjyaQntb4rkdeUm6WAvIZXJ4ls2V2jXs=":{"valueMac":{"type":"Buffer","data":"QEdoe6E8dxLYlWh32a+3lbW01XmZJVRTvVwpSFI3mmM="}},"A6UXyzyCYE+sbbo20La99LofAI68X5SW9j1sh2zAd68=":{"valueMac":{"type":"Buffer","data":"oTZJHlFU1D3x66YzfQZjZHXgH41BIZHq0N+ULPqQlgs="}},"BfCq/XSl8BmPbAOscJonOmFKM3HosyaiQpihk36CY3E=":{"valueMac":{"type":"Buffer","data":"EiY1P+kErp47ZP2lcNlP0imWyXIrdj4mLeveyRMjWeI="}},"CV4N2e4O6o0jkLs+GKIasr1wLS9M5tpaBGRq8F24sBA=":{"valueMac":{"type":"Buffer","data":"eRcs8Jbn0KPpQ6hLAk3xqYrN07ZCDgb/IP3oC6frEtg="}},"CWIyGzNcRFwdeVoMhAVJCRBEyVzPD6RIWHsZMqa0Nno=":{"valueMac":{"type":"Buffer","data":"8kH7cgQ9PwmnZeLO7ECvz+50tt1Yz0q3bN+DJJ8EJnQ="}},"CtZaZ6vUZC8zlwehttN231ZvTqP6qezSJrt4wwnhrEI=":{"valueMac":{"type":"Buffer","data":"XRcC+ow8r2QKebMeMbeFtQJ4HNb87cjIJy9ctjtiLgw="}},"C5yeEQtEwELyufNm6iNjIht+3uWlVB8txkjYl/JmJiA=":{"valueMac":{"type":"Buffer","data":"MzsIsNyZTuNQZpfDvg3IzK0ki/SR4STJXUWnWGFPzKA="}},"DDcgvsjIPzvHoB4D4QYlkKMDXgJ4sx2k7ivFl4YZx2k=":{"valueMac":{"type":"Buffer","data":"25MBXQ6IoTPSvHd5j9I0PaKaHpUBMLpshlMQwJWFowo="}},"DSC5+dJ6ZwkyN1wphA2cjX2CcocKkPq3c7TCGT4PTjQ=":{"valueMac":{"type":"Buffer","data":"bJq2cB2wPFvxNw/rNjU0b9iUlw/BUDt6rFLavOZF0fw="}},"D6MN4dFQXM53sRWrsKyDom8wN2+wXjIo5zXoLFTaAUE=":{"valueMac":{"type":"Buffer","data":"Uabdyg7iR4KO2WbYDZ3gL4dCzbc8n10kSiKePKHRJY8="}},"D6npvKf0OYOfnfP7SQWpjLaeTocYgPIBOs9GrXcbgkw=":{"valueMac":{"type":"Buffer","data":"1v7SIYp9RExBCm8nV6DSSkE9nuE6ImZzhFEzO/6tYMA="}},"Eghh+9p9sfXT0AxoFzjFmGaHdSAUyfJmE4smnvAEVoc=":{"valueMac":{"type":"Buffer","data":"vmfSyD+6yk5piX174E9ygy0xfmCFKh3lA3GjQzsZ4zk="}},"EmOC8OkORmidDAvkFfpnJtm4PfIznOoDAnC5dF7rLrk=":{"valueMac":{"type":"Buffer","data":"k3mi+kLVa3cpSR+/TmuABbZCwuxKWKwdZO3+dfmZWqM="}},"E9Sted0cFMq5xh8OQWt0hpsuNjvdC7xBHfDduOrjMKo=":{"valueMac":{"type":"Buffer","data":"HKBXbAE+pbTCFHllOqnYgCGj6wxI48/mWmqMxnUqlk4="}},"FJa6c8rwbL16KiJIcyG6+AHfewiCHDW/cS1qCbycj6Q=":{"valueMac":{"type":"Buffer","data":"PsSeGkCyKMxMuCztkEGjjYvXYNI+cV7oh9H8V7mTG3M="}},"FOa0cFERDhm2sbMlzcnR5HFelRI566fIKq0JAbRD88k=":{"valueMac":{"type":"Buffer","data":"H4e3AATSM9og59PJE5yvpt6baXdTaDuypRZeaj6klUo="}},"F1fhw4JPIMYaN9KUlUz0Zy5F7Dd1aFaoVjqocY3Cc/o=":{"valueMac":{"type":"Buffer","data":"dIcn6oXJX2FiDGMycyEMpGEh1PhMTF108smReD1bY5I="}},"GN53Xpbgo0t8GbqzMxAPS6jGoU3qACQoIfV5RWW5amw=":{"valueMac":{"type":"Buffer","data":"meo8NQsrTbXVIrkabUSFhgtAa7AZNBbYrtrTqUM7QAI="}},"GQ+wbBTATX2fUHgdWM/ZosWh9MXXlwV6xnhgOazMbqQ=":{"valueMac":{"type":"Buffer","data":"Hr1UziXCrcAvhsoUgca9KuceDdHaBJjqlzSap+jPcp8="}},"GYcAMP6VZiLshgl/FUim2R/9hRLhDhdKjpT+PoS2mRs=":{"valueMac":{"type":"Buffer","data":"dDYfxVbm9juRnrsayBjQUjQEkq+ojGjoW1R9XLLEoQI="}},"GcDxV0GkhftnSvbIfc/lhadEnSyP4miaxAptOOSLNT8=":{"valueMac":{"type":"Buffer","data":"AiDq/MsgmlFvgfqBiY86PvAumYjaPzRqHvwwsRgBwok="}},"G3eqak8Rz6WhOsJQSLHbbWFnUcskk/167bK7K9/dUQc=":{"valueMac":{"type":"Buffer","data":"/JFfYbT8D/mZwMG7QQCjNrf4MsE9WOfdPo71aMbiFsA="}},"G/sHOIK8aLAWjrqhyVrE/GB7Emt7bCnawAzFTvzfn4I=":{"valueMac":{"type":"Buffer","data":"TX97rXeOVFmHCNF51qG/sKHFN4ZwlnmZhL3Ik9XR0vw="}},"Hd9aTPL0oDnCvoX34dEsIa749iQV4vz7vCNklEmJhGQ=":{"valueMac":{"type":"Buffer","data":"YpjnefBa5qbjBE+C/Jhafi2iUAwOH4STjfwWAmatCuc="}},"Hfl2znTWlGfNhuOXzXEvYHGDDJidwCWNCAJo+HKlMXs=":{"valueMac":{"type":"Buffer","data":"9ftJBYQ3dj+1dlAEs9BgkRIfioUlrHEncz4PkALVCdg="}},"HmWt1Ff9TMu2tzHECPaD468Aonjrr2a5CY+7azDpFxg=":{"valueMac":{"type":"Buffer","data":"1gDa20aXx9L8YuwX7c8IXRE1sn/zJ6ztwW86WXUqGME="}},"IGHjoRCsapVwz9yq/RmfxVZvwkyV8D2NfaHPLNYVY84=":{"valueMac":{"type":"Buffer","data":"Si/517oQ0C8AvF/hU1gmY1R/6/p7U9DOmkknpxXhtOc="}},"IldmhcUoQVVJPudDNdOe2ENCmdR2T2M9VDrfw0ayYyE=":{"valueMac":{"type":"Buffer","data":"EDE6/gnqsJT2daeSK8fhpjKxUlii+wPhPOsPx1vR75I="}},"I8dOC/UW5IjjDoiqnoEE2xarFPcMaOKaWhf9Y+LgaGQ=":{"valueMac":{"type":"Buffer","data":"mcPNT/AloS5O5oy1iaQNhwYWheBUAwIDSQPfaBaff8g="}},"JPIFJchEOk5QMxYxK2zudeiP7jYGTAS+KDuWIX0MAqA=":{"valueMac":{"type":"Buffer","data":"UNLknQyGa2P58x/w6BxR6IvXlDuFDDpGPW0ZJkE8H2I="}},"JcLy34MeTGHEJi2gfUy1zzX3clrfGNgwS2mNLThZUDI=":{"valueMac":{"type":"Buffer","data":"I0awT11H2W7HiH8koupB5h6KK4VQXo1E2w86v5nZCHA="}},"JjH+KZdkjaOc50pQjA9u7l811FYVIirzu/VWbo1RBz8=":{"valueMac":{"type":"Buffer","data":"mD3tPd1iiAk50v8MNC2Xj6ZemCvjF0Vz+WUidYzV7WU="}},"KG9DJ5XHiErbA03Ua5PmMyNsV9Mw42FFeI7DRAcomwA=":{"valueMac":{"type":"Buffer","data":"fJViIIxQl+Ou7br1UVG0HpRQ0TnSFURO1r8xUadNqgU="}},"Kmkq8oGclnrpt1uUZ9w237mvTI2Ai70spzEMUsN7fSE=":{"valueMac":{"type":"Buffer","data":"oMT2iMHLCH4PqlFx6W30JmwIhidpo4ICMHijiGpoYoQ="}},"KoVyVIOD8/8apc8wgnyNtaD8nykln+CK79Y4imWf2Po=":{"valueMac":{"type":"Buffer","data":"V2FMTFp/nlOhhtY3yfLzq2/1iRqvdyOskjCtl6qDpZQ="}},"LC4BWbdwqDvz1wJe/r+MOHWUOl4ZFXOkZf8dl4kAMkI=":{"valueMac":{"type":"Buffer","data":"gKCOlnhAvTnDTpKZDiIDLMA2ewrLq7rcgxbozjL0lUQ="}},"LrFp8+9w8YkgRVDTJ0mCULiHi1xv2yR9qhshYuXPSk0=":{"valueMac":{"type":"Buffer","data":"CDrh7G1snOzulaIu5/1+x5G0C091GKaLs5Z6J1ZPPs0="}},"ME/5wl4LI/IIbrocxZlkbKjIb1HcAGirrOR6jKRzuVk=":{"valueMac":{"type":"Buffer","data":"oPWdiFIDQ7uAxji0agBqUhfGiMVqpUFJFo9X6PP+6xk="}},"MTnNBMLfCuTVsNHNcS679kYkDpUD/g2LP8AouL7E0Ak=":{"valueMac":{"type":"Buffer","data":"RylNz9RWyxQsElLGYAvtFIFmmxEZSlU5d+g32/IRjk0="}},"MVgD/wlLs+WcHUFfa7nVtatGh7b4KMHvisXb4UkjKhs=":{"valueMac":{"type":"Buffer","data":"JAp73SXlEUVjRwDN5BX0XfK+ZPZwRHdxhOJRXZRWbgU="}},"MceJdji1VExbdz6Sm9JdERpd79OG/VEXfoFkk9ykkCs=":{"valueMac":{"type":"Buffer","data":"Rge1cy/Fgoou1lK19yCzLGWBnl64mQZ+usO4QzwhcOc="}},"M0vo9bHJUjrdVKJ+364Umcxt3yihqkzYWzrABtGQcTA=":{"valueMac":{"type":"Buffer","data":"kMh+hHxpfcPKw1Km3b1gA1/u2Occ9vdnNQkS34vYL2Y="}},"NalxZpOnkGXLolZAYfuWj/FJ/+tm3N564Ak88dmgzYo=":{"valueMac":{"type":"Buffer","data":"ChArpZ7Eqs3rO6qKmpE/TnEwBWqXHMcmsnm54D4gXiU="}},"NdKu286nmROHnuJ8CUj4Wyc5EWikVBw4fHIpF19Lbw4=":{"valueMac":{"type":"Buffer","data":"CsKVBgkLys8dLZKi1QCEhE9xqek057O+Yim0Bv1L9FI="}},"OEKzv3nD5fyqtSjG4+w3WyYqOKgD1tHRuFd6WknhxGk=":{"valueMac":{"type":"Buffer","data":"9enneExUNo7KpQvgLhhNsy22Qd4DKFTetwgabmItuyc="}},"OEN2ulTQ+cR21uQS3SuFaqmFIJjwuJmAUyK09fqu/kk=":{"valueMac":{"type":"Buffer","data":"GoXafSBJ3X4FwyPFEhXt5IB2lyYZaDo9bY5TIULFHGk="}},"ObuyjIgd25bGf+KB08gPX1P7xtD6s1eUkSmjdUdjabk=":{"valueMac":{"type":"Buffer","data":"y0Ra3rwQstxfUicyBc1EE7ROdiGQZGa8Pt/1eMr1DtQ="}},"OwzUyF+7FXDezbCaNfSH2Hf3kesejmzOXuByupXSUQ8=":{"valueMac":{"type":"Buffer","data":"GqR4rDiohheAvmYgurP42Yjeu1rOBo9qRhuzRSZSix4="}},"O+go+JHRgRzwkg8S0QR3jYdIn0gasv3FslmC10LOXsU=":{"valueMac":{"type":"Buffer","data":"AAu0WQG9GHVRfbXBi2ruzNoSZ3TqkmUqmOn1r41SNAQ="}},"PnogOxIlDC04UOcKGS1F1PdRGHZ828PnqVsG7TUs2zY=":{"valueMac":{"type":"Buffer","data":"wF6xWF243Ku1qP53U6IuANBIRqxAR613PlYKNq0RvSk="}},"QlTfg1S5LfQMkeSm6xje1WYN3TMq5NPiY99RZVCaXbc=":{"valueMac":{"type":"Buffer","data":"Cfi5vj+jO05tkdTebUa3kPqFsopGXnD0zbyYvEwmn9Y="}},"QoTJCggRS+hezrt0QtJu5moHDGgo2O47egVYOk28i7w=":{"valueMac":{"type":"Buffer","data":"mT/6mXmwlQ4HHD7ng8Btk9YfSFunUEaFZSVdQr5wySI="}},"QpNCXhsXlLiqZdHJ9GIUN5aKDG1mE3AAteLlgvymYPo=":{"valueMac":{"type":"Buffer","data":"VqEIAfvBwcsQh5Rx55zE7a6zdIMALketKvNVexla0Sk="}},"RWjiqRP4FtGUFpAv8YTh4nChK1fraIt/r/gfLxOe5hk=":{"valueMac":{"type":"Buffer","data":"lzAdioGdwUIfuUUzj5/fbPvGfuZp+5PJ5wFnIzXiuNs="}},"RhPaKoHIvXuWCoCQpzfFYRS627D+SE2RJ/HNQowuBpE=":{"valueMac":{"type":"Buffer","data":"lzvbftiIVOsutSDE2g0P2r70vqgj7oAgyjeIMN5rxFo="}},"RmeaVEb3mbCezLLTCcOHoBiegA3gKdN2kQFHKCQ1pCw=":{"valueMac":{"type":"Buffer","data":"OPslOMBLMFR2vQBmnCrlFb16Bj4M4BKWoYKnqFOdZDk="}},"SBG5OHfsmtp1b/rITTmDD3CegE8TSHSkkm0mhppzvus=":{"valueMac":{"type":"Buffer","data":"JQIrD3uzq2Mfz4lcXVamPKuw8xRgclZOC2fP8CVkLNk="}},"SHg355unC5hZ8usJjnTppEuPr0EaoQ8dgLP+Rpzysyg=":{"valueMac":{"type":"Buffer","data":"i8sseyqE3k/pwNMtJ7OAapFEramnSDTq0j7UlAnxiBY="}},"SZWZFpAb7HV40BRMhUPGULgwWmAb3nBIyr+OosqEX3U=":{"valueMac":{"type":"Buffer","data":"ByvfoeBOnf6pAkMmmBWzBHcrXaFSneQQyAQcIdm5mJs="}},"SwgQFst/TOR6wW3Udd7IVqpjrnh6QlqF5ya1o/uz8JI=":{"valueMac":{"type":"Buffer","data":"alD4RfcW3U4EG4aklWT43+lRI4ARrvbKSK8Vmg028tY="}},"TO6VxNpLWHGKXeRSpviwq+sFsioVmZi+l3rbhcWn79w=":{"valueMac":{"type":"Buffer","data":"iqp4/iu+EwI+Ibu/DklDq21Be39g/OP53QQXMp+yMQU="}},"Tg8oFZ2xYKlTVDuFlfCXCspAWm03PQh/pYD5ltEReIg=":{"valueMac":{"type":"Buffer","data":"5JXLotxCxLdV9qRa7FEzw0cWduRs0QwmiDTV38id8UI="}},"T0G8JFaglCXJx0B85oFNc3EDyEtrKFdfBykrrosoCHM=":{"valueMac":{"type":"Buffer","data":"NKmDnXQM55i3Xz4NC1vxitD6CnqTWW8kQ6DW77glbBM="}},"UPGaKIMYRBS2G+9LPGgV5hzKwDhlferh3U6HfhEGHyA=":{"valueMac":{"type":"Buffer","data":"W4O9vKUDI2yLk2CN7IkW94uxAUnPtia2kzHxwnmvBC8="}},"U1Aj0MtnUdg/2phc1TjoKXts6sxXk+1fGXOMxS3TYVs=":{"valueMac":{"type":"Buffer","data":"0iHk4ZBcTjlUwCMQkqlYgPQhdldiQniVN3+bYMmvGso="}},"Vdt1NIA8tCUfV/PgUMG0gbl0r8Bc+qRRC9HOKVCHUeM=":{"valueMac":{"type":"Buffer","data":"3458F3Di0CTHJGjHNya0nmmR5xEc6JJZMNoWqtsrA2Q="}},"VkxSAHr9ANvpcDmt83fYga63r+wS9E38T8np0UM86YY=":{"valueMac":{"type":"Buffer","data":"59r826o1t+0lOkslOJdpnD2as3EooJ+bey3fAcuQGN0="}},"WqjN3WAblNRjODEHxAhtaf6InqMHdt7A2cpLVoH8Gc4=":{"valueMac":{"type":"Buffer","data":"eCmMJeKHAXJCqpiNlF63u1Pov1wqxT3zFzspNa/7PsE="}},"WwjT8tTXnWoXAHdnwbhQ/KUgQtNOMerNE4/4nAuOsL4=":{"valueMac":{"type":"Buffer","data":"SnmKo6b1hI+cidrqxGUGQn+AYZ8yZLbpZ8gw+BQZSvY="}},"XHz5YFLeR6/Manto9lX+quDMlH+SBOaLI2Op6qmohK8=":{"valueMac":{"type":"Buffer","data":"ZBAuGASdwUBkP0V9PsAdOcXiZR8chIHXGLivBMbIi5c="}},"XZgmLnWlBz+V1HsAdH27NIQtXKDSqu6d1BDgCFAIX34=":{"valueMac":{"type":"Buffer","data":"q/4j76mlaG/zhwYmuoUaO3wguNC/n73D2w0Idvlvrbk="}},"XrPHHXLSEmKntimNSVu+VLaph20aWIdZXiZcWMjOqEo=":{"valueMac":{"type":"Buffer","data":"XVw0NP5xnHPEGEuVRybAJBs9/suFlq102cmga06sPWQ="}},"XyCH5HfZhgDWcpfCRp0jeQI7eJiMPQRb9OU8+5yWtUg=":{"valueMac":{"type":"Buffer","data":"cvLUWYe4z8Ln8P1E+w8E3TUhu9fxp1eO3Kn0gWsthvo="}},"YAKlTaJn9YKpWPKZlEqXh9mBt0vdWTn3Vbl9cZXnBO0=":{"valueMac":{"type":"Buffer","data":"seH0zq9z+a+uT4pJJPPH7g59FJYavoRW4Q32cpjUwEs="}},"YIrxRnuIWuny5QNd69zMIpWVybjd0GKDcsiIerHPNKY=":{"valueMac":{"type":"Buffer","data":"pTgj0LqX9fVfrMbnfXhSrPujmHIDaw3Z83jiIuiDmcg="}},"YbBqGLtY2Ip0FSArW4+dy2WP0dzNrHJGxFimMwjg+jQ=":{"valueMac":{"type":"Buffer","data":"Psw7WmC62h81ISSIXMWhAs+o129YCQUD7DVsK0WiF4w="}},"YbS5nNqTlG1kDFR5ljNijaVlu/vLi893M13+qXzoYF8=":{"valueMac":{"type":"Buffer","data":"r1Q2JhM2J4MBKIU5+pZPYH9soHP3z6/Fpuda/+8dvB4="}},"YjlAdoVFD8mBrbqOngdd2z0l2GT5Lhsdp5gU9mOrw+w=":{"valueMac":{"type":"Buffer","data":"oFi8TWtop8RG8W/LK9IK9sr2UQm2Uku929eGrpaaJJ4="}},"Yk4kjGEwmtnGdci+BV7cU7TkmSsrrvocrBJycXyPRnQ=":{"valueMac":{"type":"Buffer","data":"8xpFHMoLMk/IiIqyqDrqMd6S+6RAShg7SlzVdzUvTzM="}},"Y5OzDGx5rL/7jso7X+oa20Za5MFwwK2t5WV9rnnQPKk=":{"valueMac":{"type":"Buffer","data":"YZBNYdzPbcUmCYd+kkihd6Jq+L/ao0VrJiCtqyj1cq0="}},"ZBzCzqL2MNi8gDJcTTUGz/08aedTbUHi4WN3yPMC4OE=":{"valueMac":{"type":"Buffer","data":"CJKh+ZUSXBAk2+TDFVpvU/gA64x6A2cqoXyhH4XWzRk="}},"ZRctcAmun4e7csX0F5jwcx5ocA5lPtZOSyRlO8q3Yf4=":{"valueMac":{"type":"Buffer","data":"4fN6It8Sprv6KaHuiKk4YCDfHhTRibeCmbihJANHPWE="}},"Zc1XF8S9pWHRkygLdwEjTOBOjKXq5Mcn1HHfta60yTU=":{"valueMac":{"type":"Buffer","data":"HUR1GPnwU7rb6pwqvhor2wPR3VpYGk1R5/4vGG12Als="}},"ZekGr0GHRj3+/3SA59vWxFYorRSo1V4WR5X7e0u0LPY=":{"valueMac":{"type":"Buffer","data":"G/gV9gjwzgzOfO1n3Z55Lc6+7//s//Tc1+HR1NfOO38="}},"Zli0dzLesmjQQ/qrkdqSGr0Tw5kGGki0f9/f9VLumXI=":{"valueMac":{"type":"Buffer","data":"AwNapigQda0lE31osjvlVYpWBCWD2amGuPVhn8pDkNE="}},"aAeUja++hPg4KfcxzhrDPvideRoZR8YgEDyaNj347R0=":{"valueMac":{"type":"Buffer","data":"jYFtdZDvp428OU9WBKCXCdMoYCPav11EYM9YXFcAc9k="}},"aEOSJY1EAi07PnzSMKe8SzHj/+944no6eiW/2jSDRkI=":{"valueMac":{"type":"Buffer","data":"efa+3ieEemaYjC8/Esd7DG6lK2irJ/huHfAXLJ4BpAM="}},"aE5Nv1zYuqhXZ48+iGNyaqrADM/dy2wxxYLm9Pein9I=":{"valueMac":{"type":"Buffer","data":"Ve38njy5QqnY8+c6U+E5eok34PZG3GbdJzdYOigLL+w="}},"aK8sUK81rpq5CXWeo/Y1KGM2GDz4qsxivm0LXSmA89I=":{"valueMac":{"type":"Buffer","data":"Oq6XKlkCzYrInMbWLeHW5/mExuXcQGg5cbEClyLOag4="}},"aYoJKbyZ91MLA+Id2tYJFuANC5Cd6lwKGQgmGq9jd/0=":{"valueMac":{"type":"Buffer","data":"+x1xLuweKH2FD+7ywZZ4JXDw/5UEtViSTNj9DH25QY4="}},"a6tklv+T30vWRf29yJYk7IJQBvzW1AsYlhndnEOBP4A=":{"valueMac":{"type":"Buffer","data":"yNKODD4CLno1hiL6XTeoY8FlmbHcDryI+4YRLJIXD58="}},"bYWFVU3by7DM5e2yBcyj0N4lpQnIEVeENqJP4AOeBqQ=":{"valueMac":{"type":"Buffer","data":"SkJHNb2l4dXVep1ggPaOJwhLpp4p5nAg48tX2baMpFA="}},"bcEsO7dAiC29tQTHx1lD/necrf9+h6pL3bP6nf0oVlw=":{"valueMac":{"type":"Buffer","data":"WNJV7iYEzDFmYzc61KIfjd5PbZ7yvCHXnM0g7uhKqZM="}},"b6nT0LCbQFwFEwTnJ16JUu97KvAWjxBa3cxE0M70gEc=":{"valueMac":{"type":"Buffer","data":"gpy7GfdmX+ThsJCqvueD2zoua5CixONApnNWtiuIU1w="}},"cP9UeHnlvtB8RTElBtgZ8k/DW6c5Dclim4OwE5mMgiM=":{"valueMac":{"type":"Buffer","data":"eIY0wISqcQ2b80mM//0774RumiL5BA7QEsgYNXKfWg8="}},"che2sf3JSY1QjwucU3UufJt6VfzPiB8pVkkmP3HV3J4=":{"valueMac":{"type":"Buffer","data":"FvJ5Z0N5Sl0nGIO5xEG76mZggBJhsx2mwpwlb2VT6Q8="}},"cpdaaaOp1KVzcALap50Bm9ftwEzATzc50kTePqK/440=":{"valueMac":{"type":"Buffer","data":"kbzaF0Y4Q4ypuhj92g6o7kHcph662eC4C+nI6XmaYGA="}},"cwVALR2AG1bXVbJf198hATljlgWNTV3x+EqVUhbDJJw=":{"valueMac":{"type":"Buffer","data":"7scp5JaJ7atAXijIt/qEK/G/IYuQt/PH4aIu+rRPPiQ="}},"dHWszg3IwE7zmZWGLFzBFQaxm1JHt7H2eq4fRc9OXNs=":{"valueMac":{"type":"Buffer","data":"bxiLWzb1g3X+jtt5CnAX6iNlocBiWTez9GP09p/+nXA="}},"dZ/6HguPTuNqN837jxD9bUlB5PbzN13xP/kFA4CD2gc=":{"valueMac":{"type":"Buffer","data":"5PY2X+pqKbiC2vfdiJfwd3q/+YHmSq3Uil0pYwigwao="}},"dcah15k+ThcBN4WYCQT1OVmXRelaxt/aNmZ5SomJFsc=":{"valueMac":{"type":"Buffer","data":"AZ/U4idWb8IHVFqN47dnMy8vlyAEtuURDfK2au5Yag0="}},"dmQv/qODY1VVxR72M9LVNtOA7sfdkp6M/Yi8OJlAM0Y=":{"valueMac":{"type":"Buffer","data":"l/e7lC33EhhfI2UWLhCOixHHMHYcNFY0+AJPKjRMoLY="}},"dxH3VfD91lHF28g71jYw8HdP+YwX56KUxx/D8JdNbRI=":{"valueMac":{"type":"Buffer","data":"Tx7HWbofJTqt2VaJZxAxddTnmn84lqnRr5ir2ybwHV4="}},"eHEOAp+ghuEVJu0vQ1OItIfaL6U6UPPsw7FTZLhJFYY=":{"valueMac":{"type":"Buffer","data":"NpalOfifeVnVl68hinHxyifJkEOsA5v+Voe80HfeVl0="}},"eXXaJrXlDbeXbeEv0uMArxCjruXySZsuZVvgUu/dqRE=":{"valueMac":{"type":"Buffer","data":"BAVpMXFQKIMDPZfQrNIEHKIoXZRo0p62IHe88jfs3xY="}},"e2yQUKZ14Xq51k05+5pnvG5LUPBOUqQBPlLgPLJdyxI=":{"valueMac":{"type":"Buffer","data":"k0J93BEiTkEY3jikKEInEyCn4Ufa/3prNWFZ5cNqLGk="}},"e+hVGr8AWc4n1QH6sdIyTd0aLLQ+TxuMuqfppfpEHVI=":{"valueMac":{"type":"Buffer","data":"cOMywvP3L/7tsxJRQgOIkaV9IRgj/7g4QezzNC5z4qo="}},"fCTErJdKp66WQFzQ0NOUICRhbnaj+B1SAfw8p7sr9IE=":{"valueMac":{"type":"Buffer","data":"BvnDgBLOXUuFCF2ZS0p6gmLgbUEG5/fJrkxOfSlbYXk="}},"gR8S9Wrw2cHjjmLbsW5FJYg6dsClLk28zcn2k+JEXys=":{"valueMac":{"type":"Buffer","data":"csY5V7FM8++RBmV7quxKYbYk95/mCcFWWwsXYwLfOlU="}},"gZMX/OhN7yP2lTP9CuXIVwv6AIa0SbkHHvVHFrSV4qk=":{"valueMac":{"type":"Buffer","data":"/ffaURwUniTRLXymmUHkV5wfWvqWMh2zhMjAlHuf6B8="}},"gd9dxRYJyPZOIa9sLD1TF6PkF/sPoPE2g3EitHambyU=":{"valueMac":{"type":"Buffer","data":"aR9P1VRsJ49wECSzl3ZKOPvcjXvhp+iRYmE1hqjFn70="}},"ghgX3FnGpDSuK+PD84iavnO8DjtwU7lkvrAVjUlEY1c=":{"valueMac":{"type":"Buffer","data":"/Iog44EPGWDmIUMy4jDba71bZeERpG6KBAji61WMgQw="}},"gxH86GJbPa84mR5bY0TLGOcT2v+tlQmh/WMj6tEysLg=":{"valueMac":{"type":"Buffer","data":"ivDuPR/HFvZoDpSuzfaXmkHCywGZBSGmZhglj2GzsyU="}},"hN8VqmLEc/iFRSF9dEe/kIiSbTJuBQ+VGhO+lGHY6hM=":{"valueMac":{"type":"Buffer","data":"S5PsQAw8jiuzoDSIO66SmVJhttF5NDiOYj/fzyEYx98="}},"hYOI/nUZJi0ZnLvnmwdagmm9DRPVHzCPgCs6cIgnOQ0=":{"valueMac":{"type":"Buffer","data":"03uo8jB2AcSbyUckuJFFbS6XC/Jwv3sAepyDj2TN364="}},"hibln+pYVh8qEHMWfvn2tHHkzx+J8c1tDHid0CWv1iY=":{"valueMac":{"type":"Buffer","data":"1ttpRiz40s14kTwr38S49tXY5+S1NvqG/qNDnkAMAMM="}},"h6WyW7qRcwHpBMAJTNfIWMlpOEZLu5t+s4BcIUW8hp4=":{"valueMac":{"type":"Buffer","data":"odYD+VWEMiiqvIls2gMHjHDa4PwHOmxiyOl0/0kpHP8="}},"iIidi0cc7x2NTobGPJYKh7lV+a+cABlirt69wBIYuJ0=":{"valueMac":{"type":"Buffer","data":"tcnnlh9QURgfEFcSDXnjDw7Nr1QNfmjw69vmEYKxG2g="}},"iXfhJx7pa2g/Y239XftgMyewFYzjsymU6lBfhY8xpoY=":{"valueMac":{"type":"Buffer","data":"AWC6EpCL1q3Gj6el5iEZOUWHeRb1KEqKrYLOxASjmno="}},"iYJxy/QTtBmsBPDpGvADhmFLSDiR8+EPnRdGXOz0gkY=":{"valueMac":{"type":"Buffer","data":"lBx4INeWagIeHexYwmRlAvyTYYhQ57/gV2bszASZiGk="}},"icpH+o8ODQXz8JWhpUItMfbXaTlcmUJ7aAvSW8Oq+I8=":{"valueMac":{"type":"Buffer","data":"rBevvmViZb40UJ023uxCUi3bcYGHkXYLkZhunbHLfbY="}},"io84FIP0re/e1P1vJxJlhvp2aHZMToKbAWLG/9MRY3c=":{"valueMac":{"type":"Buffer","data":"fJkWqcA0fDsPyjZ/awdA+IaRQDsCWZx7aRLHjCxRSsI="}},"i4bAw9e9hEqS7PwIdDgIqWT7xWciGBYgwUcDt7J3EZU=":{"valueMac":{"type":"Buffer","data":"/4m9lUFkqRGcM3oZTrrhnFyUwXnJiN6lyg4yyuBk4R8="}},"jM0VOFvEF+jY7UZc6RdqfEg+pt5lkJyjbTNRVOXkvTo=":{"valueMac":{"type":"Buffer","data":"jqyxgIPHOIQNQCM9fqkPG0cSN9AGqTcTQyq6mI0JydU="}},"jYLbdRkBQVzodQIIsiWdsVFRcwusCPD/RVPsJeqj8qM=":{"valueMac":{"type":"Buffer","data":"OilYTW+8DuJMqjDa+2mYiGV4SEYVXuJnO802ay0g26E="}},"jZh4yh2E2YQLQuZ3P0WRYjhLCvdbTpTNSNtEPYUHd0c=":{"valueMac":{"type":"Buffer","data":"t45LVe6sg00QTZl+WgcdVYl5ss+nN3KPWTmGt5wNIqc="}},"jsLCDrLtvnAjQuvg7/lphkpRLe/mfifKvoUql2CyjKE=":{"valueMac":{"type":"Buffer","data":"zHJgtjwBPT9Rc0/ejlJ4xwSPweu1z+4pRX0ehNen/sk="}},"j3qTk+z8l3y73iz8oHDc/6R0rKhZfR/fnqTmGq8J4yY=":{"valueMac":{"type":"Buffer","data":"5hxcOiH+0NufLCgALh4bBUw1F4Yje2KDqce+KmfMWkY="}},"kDEuJMIIRXYf1SPh1CCGqoUUlazyKUqJpg2If/JJOMI=":{"valueMac":{"type":"Buffer","data":"KkoZbBbqEY3rpw8qtT1z/NEzM29cI+LHhtL7So6IZN0="}},"kv3fi93Cp5sLLMb0yIdcyNLTPeleVi5CKumc0ZlRVsw=":{"valueMac":{"type":"Buffer","data":"3zSgsuSVemmcbmpfrpq5y838uZBds4niKQBSEIR5yHg="}},"k61QXD+Q+w5XXu0G0//kMhvJMmgjqSeYX4/s08twx+U=":{"valueMac":{"type":"Buffer","data":"2kp8YvkeePA5uGrTiK16S9gqb+IzQFMTFVUYoktOPrw="}},"lrRpP+GRKQTU3Ikle12+zl9LTTFj+xO+TKh6rPJrCIk=":{"valueMac":{"type":"Buffer","data":"MbDldKw0sagJC2J4rxnEk29r3BmlnJPB5QaRr5KykFE="}},"mLaIne5oc6j1VZnxWB6dCh1m55ZqCzDSHarylfxmiLo=":{"valueMac":{"type":"Buffer","data":"BGh0oAkmdhXX/+LG74ZLkXJCCfxQVEaeRUmMR8pxs9w="}},"m9UlUVcm2ZhUv7Wt575bhfvsEogbtRiR0Y0z0PFyQJ8=":{"valueMac":{"type":"Buffer","data":"r3WWbpSvEK6YE9AHtyf4Cmes5hlJWoSSZ2Ga9bznAy8="}},"nE/KRBmHpdMXxGPEP/e12WULaArl62vw500KsueQWTE=":{"valueMac":{"type":"Buffer","data":"uCtxL3pNK0l6uRXBz9K6JUY3re5vba1Zp2ZfOuCVzoU="}},"nOe7k/uZinN5e80il7bipZVao9bddHDlK5bHrcgTPzg=":{"valueMac":{"type":"Buffer","data":"bcBdad7UqafLqNt3hk7Hwp5pimaj4+6TeMUa6kxYe1M="}},"n/oFPMvUXYSiCK3QLmy8g6a3a738YYB9iNeSZA5N91Q=":{"valueMac":{"type":"Buffer","data":"xPen4Fc/kDpdOxxknJNxqmURCLMdl0SNwUZ2iwiEim4="}},"oOEQAlgviWUEBh4RK27InYFeKEAF8TdcPW35wQqfKc4=":{"valueMac":{"type":"Buffer","data":"eCjFofSKBzaccIBInLYuJz18D5e11crWtR9o5RHl2OI="}},"oVdBw1Hj2d/mpL8x9ErGpKO6GysdhXWXsnuQ7YPw1aM=":{"valueMac":{"type":"Buffer","data":"kBsqXgZPlcMzXQtT5LL1DmM0OP2xFLOgxFpobDpikeU="}},"oXqyOrecVJWqooM4seIeIHYL67sPVnR5ZWIVTvomgxg=":{"valueMac":{"type":"Buffer","data":"Chu0/1tBmnzn9ECO/zEU+0jgY+LUVKzJCHLz1DsF1g4="}},"pD4OBe2+tAaC3FZAE9A4ubOHfsJZuxJ9pUwSWP6Yqdw=":{"valueMac":{"type":"Buffer","data":"xcwVDWAdN2zFS91R3A46DyBUD8zuI/jmjzi9zdB6l6w="}},"pp6QD2dUTpfz1Z4jFgtdx+Ls7nkx+qDtVeHPgfY/ZdQ=":{"valueMac":{"type":"Buffer","data":"qcGN+aM7pIPonibqXO65KlmG0xU3iCbgjiIVSI6U/RA="}},"p1ZFNK6UhMJr3+ebZE3Yqow8yownpl/u8Ns58C43gmc=":{"valueMac":{"type":"Buffer","data":"Ugk7FpoPOI4FUpQIDxy2eCfwr3uqz9HuBJcHjVAW1CY="}},"p29A9O+IDDoYRfmELGUA8EUKA0u8VOJvWzrJUvbZxo4=":{"valueMac":{"type":"Buffer","data":"5Sn48pNEXGbsIzFkL1Gf5b4wpusbe7wm1Z57pEV42SY="}},"qTcl2JGB12zWdcEblqaLKjcKDgtMwgmai6wh6EQ69sM=":{"valueMac":{"type":"Buffer","data":"sqCJrLu3S4dGSWx1vR4UnCVTOZgGQVnVsq7ZMjRcAAQ="}},"qh7K7NblQwNUVkVhqL/6Oc7VU+Tsth+aaaJcRtqYwK0=":{"valueMac":{"type":"Buffer","data":"+ESIybiSldTKuWTuV136L5f9sGLlk4ElbEsWmNUQ/t8="}},"qnQuBx/WAhDFoD2vUW8a4FqZRHKbNvTAydLC8mWLDgI=":{"valueMac":{"type":"Buffer","data":"nDjhSYHL+vuIcaIMFtHm457uxvAed92vvAYdfwT2RjY="}},"qvRz/o/TyTqwxp5iV17T9FGdUUyZee8bKMeGrjbpFW4=":{"valueMac":{"type":"Buffer","data":"50PHdrmgYUggfv7pmZvSaj73aXRJpX8zTSIf3LRpT2M="}},"rJEeFQyO31YEihDMueDmznBvrsLFjajmux7PJcIWb1Q=":{"valueMac":{"type":"Buffer","data":"zPniLx2od4w2mOJWIra8Cc2iFs47OVPHDfmzSR+Fh0I="}},"sE7VsPIIhBU4uFWcC9NlJI+K05ZRS/1+Mpzj25MREEU=":{"valueMac":{"type":"Buffer","data":"5feeLURwtHMFywRVbBONS1lPMFD+ZUrS/RFfxgylvhA="}},"sPHDaxgRDnz1dw6xdJ+wxxY2giqCptbxyDLycdFRNRE=":{"valueMac":{"type":"Buffer","data":"JyWmPBwvX+7Qd9z63jJvCncWGSx5k5oPUGY5azeturQ="}},"sX6AuHSmy/S8XlMz2mK6Ay/8TC5xzY+2rXNxqQNwjKQ=":{"valueMac":{"type":"Buffer","data":"F4t0vMHerWnqyxQXmtmxqYpGBQGDqNYLQFpLT9WVl28="}},"se1bK6xmWWt2sbMe4O0lYwM0wkHkk1B/Zv/TwLoW/Mw=":{"valueMac":{"type":"Buffer","data":"jFXX+EmEqotFfX3soLry8OJAqHy85lT6BJw8wu48f08="}},"stPC2pdRK1PsyRN/cqKPQLOPzHtA8l81h9vXMe/DLgg=":{"valueMac":{"type":"Buffer","data":"qlvBDeqp0lCFH7zw1KeK1dM0fkDY9GcGs7gNGY6dHd0="}},"suRpoBlwgyGpyxL3pO3R+KDBRlRIC2oCuz1isZw4/fw=":{"valueMac":{"type":"Buffer","data":"wHpxXyFLOnFdz9hLvCwMk0rjkyes3M0JVv0stLzhcxY="}},"sxn5RcvLwDjNesetyq7BraIXaU1W0LYy/uYLO1axfDs=":{"valueMac":{"type":"Buffer","data":"QiAum0TQxxGkvqY4UIUFHB5qf8jrbFObxnAo++9gS6Y="}},"s2hViIexXtCylg1XgWijiFldFVOXxfvJ0uSxRlArE38=":{"valueMac":{"type":"Buffer","data":"VfOz3SBpCS4ga6HPFqdRI5UsdZn7qjoN9/iuGTsYfvE="}},"tMTpIReJ1E1H23qNdj7Pts/xPrPIS82KUH2dXWt4lCU=":{"valueMac":{"type":"Buffer","data":"ycf50g77k7OXBYL77unoopDpXl0wxEF7mofmeS10SnQ="}},"tPk/EKrOEE6AY/ztARNLHaqnljqcdmv2OYD79RghdnY=":{"valueMac":{"type":"Buffer","data":"9CAExCykNTl2NZbCXdO3ZuonNMOgf8z6Kof4h31pWW8="}},"tRBhOfQ5BifUfE6ojBDtdQAc4GwN4yDFV6fv2Kssp0I=":{"valueMac":{"type":"Buffer","data":"iWMect17MLEuFrvIyyegkUy3fLyJebQzmQXh5K44XhA="}},"taHVsZ69CNFDO7zjguBp46NszTLgOhbrcDzm5JGEsMQ=":{"valueMac":{"type":"Buffer","data":"b98etdvBBV8STFvNx1pIzdF9mwMjbFaMvg2rlsEzv0I="}},"t1YQlFaO/J2cu0AxogaoOSmrShc1q3KzIZ1Bo6afVJE=":{"valueMac":{"type":"Buffer","data":"fGzcC42Jmkaqp3yG7d75f/pt1d4bI/ACO8goCk3UHCE="}},"ulYP+p3h9kQtfBKCHRRyUzjrqI3M5OVRTxiUyMsrBwY=":{"valueMac":{"type":"Buffer","data":"LfJYjK+9BuhePzHQzWJgMrZL8JLIoz42FHgx58VZc2s="}},"u80NL++IY4B9nMNbTB28NqCUznSWarITS5sBgRga/Lk=":{"valueMac":{"type":"Buffer","data":"wdunFMKTMEj+IZPEc7hBc/r6LqcRMwjmIVTgb5Bb40I="}},"vQgm321DMzuFFdpubefdHEFB4vdh8OsHxhSG9iNZKcg=":{"valueMac":{"type":"Buffer","data":"ski6d/0o3N3T0tpyrLZtaZcPt5CWeLq1jDUXgGYKb3w="}},"vnfCcn2Xq31uSoV6WHqBlBLhgx8WxYzw4YeyivmCYsQ=":{"valueMac":{"type":"Buffer","data":"TxYmTWkBFpiy+6VCQazHXb6U1kSLnwuiQvVDcHezpxo="}},"vo8ZPfw7uP8IxmZE6p5f3sdRVnjWwZGsJmpZYOBEEiE=":{"valueMac":{"type":"Buffer","data":"YUUZZNbOyM8RsE9fuejfYIVMWJKo6bKkR/HODB9qbvs="}},"vy3YOSDe/O263171GyBcB7eIa7NU5Zxkzj5L8zNyos8=":{"valueMac":{"type":"Buffer","data":"uaBwkqyEnSTIWkC7wQomAQnrhHZZRWQxbePKv1CwyfY="}},"wg+waIujE2i4s0ugfK2cHI5Cpt+o9nZ9biA2s5NVHW4=":{"valueMac":{"type":"Buffer","data":"zuqBkoiGKTpPMBOnbsvNPayrw5g8jCLnWGU7mlD9JIs="}},"wxkblgrFh8UAJom2m8c7SSj+QjfGkj9+3u30DkpCm3Q=":{"valueMac":{"type":"Buffer","data":"IesCilCPbtI7ihkHcmEk0o9j2Kd9yStDIFTDMFkLVk4="}},"w2iqMblZy5ZvCpmkB4p86yEpvQjj6TTnNqpTqloTNSs=":{"valueMac":{"type":"Buffer","data":"TSTd1P5Xtpt/CufSJXnSh3p8e6MLiLkY5wwISv6lJL4="}},"w3//lwvNmoRmrMhGvGN/HVQpUMIv8jh6LOs7u0JcCkI=":{"valueMac":{"type":"Buffer","data":"hYypLq8d/jOOT6xijsguHaPwNLeRuu8V6vDh/05OTWM="}},"w4IcHw4Y2KvXv7EUqJo9nOuwNOjkA+PWv8mPaRnSnGg=":{"valueMac":{"type":"Buffer","data":"httAm22VVtTzoEgy+RBWYBoayWZ+j1dUR/zHYDCbwv0="}},"xvDTxsSt5S2GpEurPzqYeqhqja2eq5Bl9hcjbqE12/I=":{"valueMac":{"type":"Buffer","data":"qWfXZ3a8ajiADX7D3dZsltwBdvD/ngKEw0qDkwwcIuA="}},"xzPHPnDMTjJ/CvTtB/JmVt2YQUTz8kG5kIGWaKRmjVw=":{"valueMac":{"type":"Buffer","data":"L0ucxDYU5XxXlR3ys+LRKmw5RY0gCZKD8iudpk9wiOs="}},"x9HdF7IZFbJI6xW9TKp8h85+Ic1EDhlHG/5MzU2CE4A=":{"valueMac":{"type":"Buffer","data":"HsivK47XCyP975NUCbJUplW/vPbp+YHeRo44eibHYi8="}},"yCS6nqhOEKfLNcZK7varTEu4W7YCBmg4Y+YSz8ZWrio=":{"valueMac":{"type":"Buffer","data":"3whDvlPSFVES1w+Ww+6lhc3QLjbRM9KKN+NJR2JEXHo="}},"yJWgJ3SLTNH6xI092yLCjmrKKpkGRt3O+Kvr+3RiMDU=":{"valueMac":{"type":"Buffer","data":"Cp8WL4iprbEuTqYpZQWEQXoXmQDba2ncZ2Fi3EPz9uM="}},"ymfdrtf+0PzyYHJ9nf8HXf9IczRbSJQFDE8dGMsfHF8=":{"valueMac":{"type":"Buffer","data":"j3diZ6XxJSeAREaMgC55/VqSJmY+/EJ8AC4vjuqN+Rc="}},"y490ijgFpGT2ttGmLaFurGs/QFrF45IPpKMA4MlLp3E=":{"valueMac":{"type":"Buffer","data":"guwBGFsHroS5DIT2qGGxF9l+GMu5FD9BSaaTewmnjR4="}},"zLUjr2PZ1IOx7yPfEo0cT3bJUyNIC2xFRrT3LPGjh8Q=":{"valueMac":{"type":"Buffer","data":"wT8+ilwriCjhb0VqMI/g6k2H/r5gZCRlfQkK9gnxFbw="}},"zhLi6qN5i5O1R+Ry2RNAtr6sM+JoDT+M3LfsAbnCJpU=":{"valueMac":{"type":"Buffer","data":"bdVbpKrhfLlkSU5Ks96fXKvp+Yhx/piuYakfFBewKcs="}},"0DjGFNymP0kjYpmwved332hjT70n8+ehUlGaHOfnaDQ=":{"valueMac":{"type":"Buffer","data":"hvt8UO5YJj2zQQcOdK5SZLOnAoqbDVeAUxU8dNnp5iw="}},"0P1iIf/M7gQXMHL1nuAmQ+7KRxoua4g74DM0ea8v1rw=":{"valueMac":{"type":"Buffer","data":"FfIJMYivpOFauo20fRSozw6VRpXrDVIsoFIoYWvFZWc="}},"0XGEBttEBQBVeDvW5OnO6BpUVsisOMgjfJ7N7jyF2BA=":{"valueMac":{"type":"Buffer","data":"jEhvHUPzLYFpca3vrMj3tZOiBjUT8N4ST5qdJVF2SZM="}},"0gDr3KdI8XBm5+AqGIy2anAJEhP+vxGYuguP9nRMFf8=":{"valueMac":{"type":"Buffer","data":"L9SqFkmoy5TsRCS3Ysa0msQdpQ42XGqVMI/1fR6tfoM="}},"0i3RWTDhp6a/eJKW5p/P/n2zhAylMbHsqwRdO1XNMKU=":{"valueMac":{"type":"Buffer","data":"Ep8eCfTFTN7SMMef9ejHWB8IV/piAxowjFOO8wVNFFM="}},"1KqLF8xoqX3UzZQxePUxUAPuSXc8PfpXXcVyxFL6NsA=":{"valueMac":{"type":"Buffer","data":"4u4yVcedRB5fZLuQOSulcheVag5DdyQIw5H1e5ytGp4="}},"1ViGY1HD9+v2fJLLf2J/K21eY0ZyIQkeaDhYOhx8BfQ=":{"valueMac":{"type":"Buffer","data":"yYpXgPDQL/n9Hq46O3+w40INFEN5wi9i4pAX+NNZwzg="}},"1kC2oab3FxYTkqRZ6fMkSBzBhj9gDcW5KvR4SCbaz1Y=":{"valueMac":{"type":"Buffer","data":"Mvr04jcGVVz62JLI5WzXd1NM5QI8Lk82T6SPxVSWhX8="}},"1kVoPfyRWlRzdJHnvXn1y5Bms8H41QLnDnak7x/LIxo=":{"valueMac":{"type":"Buffer","data":"MsbyTwDbyQSCzKRPjlsfXdzLUHelOr1b6dJDbybUFmg="}},"1sPJAUqAg6VEgBKRs4ORFuumCS+W23eTPGdN9gHH4YE=":{"valueMac":{"type":"Buffer","data":"HWBl6IRHoqZznmygCHCiMRr0QFYPNn7yA8Yj1gR1ruU="}},"2HUV7MRvV9b3tqI6YKUfeoESDb3t8fXmfBdQaazcwr4=":{"valueMac":{"type":"Buffer","data":"2B/eOAOHj5yRSyUweiy+9RNttEf1+GIGawmvEniAebQ="}},"2QWuRD8CpXEkBNoldMDnITVMkyAghZ/w9bp/bPmDF6s=":{"valueMac":{"type":"Buffer","data":"ny6gZ1kfhJbKsz4L4SH4Y5nS9PqqjrdxtsBXvez0lWM="}},"3Sh/q06TcBaJ4dOeRB/8LYS5ERtz5Y3EQeKdEIuXT14=":{"valueMac":{"type":"Buffer","data":"CZ183nH3mkoLb+/eXqYXoQL+xHLUkNEfjvW3b1olVxU="}},"3mFRfIeOJTn6bqWaUU7qaIPGU3Fd0tCSzsA0hviEImM=":{"valueMac":{"type":"Buffer","data":"a9bHCwK17v2N4IZstuYUviFaq2lUWwJ0N7YSKptN1oU="}},"39fBpGMxAY7jmqMiGZWm5HXUdC8FED7kkC/b7TiGHzs=":{"valueMac":{"type":"Buffer","data":"mv6KONgQHsrK1qt9+fzv1Xv/kk1i95/iAoMUPvMGJZI="}},"4RNlV1JM5HhS84BfbEAWoXVIf9LVPGqtK7xGefnlDEo=":{"valueMac":{"type":"Buffer","data":"nZpf4O6/JjbaXiOUghz7ADukDIViysFCbMQrqHIvmDs="}},"4qYPpzS6Juqd8ReDbt1d3H+8KyOlo7WbAgvq2H4mFUU=":{"valueMac":{"type":"Buffer","data":"XsF9HHePb1rS2q76JjF2zfHtnoqJSNB5ovgMcMoOcko="}},"5E/wOoM8Fu+xrETZih4NI5fQ+JCDRU8bwxtBwBNrWg8=":{"valueMac":{"type":"Buffer","data":"XJBRm0rA8liC7ps8i27XB99a5EgFzYRPFicmLWB/pe0="}},"5Wod1AJHO1U8Sxt0AJLPVbDj4XlZ++3KJ7512HzW1mU=":{"valueMac":{"type":"Buffer","data":"QB2rsngQZxlWWqr1Z2gZc5HpILv1/nMQXN5bJ21B8LE="}},"5v+9cr8IwqzAf90hBRKY/Ag48hn2+ALkoYXrP3Fq8U0=":{"valueMac":{"type":"Buffer","data":"/ry68PSQI4AlbsjCI9qQwZMuYFoOjvNgF7UxGZeKFQA="}},"6caVIroFA9Ji6RCKKxuUKP9Nm74qbG2Uj/I3Eo1mq2c=":{"valueMac":{"type":"Buffer","data":"k0TB1uWH9h8338AniyZs0c8/XjPAM1uTyF5Qkg/LNnQ="}},"6cgevyD+YRECc2bQ90BuYuv8RHyo8VzMmSf7wFyEtpU=":{"valueMac":{"type":"Buffer","data":"FbbZvPJ0tj+oIbTlcRFCSvxUNsMa0kUOMgmD2OfcBgo="}},"7RKSTYgUukJDreHntL9w+FDTmTG9AWya6Boq+Rqm22U=":{"valueMac":{"type":"Buffer","data":"xD6vomYcH0cPevRJ1g9MQQtLImLEclcLV2uGvrEx4Zc="}},"7Yd6xLCaddzWa1p2q7MQzl96EU+gOcQo2o3iodotvHY=":{"valueMac":{"type":"Buffer","data":"8L98vTwXDF15k5caBQFpEDZmBZvywe2f67X9CeT2wXc="}},"7bFiX9lOA9nWQGvgU6sjJpWfJCrziz8npdEunfnfdi8=":{"valueMac":{"type":"Buffer","data":"zlZB4QKF0LNgbQJnVKwlOSGQM91kPHbmerL6KTmO8gA="}},"7cSARhTPhmW/tyYVsYgYKKCL/fsYdZYdUmxFrZikHQs=":{"valueMac":{"type":"Buffer","data":"jf2L9XJzXNpVGzRk+W/NJyw1AS8EShPtPWveQzN4Iks="}},"7z4wF47COsTJdM+4SBq98nYY445YTlxyPUrk6toAOdc=":{"valueMac":{"type":"Buffer","data":"7NjyJXOFJ/x7LlxZkQRAndHPK67Lx61MiH+fyypHIMY="}},"8E27xL7yfDQdgYAOD8k/bUyXQvtPbX5wIuGovcwz4Tc=":{"valueMac":{"type":"Buffer","data":"hhyeSodqZ3wKMe3FmaQUCQAdfK/PPJYUF2JFR+u9aqU="}},"8Je9rIzN9mA4cyB6pJbb+BLutUraACYaNZLL61e1VRM=":{"valueMac":{"type":"Buffer","data":"A8zuryKCMWitwLEml6T4wvt9s7tdSbaEtnilmqePS5Y="}},"8NipPMTqjoldijsGFkuEqI4y3wbM29uco0w7S20gP1M=":{"valueMac":{"type":"Buffer","data":"Smbas7qjI10nOQ+SmW/2L3qnw4PaR9msfCQUxkc63lc="}},"8jz8Dyw6S8YWR9J3S4lOLx9DVZ9SvV57jBaj0riwuPg=":{"valueMac":{"type":"Buffer","data":"DWFhGNNqO0hjIMIHtUiMnllwKe8/SPDXLKGaPcin560="}},"8k+TJGR/9lQCqhNUf5XsWxCT7bH5+ILO73GQqjVMW6Q=":{"valueMac":{"type":"Buffer","data":"Gs/bLUDQ5LPkeO3lPNnxr8KbbXN/i3JJ2i9n3doRJ2I="}},"8q4ZaRXEo6PMxdMXORhYfPTD1lItN+WKH+O70OQgYhI=":{"valueMac":{"type":"Buffer","data":"MQUQbmIByzlXIZVOgIpBCLx4XsBAxyE/c5dDY8L+FWo="}},"+QY6YbvWgUOJnQsrAhzrI3++0d+4mHBm/3TBNwJbW3I=":{"valueMac":{"type":"Buffer","data":"y+TjctiMTEXO3MNxGjyzfdqK/a7palavhE0hDELuXE4="}},"+S7Qw1Cnb1htN9yaRIqug2jreg13T6LqNmFcVpPHHsA=":{"valueMac":{"type":"Buffer","data":"ibwQtVis2gCur6eJTn+73yyMFUkjhiPJggcgAYd4WIc="}},"+f4iHXE2iAei/f9hdx1mnUyT6gv0GljaTtDAGkdr5FM=":{"valueMac":{"type":"Buffer","data":"eqJVcoxzp6IXsYSfmoSYVyBdLvwLZkdQSP0WsDI6hEU="}},"+5wDy691wSgRm+H/9NDHmXnufEbecNQXvOq01IUARxY=":{"valueMac":{"type":"Buffer","data":"0Dh/6HQZg4kb3+mmxExHlE2HkzKtzxIkNlp/VyH/nUM="}},"/DXremtj7G4I77bdbTpQQ+NfqRHv29M6g6Bnd/RSKIo=":{"valueMac":{"type":"Buffer","data":"pFB4EgwatCuRlg4nhzS4U9PwkqCcBARYKkOcJoJvqp8="}},"/Jp424cWsxQmh97pPSYLz5GINOU9eFZgXvmk6KJ0k4s=":{"valueMac":{"type":"Buffer","data":"8SBFi1x7MR+lPsGuTjlYQi2jew1k6Bi1lwoeMe4fhKY="}},"/U0qKO26F8uO6x4B+ZYudGmEQDoYLIy1WiVC+yCiiXw=":{"valueMac":{"type":"Buffer","data":"Bf4iYxNGTz/m8w7CmAM8xx2LN+BqO5wq8OOTdc+kdI4="}},"I1xrXuYFr/ab+nO9rcLs1+hn4AuL4l3zdjUO7Z37TFE=":{"valueMac":{"type":"Buffer","data":"6lsUVlh22NuiuMspQTxcSaic/HdG7EGjQwuB9ippmT8="}},"VRel+5CbyLLQTGcOzWgjJ7P6/BnVczwL+LtVwG7unr8=":{"valueMac":{"type":"Buffer","data":"axJChPsFtOjM7BmtYlvv5zoDeb+JKzV7Jj0bqb20Jug="}},"dv7vqseIO+5TWFD09zRL3BSebGIPKodbZpq7ORUbJIc=":{"valueMac":{"type":"Buffer","data":"Vp59+DvBNisv1AyTAUtyGumK9AFMA/D+FXJpidu4LH8="}},"qunkJgBq9M0/OzUECD2H1xYZzAeGmsjYT+o3OURlXR4=":{"valueMac":{"type":"Buffer","data":"Wq132JEPJWFgq6ig9VTneMIYs74toidBFweuSTsdiUI="}},"0oUp8SAw5oDnJaNQmxY68rk9GDvrtI+nUWaKy6kVL6E=":{"valueMac":{"type":"Buffer","data":"zk96O8yXr7iu24/l57zMWXJZSypBWpXmcX3DscId9MI="}},"JYa6Nfk3n8iKkSi5xszpf4yUezKoWnrKttVlnrHfyVk=":{"valueMac":{"type":"Buffer","data":"w5z2aRQkaVozg/e+ks6AgFMziBXGepK3aVXpu/CrErs="}},"35Cg/E6C9x9E1jgT/wWr41znCyUOCvYm184ewQ46H10=":{"valueMac":{"type":"Buffer","data":"lHvy5U/MGpkgwYUXZb9/tBP3eKMwfqyBvqx6vJX126I="}},"JUe6WiyrudPw6ZP0Ta+GvMHzcNkr6fN5cT4dRqmlf0I=":{"valueMac":{"type":"Buffer","data":"n1cfZ1tQea/IgrAgqzbyT25F9+dHH8AO+nk0LQqja0Q="}},"haCnX3FPVQMcj7HvxjaXpUGaDzUvZqK+MvS23mvYWS8=":{"valueMac":{"type":"Buffer","data":"4uugnDQlUqKlLmWqvYoApKPB56FgXKJdii28F7B9zxk="}},"ydKvXpR5MBBZcRNN1g4cQNpzXKg8+Hoo6R7cfxBQFyk=":{"valueMac":{"type":"Buffer","data":"hGgcBTlamVCWprtk0vS4TuZEQKzEYZ6dYoV7aiIIlSY="}},"yYIa3HJMXSFZIUrdvPb58OBY4ywoX0zasBEABWd24Zo=":{"valueMac":{"type":"Buffer","data":"Vs/wcjumovGzzPzlsob8wQzhju/n0JuextFsB4y1wYo="}},"Ijfg7DuLyzT7fDALDs6gDkbc6gCuR/WF7Fc26Z2jor8=":{"valueMac":{"type":"Buffer","data":"MGitb1kmE93WYfbX5pMvv1znX/mjZ0Nx5gCdjgOk2N0="}},"DF5GfFoyz8EZfWkJG+nIktUdHLgQdn0vG8HERdFooLE=":{"valueMac":{"type":"Buffer","data":"e+zP5A5qFWXIcmNRwMSazeS5BJG7/ic+zhdFm6gAIIQ="}},"ZGl0B+uLcFnAcXK2SJiGBROQjJB8qMvr4kAHrsBI6mk=":{"valueMac":{"type":"Buffer","data":"YEy2fFPAh4GIA7YbuHWj7dSHXszeQAfWP8nbI23yHvE="}},"Z0nxjgzkBq3nPu4EPuXN/0VSkKahDoRq13ZaiReTy5w=":{"valueMac":{"type":"Buffer","data":"0PIuJ5W0uUkTjFg6t3EsAGEE9V2bEOQmroYA6HcfuR4="}},"eIGCO/I43pVSUyycHpzM8XXPqvc2WTM213DjRnE0P5Q=":{"valueMac":{"type":"Buffer","data":"tJuRlHhxzWcUnBCiUkT08GpDYD+ezgQgOFu3DZeIFHI="}},"H7bvrWqDGUKggwFYpVgdbmofK3LyIWOov51QskcEiCI=":{"valueMac":{"type":"Buffer","data":"DX0xejiPBekJMa+DpPU+ALUEPsiAB8GGAXQhsRB1h1o="}},"uXXHfBvCM14J1oZvhTDytgFy14aVXPOuI4raFnFyjr8=":{"valueMac":{"type":"Buffer","data":"ND6lIDDvVY9vCbZdW1hpPS0mHM1bCTM5PxDtBVcqO+I="}},"T4JYszC/1mWvwI9CMqA9NL72Qszt09aHvtkdzHjUTf0=":{"valueMac":{"type":"Buffer","data":"hJZlQM9bagKe5cji6Gpr47tqbvjIqPKlT86aEO40RyM="}},"4Vyo7unL3MTNfKGz8NjWniFRmx7NburQ1IgViWf3TUc=":{"valueMac":{"type":"Buffer","data":"F89DXShXnTWnCsw3Ake38nDtPucHDcSO/G1JW554tlA="}},"EAoWERXy6v3sO3pSqZqv6ZBuwU5aZTxSdisbMW5/H+U=":{"valueMac":{"type":"Buffer","data":"w8CPSA1FkMde+RfuqVXTXcUxo0B0Y7CpXV8X3jeFNMw="}},"IHx0wR/MvBHzO7VZGHmpnBG5p9THSJOYvlZyJmsp7LI=":{"valueMac":{"type":"Buffer","data":"Y8E0fpthiF7GaRdkk8mrMi/tpU1K8Pg6IzTKCnfwvqU="}},"ziTA2HTm/+ljZfPcD0eT2f4fQRXoBNA/MTX1dSZ2t+M=":{"valueMac":{"type":"Buffer","data":"KVciREOEUPjcIAXCM22jTllGqX2c0qnAcTpN4RCPiks="}},"We5sMl0HClk4P+5rFzUNiBOwU9sCxLhNrQEIn6t8iPI=":{"valueMac":{"type":"Buffer","data":"pPs/UVgvJ17MFKqYuLqS5yWKLyvlOHJTWduet5UP7UM="}},"ykQToIvt43weDkQwKqejdz7yP61eoC7AzZn4iiRm7d4=":{"valueMac":{"type":"Buffer","data":"+6LPMnT0SqjezYV2tNrZi4hPJ7VX9X0whpqlLzQ005c="}},"Bpcx5KFH0AFvVZ5mFHhIuKCe9YufxrB7/KBIhBFO/RA=":{"valueMac":{"type":"Buffer","data":"zBKctplJuWZWkMxN5XyZwglKA2x6YI120Wbkeke/v+k="}},"lRYIJCcwUXEDZAz3URu6dfcDRntIJa7l86QoMyDwNQc=":{"valueMac":{"type":"Buffer","data":"C5/dIjuwF1XZ6RoOgLK0VhvoR0wtteHtxY9G5idJQHs="}},"MwzT6EjMdCTwMAJP0W98aHw12J1BRl9K/X0v2wUvunc=":{"valueMac":{"type":"Buffer","data":"f4yp2VvdVlszh5wmHccaB3+mHQwZQKZKeHwh3qM1cn0="}}}}