{"version":13,"hash":{"type":"Buffer","data":"9WTJlEgtAKni/TyY2UBRBXYMCnUHujQrifTIZwo1Hgz67PQ5ExcESlYxwrdnuE+nW64MKys1LJDupM9thrMz4mirbRYplVsZMc3+QrGrHm8Gl2cobOypOg7wVCA8ZgkES72T+jzgGk6hrbnks+Sn6JxDCR8HO2zYvGI9RnONcJo="},"indexValueMap":{"Apt0otLCuB1QhLmsq8MPe0YFj555uxl9rt9m/kOxjcE=":{"valueMac":{"type":"Buffer","data":"reuhos81GJFUth5v+DLnCHpE0hEuyofnb6fJbqrxfUs="}},"BGdcLJdPU0Tid5vHTxCHm+85HrSlujlkk/Msu/oHOmE=":{"valueMac":{"type":"Buffer","data":"SIYlSF1y0m7IGeMfuK5f+OchnVVHxFBRqMBfMRdEBcM="}},"DL8dl6B1BqdRS3fnmG663t0K+3Tk6SXse5uRamCnnMk=":{"valueMac":{"type":"Buffer","data":"pUl3TZka/pc2blucTDSNemgfrzE8ta9GdspCY8FY65M="}},"F4Nq1NlCQu/r+t2wd4+r3qxoFAgcDDSDQJlk9StEgxw=":{"valueMac":{"type":"Buffer","data":"ECWINyo8YNKNe6brcsew3RUoxnZYM3lVz66aoBROqbQ="}},"IZPP/34RcL2oTVQTFRJ9cHRroEcm0GPioNPMjjzUWAA=":{"valueMac":{"type":"Buffer","data":"l+Aq2fXxpvBwoEyT8BLpLZZuWbYOyJpyngP07lh5Qr0="}},"KqXxZUOwmHO2wDlbU1YVHLRG5H93XZ5Lo79bfFwzzQg=":{"valueMac":{"type":"Buffer","data":"a1G6AKwLVtywrKiSuWRgCvlZLPG3kl5uE1KS4GGyXMI="}},"Ly8wu+UICs+DSrZNkhMJEzi3ka2UJAL+ekJwqS0vmHA=":{"valueMac":{"type":"Buffer","data":"iv0YfnHGeYhytqKPtue4G63OyOnK88hWwUZfa4P7MHM="}},"Q2Q7hUxT6jrEwZPphTXrq0SmjL8Rj8/eiaG9MYNA7pM=":{"valueMac":{"type":"Buffer","data":"WftRJYk/uNsRVYvyQUT43GZ152PLzqM3CSEDYmeU67E="}},"SD+KeRbgjzjuGBAZhlhjjAjcxR3CIfrZpkL+2D3WO38=":{"valueMac":{"type":"Buffer","data":"P4gYTnzFI1zh4Jxofp/rPZZDU1hAZfOp9XMPITz7C4U="}},"UeDYXlCzmpxm98TLzsnoEJfOrWUFlM6OyXs0bniDrz4=":{"valueMac":{"type":"Buffer","data":"RZs3Z0zJO4sQ2BlfMcfthfcMLrra6DHu3i1PBlJNxzo="}},"VEYz1lQGd2avkIOYtAMa/IyzYEmQ65t+OfEPxC1P0uw=":{"valueMac":{"type":"Buffer","data":"MIaitUvWqlQUJ4gkVefT6bCSHqZTtBAMMMY35PNK2jE="}},"bFNPiq4WcoXMaoscnbihKCvucc5zbnfdSTTgoCpyNZo=":{"valueMac":{"type":"Buffer","data":"zFHwKD66k+KvcCLkPBQonl9yIzjKV1+4iUNn1uanCq8="}},"egxhUH9ny5ez1BihtFOsxi4RI8vzUVblRRTPZzdNsnI=":{"valueMac":{"type":"Buffer","data":"F4F/i7eOS16n1mKNrZ9tMgq5WRpH+wXg6E3+3daSom0="}},"ej+PqYLfxVfv29s4tbmdVqDb5jfz3TQMyCliAzJWndg=":{"valueMac":{"type":"Buffer","data":"VSAWsVgWazLTpegRi2Gt0vgdvV0LV0+jE5SNqcvpjXs="}},"hMEjVZ45jFQTrsKQbERc7gWGewu1FuAw8yKUPYJNYQs=":{"valueMac":{"type":"Buffer","data":"tilMi1GJ8as81iI8dQbx5b5+xNf6+4ABMLknC53ilGM="}},"hXOPUWDXIDhgtsLw6AHkkTK1XiZT5kl5cHz3N9rOINU=":{"valueMac":{"type":"Buffer","data":"79qgE6mgEbNJRh/oGLlCEEJS0PFgpkYJXoYve0I065o="}},"hwpnuM5Z6p7+iWNYkVaQzxJfulOkv9Q/6LR2ysgIsGU=":{"valueMac":{"type":"Buffer","data":"kwMZsWPhDupW8XH7pqHqz+NddX703VkjIg2LbT4BeAA="}},"iLYU8xwPpjq9896Wm6pcVA660nEAKoBDFG/v7mq/ovo=":{"valueMac":{"type":"Buffer","data":"3VdaSiUdEy46N3GSNlQrzcM5yrd8aQTWH7jj+YVh/5g="}},"kOkPPyP3qgvh4jCrsdXJKSXMHm/kwewqtnN1HYgHsuY=":{"valueMac":{"type":"Buffer","data":"sDk4lEQ2J4dAnqq3LzjAsBnPaoaq0Hfva4dPRBrO5Ig="}},"kjAA/l4YHSdqR+TLyVWMcYDfaL6RROBILFkAJWySNkM=":{"valueMac":{"type":"Buffer","data":"G4M23MWEn5Ws+DaqEQaBZJvKAztNvpLA6mnj4xgNBM0="}},"r8u1Cvg/AXu2SgC5QsJQIpSphbPJaHqL9jwW3xlfPhE=":{"valueMac":{"type":"Buffer","data":"IaoCDeMXrjksLrv/EeCRdY3MI3Jo5oZbNumiJ0JHuTg="}},"twl6fP6WE3Mc4fG+kD3yZdQ4B1cqtO7bGJvNGh7rGEY=":{"valueMac":{"type":"Buffer","data":"avJUrVCq987UTp8FYfIGNhiS9VzFm/Xw581LBDnPZUY="}},"vJv1iWRUVU0aMDWsZ2+SrbIqI7vRY6WODccc/VnZlO0=":{"valueMac":{"type":"Buffer","data":"vh6eFnDIXGb6bWjpwFap/3GJSVidRSqOYRyGbZWo36o="}},"yDHawHoOzDS6YTkikNzCX/MKXb5awQDobgXSoaTfj4s=":{"valueMac":{"type":"Buffer","data":"QyO/3IT4UcH8j87OOf9zD0r8CTwOIo+B7x5V+JPA4vY="}},"0XzfDHeFqYlGnttZtRFGSdGhoWP7zFDhEbaKc5nIqFw=":{"valueMac":{"type":"Buffer","data":"Tyo0wkWaq1j+BNROGaf9yBTMbJ2Tw/Vo2ybFlNic2b4="}},"1hu2xFVpBMxQfb2PJcwGJmwC76E2hHyST/93CgUyTQg=":{"valueMac":{"type":"Buffer","data":"BoVzIRV19n5geR5dh43IZXGuzxBulB/toeUfynZGuUs="}},"16GmeJJsm9BT44QIIgRFwz+74bTDasmR6xiEuRWCjss=":{"valueMac":{"type":"Buffer","data":"nrXmQ/ewRa9+RpkHw8eqRTSMCCvuhDi0Svku6hOxFVs="}},"5EyNj+fZJZcfTp9xt2ukzZE4xJjKN/ffGeOb2h+oNj4=":{"valueMac":{"type":"Buffer","data":"zgo6ZRSQVeds+HT6WzaPpwZcnoUGXVdZatWggG1toh8="}},"7MKbUhDbtZ2uUXznMwTD71DQy/csoeDgITzF0wBrwXo=":{"valueMac":{"type":"Buffer","data":"dpMdS3eiRJwL4AYaSCD6NPQS+gCKWFDdmTZEIpFPoVM="}},"7z7d+JYFC6c9sqGsoaTkp0QkByNXjj0iE5qJtBdJyqA=":{"valueMac":{"type":"Buffer","data":"jzWGQjoDQPjg1lKJlH+aZvwDNKDQRhvJgzdK+jntzIc="}},"9Kydu/9KNx3BJkm2+Ilkqf0aLMhQEOt0o0TdC5cZ/YY=":{"valueMac":{"type":"Buffer","data":"62t6q6P3980DgHKEIQMCi7KPWM9BRZK/pzEXdXQhf7s="}},"8HCg2aCfLtzfZ3owP4147aSFDQwnPH0OglGX67Lk9Gk=":{"valueMac":{"type":"Buffer","data":"7s9rWafgGD4MNv6puuXQUdK2WQVZ68DwixcHtJFDlkw="}},"L3VGpp16bVBtvR+sVACSGrZtegWxXUv7ra1x2Dhliv4=":{"valueMac":{"type":"Buffer","data":"tzLBoC5Pa/tHMcyqa8zvSBKXoYL9S8vXrgmZw2epVq4="}},"oaqo1hu5kaFfP6eZpmjN0W4nz41VbK81X5VFbhI+tV4=":{"valueMac":{"type":"Buffer","data":"zR0wkf/a6Mikm5GWJENRKdDa1X+VhmyfRTzFBzExWZs="}},"cbPSSyR6csDAmZLQXkkcO8zA2HUyiiiRPL6I65SAuDY=":{"valueMac":{"type":"Buffer","data":"k3LEOeHrj3AMVeAb/ltKbQ+XW25Dzn5p0GRWKVh36gU="}},"btPdzKcqwS5h4glznKnjf37DuyehJnDzLd8eZm3c2mA=":{"valueMac":{"type":"Buffer","data":"iJz9nfZebMSsd/aPdjIHn/S5cT3o8ybHciYFj0DjHFw="}},"pmbl5SQaOJz21SMUCozUSZSCvO/vIfXGlmwpduPPrIo=":{"valueMac":{"type":"Buffer","data":"n7JKbwPzgesr0u+V9vWuLgg/uFWmdmJocb/GkhPzO8Y="}},"9gs6hJBseJIClQKXOBqz9id/T0K+dU1J/gyTw9QlOzA=":{"valueMac":{"type":"Buffer","data":"04X6pD7dCLMnNlTLskMu+7/LZuOtBQJS9Ibly8NHvJA="}},"6rOFm8z/5UBBdDROV+kW1kSSXpZ72Rn3WZFYzUqxEuU=":{"valueMac":{"type":"Buffer","data":"oUWF1M5KFfBwruJcuRakUcNyRiLrIBthXjCAGNG2OHM="}},"91PzxCLY9/nNrIPJqETRX2NZToyF85MYD4o1j3ez1rE=":{"valueMac":{"type":"Buffer","data":"NEKCOrfPPRWbz3u+hrn7nqWkMylOYoN5f6PHkQepXSY="}}}}