{"noiseKey":{"private":{"type":"Buffer","data":"KMrp4lRsIB/vl/uTiNO7DxKWFOjyjcbAqkZhTpNyd1A="},"public":{"type":"Buffer","data":"ImLvS5uiM8XnQRzTtn0iW5Q3ne94t17/J57vqmBFXx8="}},"pairingEphemeralKeyPair":{"private":{"type":"Buffer","data":"4LfhCVw1qaGACYTJLtgcTwItLbXqFcJ/26fxjueYDmw="},"public":{"type":"Buffer","data":"JCSJtzgPv6rAMjX9wCSTwgVi2+8tD4VIQQGCE5ItVgE="}},"signedIdentityKey":{"private":{"type":"Buffer","data":"sHtH714pcUzH9o2ZGcVW21AVaBvN/8d+rGPL6s8eRVI="},"public":{"type":"Buffer","data":"q1b3igKOReu4wapFf/CEkOqzdmofmEErcQIzsjNz7zg="}},"signedPreKey":{"keyPair":{"private":{"type":"Buffer","data":"GJJju+xk3yoesJiojbVZLNZmE2NNK/Ze8l0SKkzLzlE="},"public":{"type":"Buffer","data":"KXU8ONDtGt35C5IQf7ueKveaMq9m/X6rtP4KKst4gjc="}},"signature":{"type":"Buffer","data":"IFIgAIln5aELe3wE+qtLKMqfjZMSoBbemZLBOJarjZbhOjt9tiaXnpZ56SlO2eUu1SyM0VjoV+O5vYvTUkZshQ=="},"keyId":1},"registrationId":15,"advSecretKey":"xvyqF1xkJXPBuVzPRDjwmI3Jf4AgNoAdcZzZ6/aiJMY=","processedHistoryMessages":[{"key":{"remoteJid":"6287874873090@s.whatsapp.net","fromMe":true,"id":"6E3308B2514A0D368493D60A06DB2858"},"messageTimestamp":1740353822},{"key":{"remoteJid":"6287874873090@s.whatsapp.net","fromMe":true,"id":"BA3C86AA8E0A218B58BD7852B1A2BEB9"},"messageTimestamp":1740353867}],"nextPreKeyId":31,"firstUnuploadedPreKeyId":31,"accountSyncCounter":1,"accountSettings":{"unarchiveChats":false},"deviceId":"qodM3q_ESmWpoExBQI-okA","phoneId":"1c2b3228-b2a3-4cbf-81a8-0624a0b16a5c","identityId":{"type":"Buffer","data":"5arOysfg3jW+SHQgbmDjyN2WTG4="},"registered":true,"backupToken":{"type":"Buffer","data":"8x/ThhEcGD2kGNq/ikADeVojSb0="},"registration":{},"pairingCode":"FR7DRTDE","lastPropHash":"1K4hH4","routingInfo":{"type":"Buffer","data":"CAIIEg=="},"me":{"id":"6287874873090:43@s.whatsapp.net","name":"Sanz Store","jid":"6287874873090@s.whatsapp.net","lid":"245466608472307:43@lid"},"account":{"details":"CPmgwLgCEJHi7r0GGAMgACgA","accountSignatureKey":"F9dlvJxkL3jpey4qw5wbJlZXnVjD2IolbHOIYSqnARM=","accountSignature":"OPNXxR8K4EK8SGukAh587zWjXnhI0uqhPVGwinjhx9pil+NMx70v6zj1zpfb376u/m9oEqWaeEtBCc2lStO9Dw==","deviceSignature":"Tm37rxa62zpSLYtECk32VZ+wg2WAkmKw8jCFBAbpv9el6B9s9sVQyFunWX0VfGRNqL/Yf+V/PiECfNI4drLwiw=="},"signalIdentities":[{"identifier":{"name":"6287874873090:43@s.whatsapp.net","deviceId":0},"identifierKey":{"type":"Buffer","data":"BRfXZbycZC946XsuKsOcGyZWV51Yw9iKJWxziGEqpwET"}}],"platform":"smba","lastAccountSyncTimestamp":1740353812,"myAppStateKeyId":"AAAAAJFu"}