[{"senderKeyId":1710267109,"senderChainKey":{"iteration":141,"seed":"8pDCTnr04dZh0TVZI+YLKd4d41uZTAKo3SLDIPyB2qA="},"senderSigningKey":{"public":"BSILiLHYfe+NECaBNdFrzsRwVMMWvqNdoGD8Miv39jN5"},"senderMessageKeys":[{"iteration":137,"seed":"rklkijJZOl56Hlg7WgYxQEuSoJ2wtBmqTasT4DKcyd0="},{"iteration":139,"seed":"n1RZ3MdqqOZFwVq7cdLOQGNLXfrjiZDZnYqtBU3N3+w="}]},{"senderKeyId":1710267109,"senderChainKey":{"iteration":139,"seed":"lBx6Ezlz8wQKbARvmtoA92oEfj2ZxxsiTlrQFEMarUo="},"senderSigningKey":{"public":"BSILiLHYfe+NECaBNdFrzsRwVMMWvqNdoGD8Miv39jN5"}}]