[{"senderKeyId":2889680,"senderChainKey":{"iteration":19,"seed":"59qiaguvJzyZ/+Toe4ORv8HWdkf84/Z7wllLZ1QQB4Q="},"senderSigningKey":{"public":"BdqmMhoDLDSfm/U7wJoJDZlSwWKLRmrojVglkFbH0pYq","private":"SEVtrbEbPzL1+ePtUtwMchr7tdVSC+bOWnOspPZRslo="},"senderMessageKeys":[{"iteration":1,"seed":"UbzIscgWSP+ANeNr0k/Uve6n1Nl/cfYVb73cV3dcq+I="},{"iteration":3,"seed":"zbZEsN+Zk+96YKnI576GOKqsPwBea91HtHm0It07vZc="},{"iteration":5,"seed":"6QKn6G6yQBxvHslN6S8wNYsWrMJVt8Me6x9r3NMLSHo="},{"iteration":7,"seed":"zW/fRRr/1HUx7khZ0uG3CWfz53TP9azf4wthzMObFWw="},{"iteration":9,"seed":"yg1EhZQONVRmpCu3v+oBuY9azYyPOMQfqOg3Gj3pDNc="},{"iteration":11,"seed":"eMS6MJnwZM4eWtvrS0ghVvmIwetbX8dCzp4iVnlxd/8="},{"iteration":13,"seed":"waZ2QjzW3qbFD7IV05FQXNQAp6bNclZekMn8d1xNjqQ="},{"iteration":15,"seed":"cUSnvqRsVa4BIypVAtV5J6FHdfbCzh9gV2aLqBGs/i8="},{"iteration":17,"seed":"nMtPNMXa8tOpjrYetkwzvfY1/nIQt2Fml2yCbrAFLXs="}]}]