{"_sessions":{"BYFaPWLq53gToPGMVXZlfrr0gCdUhnw0God2xB5AV58B":{"registrationId":483386413,"currentRatchet":{"ephemeralKeyPair":{"pubKey":"BdStoflNTR99htO5e2MbebCscc+TLNYGId9tgDQHMEU7","privKey":"CICnLgxk23AI7iF63TeEqzXyYjLPXicxUUjiEIO4DHo="},"lastRemoteEphemeralKey":"BSw4sMu63DbPsl/yOQs4X3/JWMxzqD3Di8O/Zklc8dh4","previousCounter":0,"rootKey":"xJ7ode30GbLBU7y1Skp0hhGOJNLUUa1hbqN3EucirN4="},"indexInfo":{"baseKey":"BYFaPWLq53gToPGMVXZlfrr0gCdUhnw0God2xB5AV58B","baseKeyType":1,"closed":-1,"used":1740353864171,"created":1740353864171,"remoteIdentityKey":"BRRTZfHjgLo/nb+wukd6eybbB2La+cP+yS/Ih/fPFXJs"},"_chains":{"BdStoflNTR99htO5e2MbebCscc+TLNYGId9tgDQHMEU7":{"chainKey":{"counter":0,"key":"rxhR21I67P3q4hosd1Y2RKDHt9FKJixvM6H0lnpdgOs="},"chainType":1,"messageKeys":{}}},"pendingPreKey":{"signedKeyId":11,"baseKey":"BYFaPWLq53gToPGMVXZlfrr0gCdUhnw0God2xB5AV58B","preKeyId":8685134}}},"version":"v1"}