{"_sessions":{"BQ8x30JJ/yzbJwrQGfJH5BfunWP0wgIP/JiTmqnShZI1":{"registrationId":3926,"currentRatchet":{"ephemeralKeyPair":{"pubKey":"BXn5pPL0XFzxJO4wRquQsMCk+HOZIBDrHiPP0mTAiDEJ","privKey":"MEZMycF+F0/RZsMUFO5ho5DoYDyq6BfjJu3ypsTAKF0="},"lastRemoteEphemeralKey":"BRpGo0OsGQ2j4ZiAtwTsGHpGvNPu8cbCaRJF3xbon9Vn","previousCounter":0,"rootKey":"122DoxuEQo3KrawAs6s9TW79EdtoC7PDOWrWjApAfNI="},"indexInfo":{"baseKey":"BQ8x30JJ/yzbJwrQGfJH5BfunWP0wgIP/JiTmqnShZI1","baseKeyType":1,"closed":-1,"used":1740353863804,"created":1740353863804,"remoteIdentityKey":"BTzNYIPqRVsgbuqcq1fXWW6TXV3PpBKQzMkG9x+3UCcV"},"_chains":{"BXn5pPL0XFzxJO4wRquQsMCk+HOZIBDrHiPP0mTAiDEJ":{"chainKey":{"counter":0,"key":"Jen9YkRvxQGVoGChooj0O4k7je8iC+X3XzVNHUxq8gw="},"chainType":1,"messageKeys":{}}},"pendingPreKey":{"signedKeyId":1,"baseKey":"BQ8x30JJ/yzbJwrQGfJH5BfunWP0wgIP/JiTmqnShZI1"}}},"version":"v1"}