{"_sessions":{"BdmbEY9v3Fek4T4qZGHjvdNLHdR/4+Gfk1Cpv89eta8b":{"registrationId":1372220844,"currentRatchet":{"ephemeralKeyPair":{"pubKey":"BXbyJta4VIuZvj+WfX9rYWLL9RDNKXKKUaoK4hauYrgW","privKey":"sOEICF9EubO/z149dKYrHzumWfC2c8APyzQFxv/KX0E="},"lastRemoteEphemeralKey":"BZ9ad212Ub/ZnBn1FHXzm9APnlJDMJ+czL4Z8cLz4OY7","previousCounter":0,"rootKey":"InB6vdfaRWBJYqA21LDsGGltRSmbisTVNBe+TritYd0="},"indexInfo":{"baseKey":"BdmbEY9v3Fek4T4qZGHjvdNLHdR/4+Gfk1Cpv89eta8b","baseKeyType":1,"closed":-1,"used":1740353866222,"created":1740353866222,"remoteIdentityKey":"BfhRxFXYyRxqPro+G9KjECalt5iQb5eRYxd626PhRvNU"},"_chains":{"BXbyJta4VIuZvj+WfX9rYWLL9RDNKXKKUaoK4hauYrgW":{"chainKey":{"counter":0,"key":"f7+oIoqqAQqYD67s1wNveRsIkV1DCw0puy0WN25KNts="},"chainType":1,"messageKeys":{}}},"pendingPreKey":{"signedKeyId":0,"baseKey":"BdmbEY9v3Fek4T4qZGHjvdNLHdR/4+Gfk1Cpv89eta8b","preKeyId":4369786}}},"version":"v1"}