{"_sessions":{"BVcgw5UQ+vxi44C9WIyTFyJofQ+bbh6lK6Hi42Ewjgp5":{"registrationId":1059294175,"currentRatchet":{"ephemeralKeyPair":{"pubKey":"Be+fn9i422cnp78B3mwWAaHRqjHE0p3qt6AKgSOlg0Br","privKey":"wB9oeujSW9jFnpwUuxqUDxJxxUVRo3uaJqEePYHA9Uo="},"lastRemoteEphemeralKey":"BdDopIWtCAchYeQYAxYuzet+4ovlWegwit2OpTvjJIJA","previousCounter":0,"rootKey":"+CIJ4pMrYG9cPlAzbZ4O431tTlh3wIiqUfIDbF2IJrI="},"indexInfo":{"baseKey":"BVcgw5UQ+vxi44C9WIyTFyJofQ+bbh6lK6Hi42Ewjgp5","baseKeyType":1,"closed":-1,"used":1740353864058,"created":1740353864058,"remoteIdentityKey":"BTvrQ5+txz0xBSLiQHbBZzf++PKMAo0UCw8hOFTMMIdQ"},"_chains":{"Be+fn9i422cnp78B3mwWAaHRqjHE0p3qt6AKgSOlg0Br":{"chainKey":{"counter":0,"key":"W/ZbNznrk44BlNZoKHlMlWCI1cqgdgTv5gFPKbHpz6k="},"chainType":1,"messageKeys":{}}},"pendingPreKey":{"signedKeyId":9,"baseKey":"BVcgw5UQ+vxi44C9WIyTFyJofQ+bbh6lK6Hi42Ewjgp5","preKeyId":3407606}}},"version":"v1"}