{"_sessions":{"BYMYkl+K5sd5pX10XgF6N7DNJd+1rg9Ut6oHpQA6hUhX":{"registrationId":1187430610,"currentRatchet":{"ephemeralKeyPair":{"pubKey":"BZ7rKdJ4wCm1sNTe92EnfXwh4Kovog/WQ2ubvckcu+F2","privKey":"sEm1D5TySnLs2qhZeC8SI2pjBAx9s9JaLvhm+/7mIWs="},"lastRemoteEphemeralKey":"BQ6KmrUrz23qlQYNO4KjrNVbnp99ULv4y7JMeKre869/","previousCounter":0,"rootKey":"5IHuaO/LyeStNEKL5w9vdM154+ctwqk1kNKFh/205NQ="},"indexInfo":{"baseKey":"BYMYkl+K5sd5pX10XgF6N7DNJd+1rg9Ut6oHpQA6hUhX","baseKeyType":1,"closed":-1,"used":1740353864082,"created":1740353864082,"remoteIdentityKey":"BQtpYD7Ly8FkP5p594Zk/IXhTE2bV2Nju++Wwr12O89Z"},"_chains":{"BZ7rKdJ4wCm1sNTe92EnfXwh4Kovog/WQ2ubvckcu+F2":{"chainKey":{"counter":0,"key":"D3l9h5UXZVoj+t8d3MdWCBqC/YvO7gnuQtmNFuk6sqc="},"chainType":1,"messageKeys":{}}},"pendingPreKey":{"signedKeyId":0,"baseKey":"BYMYkl+K5sd5pX10XgF6N7DNJd+1rg9Ut6oHpQA6hUhX","preKeyId":1300388}}},"version":"v1"}