{"_sessions":{"BbYaxwoDg/6y8zWfMn9ggVtpFJqP8FGW0vHdMp707tYD":{"registrationId":190761033,"currentRatchet":{"ephemeralKeyPair":{"pubKey":"BSyKH27Q9C2SeH5VuryZGvoOqlSzFVUIj0yoNtjk1rwp","privKey":"0D0Yyf0pqmjiPGTRAzH2HZsxXfJsWcr5C0tVKZfQGG0="},"lastRemoteEphemeralKey":"BSzm5La7YePj/jqLm2Pj23n70CSPN6Szy4BA/Ra++t4Z","previousCounter":0,"rootKey":"d5C10gT6HrPqb5M6B5JdJNh05qC2GCZk8avO+kvX2NU="},"indexInfo":{"baseKey":"BbYaxwoDg/6y8zWfMn9ggVtpFJqP8FGW0vHdMp707tYD","baseKeyType":1,"closed":-1,"used":1740353864132,"created":1740353864132,"remoteIdentityKey":"BYSeWR/53yuBhT570D1TInwGPvebW6OS2UaPXumn4NEV"},"_chains":{"BSyKH27Q9C2SeH5VuryZGvoOqlSzFVUIj0yoNtjk1rwp":{"chainKey":{"counter":0,"key":"YxguKlP2MGIoXLF0Nu2QqhNJc1jFW7AjY4LC4SJHHrg="},"chainType":1,"messageKeys":{}}},"pendingPreKey":{"signedKeyId":2,"baseKey":"BbYaxwoDg/6y8zWfMn9ggVtpFJqP8FGW0vHdMp707tYD","preKeyId":5191771}}},"version":"v1"}