{"_sessions":{"BaEAKnTwHxbbWkx5RK5Um8856/Ps/I2VN0x+srb9dFoM":{"registrationId":1776370103,"currentRatchet":{"ephemeralKeyPair":{"pubKey":"Baaeh+W6amnAylsu7yflISSQMGXDOdmUISllKugb3f0z","privKey":"ULx6AUesuGVmZarUbzA8VPOAX2xvQ8bIdmTU16KUPXw="},"lastRemoteEphemeralKey":"BcBWhGhjN0kGfKljhwKHEkvs1ZzGGVuT4HDvI2lWTGh4","previousCounter":0,"rootKey":"QNRcIplzTmj2OgapNF++kaotNEDsDOfWx8vBaydk95k="},"indexInfo":{"baseKey":"BaEAKnTwHxbbWkx5RK5Um8856/Ps/I2VN0x+srb9dFoM","baseKeyType":1,"closed":-1,"used":1740353866008,"created":1740353866008,"remoteIdentityKey":"BYHKcD/jpeT21XnXUfa5Wh2jL/rOjYnoT/Vbogpi6XJa"},"_chains":{"Baaeh+W6amnAylsu7yflISSQMGXDOdmUISllKugb3f0z":{"chainKey":{"counter":0,"key":"l02bbwFLKv84FfcKDPcLObS5gC8n8xrezQwgivD12mQ="},"chainType":1,"messageKeys":{}}},"pendingPreKey":{"signedKeyId":0,"baseKey":"BaEAKnTwHxbbWkx5RK5Um8856/Ps/I2VN0x+srb9dFoM","preKeyId":5756811}}},"version":"v1"}