{"_sessions":{"Bd4t5YE+B2J8t3Hzp+PRxKzTkcwBpAzuB+F3ZHBhDaty":{"registrationId":1506637870,"currentRatchet":{"ephemeralKeyPair":{"pubKey":"BaC0F/tT0xkyt4Ma2conhlGVTh8Gyajy7BfFP8FgzUsy","privKey":"ACMC3IIxbB2Vsx3zRdPIXrFg8QkgNApxOD6ZvY1o+Hs="},"lastRemoteEphemeralKey":"BT5MUpn0/pPoOyxWm7flOl8RAzsk3L9xqSA/Hhe690sB","previousCounter":0,"rootKey":"6UnpPw1ATMVqm8ugy+4SjEMkPBiNyLytxxgTScAEWBw="},"indexInfo":{"baseKey":"Bd4t5YE+B2J8t3Hzp+PRxKzTkcwBpAzuB+F3ZHBhDaty","baseKeyType":1,"closed":-1,"used":1740353866104,"created":1740353866104,"remoteIdentityKey":"BUny08RQUkUBK7mbZs5ZPqROwyKoI0R/NmXM0KZbxOgw"},"_chains":{"BaC0F/tT0xkyt4Ma2conhlGVTh8Gyajy7BfFP8FgzUsy":{"chainKey":{"counter":0,"key":"/NGS7iAdLSjnSYR+AMrrFKgZ72dndIui1jiE4dlKIz4="},"chainType":1,"messageKeys":{}}},"pendingPreKey":{"signedKeyId":8,"baseKey":"Bd4t5YE+B2J8t3Hzp+PRxKzTkcwBpAzuB+F3ZHBhDaty","preKeyId":9577149}}},"version":"v1"}