{"_sessions":{"BeeUlHO1XIRkjYI+kJX7auunnL2jQ6c4hHAyloceS4QG":{"registrationId":1795987348,"currentRatchet":{"ephemeralKeyPair":{"pubKey":"BeKYW56ods9J779buVFbGYzRA3z52l3fBpskyyTW1DJh","privKey":"iFEENe7Jhr3XFDP2ax4I4nbemvBXZCMb7pPEBDPoM1E="},"lastRemoteEphemeralKey":"BbVz4aQkRyFFFtdmuGFZcpn12SE+nNGLh650Q7gd/f47","previousCounter":0,"rootKey":"liOsVjzsIKFGbm9/ZiGW8boRc9wFScXmyfZKrTWLHLY="},"indexInfo":{"baseKey":"BeeUlHO1XIRkjYI+kJX7auunnL2jQ6c4hHAyloceS4QG","baseKeyType":1,"closed":-1,"used":1740353866100,"created":1740353866100,"remoteIdentityKey":"BV6QbYEbG3aIO7OLyfocDzxQlsDvyC87QwwoSsReQV5A"},"_chains":{"BeKYW56ods9J779buVFbGYzRA3z52l3fBpskyyTW1DJh":{"chainKey":{"counter":0,"key":"9tdUYcDd/gztDPP3Hf0proB5geIKiyMZK1u5G6WVmnA="},"chainType":1,"messageKeys":{}}},"pendingPreKey":{"signedKeyId":4,"baseKey":"BeeUlHO1XIRkjYI+kJX7auunnL2jQ6c4hHAyloceS4QG","preKeyId":13298800}}},"version":"v1"}