{"_sessions":{"BcCemkiPvqSROdSe4dvYbfuWk1qaRJeA84yxI9T62jlA":{"registrationId":811070401,"currentRatchet":{"ephemeralKeyPair":{"pubKey":"BRr+AWI6zVfOUaMSsfEdBTH8qjrBjv6djnygd/tzXHh/","privKey":"GHcuPuEfj5LKtFTkZHJZbuOM0MyHshyFUCC7bjgiIl0="},"lastRemoteEphemeralKey":"BXRuYvJYHyXH+4CZA/+QJK9rHLNwvIHg4hoRJTPo7t8B","previousCounter":0,"rootKey":"chNTkK/7wvPwpYTlfl8O8z0v/wRsh1kdirzWF9J6ZiQ="},"indexInfo":{"baseKey":"BcCemkiPvqSROdSe4dvYbfuWk1qaRJeA84yxI9T62jlA","baseKeyType":1,"closed":-1,"used":1740353864000,"created":1740353864000,"remoteIdentityKey":"BfE0Jgox2aIvOamcLEPBk9qP6P7hpKZH8E12+0i5DrlT"},"_chains":{"BRr+AWI6zVfOUaMSsfEdBTH8qjrBjv6djnygd/tzXHh/":{"chainKey":{"counter":0,"key":"E45DHhboOZ4tU4ufkWC4SW4+I/szPZYIJjfERVHZiFY="},"chainType":1,"messageKeys":{}}},"pendingPreKey":{"signedKeyId":6,"baseKey":"BcCemkiPvqSROdSe4dvYbfuWk1qaRJeA84yxI9T62jlA","preKeyId":4467435}}},"version":"v1"}