{"_sessions":{"Beb1UaiaxCsJQhyh3lMGFlWtd7//KcfvYPkPPaag2BBv":{"registrationId":730558539,"currentRatchet":{"ephemeralKeyPair":{"pubKey":"BVeSHQOq4BsvmNLE6ob5QdtljdUhRNgVwy8T5R5y2md2","privKey":"2DRwMIY1X0dJ3gALwgXTq02swHzOtw81KsMkdrNLK2s="},"lastRemoteEphemeralKey":"BaQIAuOCCPbeFzCCjdaAoOU2PGkF+V7NjvI2w99r0zlJ","previousCounter":0,"rootKey":"wwMZOsw7duriyUAGVNF+dO/wfK9ES/Sswk9tJidQrC8="},"indexInfo":{"baseKey":"Beb1UaiaxCsJQhyh3lMGFlWtd7//KcfvYPkPPaag2BBv","baseKeyType":1,"closed":-1,"used":1740353864024,"created":1740353864024,"remoteIdentityKey":"BWDZj8m5esf1tADr608Uod/KU2mUu8AV7jb9xM041Q5c"},"_chains":{"BVeSHQOq4BsvmNLE6ob5QdtljdUhRNgVwy8T5R5y2md2":{"chainKey":{"counter":0,"key":"YpFBvwW8Lnm3ez0CsnW0enQD2QmnG1IAQ6TIXzZi4lI="},"chainType":1,"messageKeys":{}}},"pendingPreKey":{"signedKeyId":7,"baseKey":"Beb1UaiaxCsJQhyh3lMGFlWtd7//KcfvYPkPPaag2BBv","preKeyId":13810209}}},"version":"v1"}