{"_sessions":{"BW4YhA2uw4nqUPAvDMkX4ESSV1agdtlRxdpRXFiGlC8N":{"registrationId":1882204000,"currentRatchet":{"ephemeralKeyPair":{"pubKey":"BZci741ygL1UBnyqJ2VUz64DzToO3AlKuAS6UScDuHVq","privKey":"wH/TySpI0hXUGAPN8+pHRqegLRMvnd2VbY85pcMrdHA="},"lastRemoteEphemeralKey":"BSG9mtuPbIVtUrSTiHR3XN1fYrrKEXFIkbKfm/GeddpO","previousCounter":0,"rootKey":"WYX71EiEMfrUQdztuAv12mj5tkgSqWDh+/T/BANytgU="},"indexInfo":{"baseKey":"BW4YhA2uw4nqUPAvDMkX4ESSV1agdtlRxdpRXFiGlC8N","baseKeyType":1,"closed":-1,"used":1740353864012,"created":1740353864012,"remoteIdentityKey":"BYOZSfF2m7m5Ey2SZpRUidV/xWtQ/Lg2W5rtKOrN/OkC"},"_chains":{"BZci741ygL1UBnyqJ2VUz64DzToO3AlKuAS6UScDuHVq":{"chainKey":{"counter":0,"key":"SdQON+D1encyHpeRi3+k5jV5pPh9EXjQ4ItUpRznwic="},"chainType":1,"messageKeys":{}}},"pendingPreKey":{"signedKeyId":7,"baseKey":"BW4YhA2uw4nqUPAvDMkX4ESSV1agdtlRxdpRXFiGlC8N","preKeyId":9146559}}},"version":"v1"}