{"_sessions":{"BZq3b6BF3D3Dk7SxfbgLOB7z+5DSr14PmBLlhpY4SagD":{"registrationId":1916309961,"currentRatchet":{"ephemeralKeyPair":{"pubKey":"BXORfRTCkrdLHOxFtxzt6RSotbMaRfruvmi+0kjunxRp","privKey":"WFgxvNO11Y1+qH3U1nkNrNxD8YW2t/big4wBzmw1P0E="},"lastRemoteEphemeralKey":"BYwWkiV2yV6q9ZQAuPGv1eKdt0zV9VV5rpeG/yBBl8cZ","previousCounter":0,"rootKey":"ule/AxZR45dh/6hHxKgRzZFJjn7jlE3pyzlQrLTKIT4="},"indexInfo":{"baseKey":"BZq3b6BF3D3Dk7SxfbgLOB7z+5DSr14PmBLlhpY4SagD","baseKeyType":1,"closed":-1,"used":1740353866253,"created":1740353866253,"remoteIdentityKey":"BYhYOdAM/94I1KF9uBOeuxtPJxZL0peJauIirENLZZ8x"},"_chains":{"BXORfRTCkrdLHOxFtxzt6RSotbMaRfruvmi+0kjunxRp":{"chainKey":{"counter":0,"key":"Vd35IeM7MLgFScbINCWQeK+bJK/Z1KPyC6x0Z0s6hMc="},"chainType":1,"messageKeys":{}}},"pendingPreKey":{"signedKeyId":1,"baseKey":"BZq3b6BF3D3Dk7SxfbgLOB7z+5DSr14PmBLlhpY4SagD","preKeyId":7770699}}},"version":"v1"}