{"_sessions":{"BRbEXdZVOFIrMQUUMBg/H46hCQoY7VYPay5D4QKK7sRb":{"registrationId":1124002804,"currentRatchet":{"ephemeralKeyPair":{"pubKey":"BQQieq/PPhBzpkQWiY7Gr1cib3p2u3vW98yOjq1RnMsy","privKey":"QFFJmR/HSq1lIPFDOzsUFegkhZbTRCurU91jjB4pSWU="},"lastRemoteEphemeralKey":"BY0/0ayEjIJWGffhklYQIbZCknzu9J29MDJc47F++swt","previousCounter":0,"rootKey":"9ljalNWf07jd+Hh/tabwYp/+O5gxUWeNL96ajXWMdOI="},"indexInfo":{"baseKey":"BRbEXdZVOFIrMQUUMBg/H46hCQoY7VYPay5D4QKK7sRb","baseKeyType":1,"closed":-1,"used":1740353866966,"created":1740353866966,"remoteIdentityKey":"BeX7X2GXBphRpCSoPeBQc/iA2RiS8+0PKAtzkd/meWhx"},"_chains":{"BQQieq/PPhBzpkQWiY7Gr1cib3p2u3vW98yOjq1RnMsy":{"chainKey":{"counter":0,"key":"7FW0hREVSdlQjJXxKFuJ0SjnolpKWG8lYSNhqrV5KWE="},"chainType":1,"messageKeys":{}}},"pendingPreKey":{"signedKeyId":11,"baseKey":"BRbEXdZVOFIrMQUUMBg/H46hCQoY7VYPay5D4QKK7sRb","preKeyId":10875859}}},"version":"v1"}