{"_sessions":{"BR2dB5fDz1djJ5zUvMfPE1Glq8VR1hrFOaGEDQX+RecX":{"registrationId":2031038678,"currentRatchet":{"ephemeralKeyPair":{"pubKey":"BRbm/GGv0+G8fIqqlJj29FPOMLlPJP4FnLbuTQRTjn9X","privKey":"ILbifSWXXEsqOaCsKWWOXFvZ7bpbHLNyuP4j8vFoonw="},"lastRemoteEphemeralKey":"BXBtVHGKE067mWrwyWHsO+fZDpEaMHyxi8SijachR5ID","previousCounter":0,"rootKey":"tBS9rB28ilsO027mDCG/TFHSrVtL9chxdgtYlmLbEAs="},"indexInfo":{"baseKey":"BR2dB5fDz1djJ5zUvMfPE1Glq8VR1hrFOaGEDQX+RecX","baseKeyType":1,"closed":-1,"used":1740353863957,"created":1740353863957,"remoteIdentityKey":"BblCTmzg2N6zGkC9nn2a8EJYGpj/6+zpiNPzn2GP+wBd"},"_chains":{"BRbm/GGv0+G8fIqqlJj29FPOMLlPJP4FnLbuTQRTjn9X":{"chainKey":{"counter":0,"key":"fmuRY03G6RQ4YjlkbGRuvutGhLRT9Prj04gEOHl47AI="},"chainType":1,"messageKeys":{}}},"pendingPreKey":{"signedKeyId":3,"baseKey":"BR2dB5fDz1djJ5zUvMfPE1Glq8VR1hrFOaGEDQX+RecX","preKeyId":6118109}}},"version":"v1"}