{"_sessions":{"BYYqh6AOAG/OcBoTaZEASGWrik1h0TYNg7bukLdxE1Em":{"registrationId":1808479800,"currentRatchet":{"ephemeralKeyPair":{"pubKey":"BXPAZGAIeH5kbuJNYHgosZ0fKTs3lApkXz6/JArANbMG","privKey":"mNhzkMgjnlodX997yA6BBX9XeS3AKKsF7/b87G1CwUk="},"lastRemoteEphemeralKey":"BYV5n4Lvf4LX92G3K2oP76mQw8hZxE+mQs81TLxOqTIM","previousCounter":0,"rootKey":"V9/IBN9UvES7lhecCM/QKrUNASqC8oNs9osdd2NV+2o="},"indexInfo":{"baseKey":"BYYqh6AOAG/OcBoTaZEASGWrik1h0TYNg7bukLdxE1Em","baseKeyType":1,"closed":-1,"used":1740353866938,"created":1740353866938,"remoteIdentityKey":"BTsZYWRrXVBDlX4MwAC9n95O24AQb44PDTsndgBUhitO"},"_chains":{"BXPAZGAIeH5kbuJNYHgosZ0fKTs3lApkXz6/JArANbMG":{"chainKey":{"counter":0,"key":"2diLwYoqRtuZdQ4ZeshVUQuXD1E/q+hdnPaOaP7TpTk="},"chainType":1,"messageKeys":{}}},"pendingPreKey":{"signedKeyId":0,"baseKey":"BYYqh6AOAG/OcBoTaZEASGWrik1h0TYNg7bukLdxE1Em","preKeyId":15786659}}},"version":"v1"}