{"_sessions":{"BfEeVHnYNxMNBpHXkpA19gJ6bAMyYnm2jgvfgoaUhkB0":{"registrationId":2015590228,"currentRatchet":{"ephemeralKeyPair":{"pubKey":"BaowhsRNnHjYWIXKVZhhyX2C+TTJjuroV0v60kKPwYFr","privKey":"wDyOS5Q65zdzauQAPyY6I52VC7E9eNkowm99K7H5H2c="},"lastRemoteEphemeralKey":"BTd5VPZ2u5XlGml6ia73DoD8MyFDQjLmXAWU5LUZvqQR","previousCounter":3,"rootKey":"orj3F3ponqa1/5j9ZzhJKT7mtWpnI/mG2UbJdo/U4iI="},"indexInfo":{"baseKey":"BfEeVHnYNxMNBpHXkpA19gJ6bAMyYnm2jgvfgoaUhkB0","baseKeyType":2,"closed":-1,"used":1740354557583,"created":1740353815258,"remoteIdentityKey":"BRfXZbycZC946XsuKsOcGyZWV51Yw9iKJWxziGEqpwET"},"_chains":{"BXKhQ5ou7Xd1dA5cES+6CWicYv79euMDTXMTgorKIbYC":{"chainKey":{"counter":1},"chainType":2,"messageKeys":{}},"BWu88ZtIy5IFYNE6VJC5AkX7OowrmeZU81JCFCcOGKhe":{"chainKey":{"counter":5},"chainType":2,"messageKeys":{}},"BcB0KCpn2GdQ5gCtllJRTEJI+TjVrTvNVvxeKC2Prh5j":{"chainKey":{"counter":1},"chainType":2,"messageKeys":{}},"BR6p9kQApCjQlVpp8z/ouklDtJPtbM734ZxcRSnFc6JE":{"chainKey":{"counter":2},"chainType":2,"messageKeys":{}},"BdY6JaVcuP1qrLkzTHTIykGVL/exRD0NmtCcFRJMBVtY":{"chainKey":{"counter":5},"chainType":2,"messageKeys":{}},"BbzAmBQzWg6IBLwMVGcf+/0x2PvX+gWbu7vvRkABRkRI":{"chainKey":{"counter":0},"chainType":2,"messageKeys":{}},"BQ3jRo6+z7JmDWK/2dH+83ipOAO+Yt4XFRCDsBSk3QUh":{"chainKey":{"counter":1},"chainType":2,"messageKeys":{}},"BQQa42ShcBaPNDYkQv29XOV5Gf0VD11I3cZXeMgJYd9M":{"chainKey":{"counter":1},"chainType":2,"messageKeys":{}},"Bca19ftw3qGgI4s0M4FaoMqRI/uVMUtxQgH718zX9tMl":{"chainKey":{"counter":0},"chainType":2,"messageKeys":{}},"BTd5VPZ2u5XlGml6ia73DoD8MyFDQjLmXAWU5LUZvqQR":{"chainKey":{"counter":0,"key":"UsC9AKfVx8of/G8Br1zFJXzZHwPbVqs95EwdWymtTxs="},"chainType":2,"messageKeys":{}},"BaowhsRNnHjYWIXKVZhhyX2C+TTJjuroV0v60kKPwYFr":{"chainKey":{"counter":-1,"key":"ulsHqFv3NDfKN7TK1WXtEp9wNhNUadat5+pgRc/oH5U="},"chainType":1,"messageKeys":{}}}}},"version":"v1"}