{"_sessions":{"BcoonTwOxmWguYrJgj+kjI6A5Vp6BSkNbuwdee1n9zZN":{"registrationId":8426,"currentRatchet":{"ephemeralKeyPair":{"pubKey":"BSuNkbKkO7IXxECpCObk8xHbYLm2M47ch/bjSj0UBbco","privKey":"qHF90sZnqQXjhu5lfVhyxLyM8ej3CwfFX3fExvoL50U="},"lastRemoteEphemeralKey":"BbApVrk8SB6nsksns7yEL8OdaMrPLqZaH5glGneiVSY0","previousCounter":0,"rootKey":"rHNnJZdefHNA5eRHgWRoltvQrYI+cJHLABqnIKxB+yY="},"indexInfo":{"baseKey":"BcoonTwOxmWguYrJgj+kjI6A5Vp6BSkNbuwdee1n9zZN","baseKeyType":1,"closed":-1,"used":1740353863832,"created":1740353863832,"remoteIdentityKey":"BfIQFfghmvapiEIb/8cMJ45DuRnZ7fgtjYZ0+2DpdxUS"},"_chains":{"BSuNkbKkO7IXxECpCObk8xHbYLm2M47ch/bjSj0UBbco":{"chainKey":{"counter":0,"key":"N4ayhxr9e2UDO8nfO14krpKvAKN5kCDVL8R76mUBZuU="},"chainType":1,"messageKeys":{}}},"pendingPreKey":{"signedKeyId":1,"baseKey":"BcoonTwOxmWguYrJgj+kjI6A5Vp6BSkNbuwdee1n9zZN","preKeyId":818}}},"version":"v1"}