{"_sessions":{"BXA1fY4p6Z0fLxo9RF/uSjceA7594Y4E+AJtPmiZ40gH":{"registrationId":1169093529,"currentRatchet":{"ephemeralKeyPair":{"pubKey":"Bd2zKzMxCuQXVgNaQ/30TijVnzAXSASmY45Wz0ugOclt","privKey":"GLrQoeKlIFke5BPHHDc0Fgb8tiTzxR2QY5DgoVwZe3c="},"lastRemoteEphemeralKey":"BVU3pJRkJPpx/nROJrura55PWjul8LrsVQUb92zaMwMh","previousCounter":0,"rootKey":"dA2W9+FnNaEJhIelad3q12wpp+nznokLIoRQhU6UWI4="},"indexInfo":{"baseKey":"BXA1fY4p6Z0fLxo9RF/uSjceA7594Y4E+AJtPmiZ40gH","baseKeyType":1,"closed":-1,"used":1740353864164,"created":1740353864164,"remoteIdentityKey":"BXLxjV+9nx4ifbuUKFbkpMF4m6KzlNnc5L96K3P88QEi"},"_chains":{"Bd2zKzMxCuQXVgNaQ/30TijVnzAXSASmY45Wz0ugOclt":{"chainKey":{"counter":0,"key":"c/S+2/OkDkHUllzCicm+OkwR3x/pI46tOApN9xDwKfo="},"chainType":1,"messageKeys":{}}},"pendingPreKey":{"signedKeyId":34,"baseKey":"BXA1fY4p6Z0fLxo9RF/uSjceA7594Y4E+AJtPmiZ40gH","preKeyId":4725386}}},"version":"v1"}