{"_sessions":{"BTc6DCShTcBltmwtBmnCt5moEc2XADQXWPewwJcq8ilq":{"registrationId":1007360116,"currentRatchet":{"ephemeralKeyPair":{"pubKey":"BcSe9aWVwEcSIgFdpabwcdSkp5JB8MEj0vrnP6j1kq5t","privKey":"gGLyfcmjybDqlevCP1bpc4QQxRnfkEFr+t8vjGgFFHo="},"lastRemoteEphemeralKey":"BbGs1oqIiRHIU5fvYxk4sUYHSijuny/ad1ErWjFkw8Rw","previousCounter":0,"rootKey":"De0JgyXmiTk+uoRD/1TNN0hpHLp+US9gaxlKB80QnXo="},"indexInfo":{"baseKey":"BTc6DCShTcBltmwtBmnCt5moEc2XADQXWPewwJcq8ilq","baseKeyType":1,"closed":-1,"used":1740353866986,"created":1740353866986,"remoteIdentityKey":"BQO4MCHNMjvmekBRVIcJf0+VFeqtQ8kMwh7CPy0CtbQx"},"_chains":{"BcSe9aWVwEcSIgFdpabwcdSkp5JB8MEj0vrnP6j1kq5t":{"chainKey":{"counter":0,"key":"nQrxNVzob3ckJtht94az3aFLlAzUwPVhCn6xCL/TLsY="},"chainType":1,"messageKeys":{}}},"pendingPreKey":{"signedKeyId":10,"baseKey":"BTc6DCShTcBltmwtBmnCt5moEc2XADQXWPewwJcq8ilq","preKeyId":10114372}}},"version":"v1"}