{"_sessions":{"BfQZlj2MeSFWnrVv+F9zePj1N+ueLAVNjpxs/L/0VhZY":{"registrationId":613970848,"currentRatchet":{"ephemeralKeyPair":{"pubKey":"BaL/gZOcUXNZKG9ZFvx7SDNSLwIo8yDGOlDXqS/MjbdF","privKey":"oNBhSLWCM1JoVpaRJBCopZAKecfwsp4y251pkVhv7Hw="},"lastRemoteEphemeralKey":"BSfT/44pCefeGjOiAeltRrgdJ2+TBtV8C+wL4Wdp2qR1","previousCounter":0,"rootKey":"7/jagW33mJ2h9/tAG8E4IwLSgf9fakvQ98ZbGklusB8="},"indexInfo":{"baseKey":"BfQZlj2MeSFWnrVv+F9zePj1N+ueLAVNjpxs/L/0VhZY","baseKeyType":1,"closed":-1,"used":1740353863875,"created":1740353863875,"remoteIdentityKey":"BfHrnZoayOt/rrhBN1VebdIv7w403Ebt8QOw6OOCj4R8"},"_chains":{"BaL/gZOcUXNZKG9ZFvx7SDNSLwIo8yDGOlDXqS/MjbdF":{"chainKey":{"counter":0,"key":"ICJEmettez6I8UrMwAn2354kqZ0QdckD1kshem7TQVE="},"chainType":1,"messageKeys":{}}},"pendingPreKey":{"signedKeyId":3,"baseKey":"BfQZlj2MeSFWnrVv+F9zePj1N+ueLAVNjpxs/L/0VhZY","preKeyId":14470245}}},"version":"v1"}