{"_sessions":{"Be2izQ5WsjXBQ4XRnK6GMbJ6e99ZwlJ96ZC042+uuU9b":{"registrationId":202963254,"currentRatchet":{"ephemeralKeyPair":{"pubKey":"Baz5PXiX+6NzsSJkIqcdmkSBZQYDbGRv/cYBQlA5Ztxn","privKey":"oMtzqx8OLSV2xZkAcCurL5j6ckTRqQOt0u37nS1PX0o="},"lastRemoteEphemeralKey":"BXUxr6KObBKxPWx3TltYWiNzRBh6H1BfzJS/taCsviwY","previousCounter":0,"rootKey":"Szogk1szUwGgsnA0wXUroxwzNDrQ7DldsKuYChqm/u4="},"indexInfo":{"baseKey":"Be2izQ5WsjXBQ4XRnK6GMbJ6e99ZwlJ96ZC042+uuU9b","baseKeyType":1,"closed":-1,"used":1740353866058,"created":1740353866058,"remoteIdentityKey":"BWzPxv2udrwXWMfyRLJQhMQQaOsi4bBnGuM+hRmdGRR0"},"_chains":{"Baz5PXiX+6NzsSJkIqcdmkSBZQYDbGRv/cYBQlA5Ztxn":{"chainKey":{"counter":0,"key":"sO5NAl0+eB0VQsfizCtyhEqMzjVo44MC1KppM8iu4Nw="},"chainType":1,"messageKeys":{}}},"pendingPreKey":{"signedKeyId":8,"baseKey":"Be2izQ5WsjXBQ4XRnK6GMbJ6e99ZwlJ96ZC042+uuU9b","preKeyId":2751125}}},"version":"v1"}