{"_sessions":{"BdngTMeDRsEF25G/aN/4HvC7AUNZeOfmNs+lLHSZlGcv":{"registrationId":578032571,"currentRatchet":{"ephemeralKeyPair":{"pubKey":"BSHrN/krpAb4L6W4JTmWmOKMjRHK0ZkJIQtPRq76UyR4","privKey":"kGgag9tQAtUz5zsHhXTE9QgSg8BHQGs0xMCaCJ9oS2E="},"lastRemoteEphemeralKey":"BQ/ih4oB3D73kHU9QyWF3fWGf18PFDq1abQl4PWjNDQY","previousCounter":0,"rootKey":"BvI9RX2BDy+o8IGGrX2uvbfmv9VXVoE6F4faMYkcOCc="},"indexInfo":{"baseKey":"BdngTMeDRsEF25G/aN/4HvC7AUNZeOfmNs+lLHSZlGcv","baseKeyType":1,"closed":-1,"used":1740353865887,"created":1740353865887,"remoteIdentityKey":"BaEl+cOb9wQwlrU9UhjGuZVtvdEvenE932NFFI11P1RB"},"_chains":{"BSHrN/krpAb4L6W4JTmWmOKMjRHK0ZkJIQtPRq76UyR4":{"chainKey":{"counter":0,"key":"Rxc76+eIrKKdy7I1prEh7RIF767vMn3M1RdxQM3iKH4="},"chainType":1,"messageKeys":{}}},"pendingPreKey":{"signedKeyId":1,"baseKey":"BdngTMeDRsEF25G/aN/4HvC7AUNZeOfmNs+lLHSZlGcv","preKeyId":12811377}}},"version":"v1"}