{"_sessions":{"BcYArIMXb2BFwz54y2HE6JZC159FERbaNKUnjt9XoHkx":{"registrationId":796696500,"currentRatchet":{"ephemeralKeyPair":{"pubKey":"BSWy88O/J/qCiTdT0FEFcUmA3kAnZclKPYWgkPo8yJsq","privKey":"cPFNDi7FoxlKwYqMGzmm3r19wmwpXMYDPcbcyl0Csko="},"lastRemoteEphemeralKey":"BSKne1OkSkNYTohKLT/JIbClk2nlwhgNJdbu2j/04Bl3","previousCounter":0,"rootKey":"+67u/7LawY0CzlypbtrnaUYPgkdxrQXNbSx4akJBkvk="},"indexInfo":{"baseKey":"BcYArIMXb2BFwz54y2HE6JZC159FERbaNKUnjt9XoHkx","baseKeyType":1,"closed":-1,"used":1740353866147,"created":1740353866147,"remoteIdentityKey":"BeuRZkplr9XCjD7/VHgn6FpoefF/8MKdKekXPAcJd9w6"},"_chains":{"BSWy88O/J/qCiTdT0FEFcUmA3kAnZclKPYWgkPo8yJsq":{"chainKey":{"counter":0,"key":"MAnK6BqprNomiSOqNCmv3bPSm3pdPnLbYxtlgHKFzdo="},"chainType":1,"messageKeys":{}}},"pendingPreKey":{"signedKeyId":13,"baseKey":"BcYArIMXb2BFwz54y2HE6JZC159FERbaNKUnjt9XoHkx","preKeyId":16670051}}},"version":"v1"}