{"_sessions":{"BUmJu5ZelnPwKg84lUhfV3k2dxett8ktcmFBDyekwEgY":{"registrationId":30254636,"currentRatchet":{"ephemeralKeyPair":{"pubKey":"BeAFM97nfYav+Obi2ORVUOxTn0VeKRdKpjb83RFZWn0V","privKey":"cLP65DeD0y1UjkUen6MdGIvzn3CkKEBW4i3Y581z3FY="},"lastRemoteEphemeralKey":"BU3riT+1hyqMAZZvIpqbDe2ahBJ/sa/g6f7R7kzrkXVq","previousCounter":0,"rootKey":"TRwK9oK0fXEPW5yH1cnQBfks8zhGPgewwN4ksBH2QLQ="},"indexInfo":{"baseKey":"BUmJu5ZelnPwKg84lUhfV3k2dxett8ktcmFBDyekwEgY","baseKeyType":1,"closed":-1,"used":1740353866266,"created":1740353866266,"remoteIdentityKey":"BX8FdzER/pSsc55Iy8Hou9U6zKJOCOqcbDRXhFv/bxZe"},"_chains":{"BeAFM97nfYav+Obi2ORVUOxTn0VeKRdKpjb83RFZWn0V":{"chainKey":{"counter":0,"key":"WzUEmJhmm3Yq50hYPxdrpg5Bfsq1VaJakLS1jvGXRZI="},"chainType":1,"messageKeys":{}}},"pendingPreKey":{"signedKeyId":1,"baseKey":"BUmJu5ZelnPwKg84lUhfV3k2dxett8ktcmFBDyekwEgY","preKeyId":12229059}}},"version":"v1"}