{"_sessions":{"Ber5epkpE29AoPp9tjEKJQoAB4b0tkQ1a5XFMSJkmXQB":{"registrationId":945498544,"currentRatchet":{"ephemeralKeyPair":{"pubKey":"BQhElChdWuB4DjfuZiv9s4uEHbpItHtHtm59kIn29g8G","privKey":"MNcbbQ5DVPjhUaKYcj42xYxa1oBSCVvPQ/9q1d22RHc="},"lastRemoteEphemeralKey":"BTr9TW2uGNRoofcMmlJ5Hv4EPKuR8Tgq8lTzHjkfpw8Q","previousCounter":0,"rootKey":"/JG1ULSPUn8801epjMAH7Xh/jzEMxNxdrTxlNwNu3Ok="},"indexInfo":{"baseKey":"Ber5epkpE29AoPp9tjEKJQoAB4b0tkQ1a5XFMSJkmXQB","baseKeyType":2,"closed":-1,"used":1740353832644,"created":1740353832644,"remoteIdentityKey":"Bbg9Ts35PftDn3fL0Wlr3MHAsBoQbTOd5UWheA45fcdU"},"_chains":{"BTr9TW2uGNRoofcMmlJ5Hv4EPKuR8Tgq8lTzHjkfpw8Q":{"chainKey":{"counter":1,"key":"sU0ae3WnEM5XIG8tKhSU9oPjjw7rEOBhuy5HnoNOncs="},"chainType":2,"messageKeys":{}},"BQhElChdWuB4DjfuZiv9s4uEHbpItHtHtm59kIn29g8G":{"chainKey":{"counter":-1,"key":"F05E0/dv9ABF1FYyzIS3I8uUBNQLbvWHeRBFbO4Hols="},"chainType":1,"messageKeys":{}}}}},"version":"v1"}