{"_sessions":{"BQxnwwNxVHw5VFFp0uadT8AopTu4eJOYS/x3MkRjc2h7":{"registrationId":121709792,"currentRatchet":{"ephemeralKeyPair":{"pubKey":"BbPKjfNSkGO+QuZxa19ry9LbAgJhZj50qrUm9oJ4zCY2","privKey":"gAT4UtqRW1d+2SMw5XIvSYIParcjyh08CbO/tF0Mwks="},"lastRemoteEphemeralKey":"BamFCJrbj8EUeuuBXO+9kd7MLg9lkZH0DwOGZuIV9p0J","previousCounter":0,"rootKey":"LAglboSHBp5QazzRW0ighWwsNSGDRlwQjLwqvqC6sUo="},"indexInfo":{"baseKey":"BQxnwwNxVHw5VFFp0uadT8AopTu4eJOYS/x3MkRjc2h7","baseKeyType":1,"closed":-1,"used":1740353865858,"created":1740353865858,"remoteIdentityKey":"BVicO9TJ7g7kPsZBtjcajzRqtc1UDPfgOUW6v8bFqaUz"},"_chains":{"BbPKjfNSkGO+QuZxa19ry9LbAgJhZj50qrUm9oJ4zCY2":{"chainKey":{"counter":0,"key":"8KhwUoWfLMflVCqVjkyNJInqjYM1XERUDBUhg/nOFxM="},"chainType":1,"messageKeys":{}}},"pendingPreKey":{"signedKeyId":10,"baseKey":"BQxnwwNxVHw5VFFp0uadT8AopTu4eJOYS/x3MkRjc2h7","preKeyId":5871962}}},"version":"v1"}