{"_sessions":{"BT8g6KHkOjCcr9CTNTWURPWXRGuhF44LgxtO7a8kkkli":{"registrationId":1721850244,"currentRatchet":{"ephemeralKeyPair":{"pubKey":"BXvpAc9a45AJtEgoqB9wG2NPlNvEs6eWerY7i5cWQOBD","privKey":"gBOBJJl/eqJIZ+PQ1Ed5xHbKO+yEs98ZQ+buteieJV0="},"lastRemoteEphemeralKey":"BX/1wcbz+4/iirkxNH0XtTUfxS7rguahCr+bTXUgxTMT","previousCounter":0,"rootKey":"aHTaRqs3Dhg4JyTvTufUG2c1ysqwdh6e13Bey0Wwam8="},"indexInfo":{"baseKey":"BT8g6KHkOjCcr9CTNTWURPWXRGuhF44LgxtO7a8kkkli","baseKeyType":1,"closed":-1,"used":1740353865890,"created":1740353865890,"remoteIdentityKey":"BZ1Nw+fKujOmUG+nbYMhpSrbN7eff3f7puMHek2owkIR"},"_chains":{"BXvpAc9a45AJtEgoqB9wG2NPlNvEs6eWerY7i5cWQOBD":{"chainKey":{"counter":0,"key":"13iIsm50W7WBAKPa1jvez1kYyXKeB+RZ6vCD4iuwaMU="},"chainType":1,"messageKeys":{}}},"pendingPreKey":{"signedKeyId":0,"baseKey":"BT8g6KHkOjCcr9CTNTWURPWXRGuhF44LgxtO7a8kkkli","preKeyId":11803933}}},"version":"v1"}