{"_sessions":{"BSPRLlJwYap8B/glAp3Nc7NjzvMMpBhQIwVwHXl4w5Ex":{"registrationId":298863055,"currentRatchet":{"ephemeralKeyPair":{"pubKey":"BXYcNhtXxzvTe5pKXkR469/KpqpbdnVua1olP5XAsOEd","privKey":"yJpS61kjOhGWseK3yFDIVt9Apq4X9UyhKrlCff8ixGE="},"lastRemoteEphemeralKey":"BU+5gGGDUeKZEwdAACWFcc5bRd6ALz7mmWfXWYgSBOBI","previousCounter":0,"rootKey":"P8+OfWrsHIAhxev3OGdf8hUEX+C1sMmFoO6zYGMbK6w="},"indexInfo":{"baseKey":"BSPRLlJwYap8B/glAp3Nc7NjzvMMpBhQIwVwHXl4w5Ex","baseKeyType":1,"closed":-1,"used":1740353866062,"created":1740353866062,"remoteIdentityKey":"BYPOpAq8BUUTs3ntzum+EtA+73INTNQ+0/svdNdhoEdC"},"_chains":{"BXYcNhtXxzvTe5pKXkR469/KpqpbdnVua1olP5XAsOEd":{"chainKey":{"counter":0,"key":"FmNtPzzN/UeeaPjMOVz02OSvjXbfBR3PeidomJWlDvc="},"chainType":1,"messageKeys":{}}},"pendingPreKey":{"signedKeyId":39,"baseKey":"BSPRLlJwYap8B/glAp3Nc7NjzvMMpBhQIwVwHXl4w5Ex","preKeyId":8715728}}},"version":"v1"}