{"_sessions":{"BY/vrc1F+qpRFlGkVL60L0AA/yZqTtky6vmlax+pFMR4":{"registrationId":1368400691,"currentRatchet":{"ephemeralKeyPair":{"pubKey":"BQ/ovb9EqtV+sSzcXw7E8zGjvXp2uQsGwHv0r0QgHQVZ","privKey":"2OT7x5s8T2ATEEld0a+kda+a65gJK2sI4TMwk/MDzU4="},"lastRemoteEphemeralKey":"Ba4qoEBZmH1MNjAzdVGsnrxjWY/fK9H4xyMv+0XhjoFd","previousCounter":0,"rootKey":"ZCSsrrcPDNk7Sip3LtPi2PwFvjs9GLRv2v/GJMdzw4E="},"indexInfo":{"baseKey":"BY/vrc1F+qpRFlGkVL60L0AA/yZqTtky6vmlax+pFMR4","baseKeyType":1,"closed":-1,"used":1740353864153,"created":1740353864153,"remoteIdentityKey":"BTJtoTGKQC+qT1F0dG7krODRNXbejwYEBqZqgNWUvnoi"},"_chains":{"BQ/ovb9EqtV+sSzcXw7E8zGjvXp2uQsGwHv0r0QgHQVZ":{"chainKey":{"counter":0,"key":"VwX6f4cRUyPUdzZPzWEKsFT4qwaCQnlV90urI8H1E0w="},"chainType":1,"messageKeys":{}}},"pendingPreKey":{"signedKeyId":9,"baseKey":"BY/vrc1F+qpRFlGkVL60L0AA/yZqTtky6vmlax+pFMR4","preKeyId":2895206}}},"version":"v1"}