{"_sessions":{"BYMnd4k6VqNovbtajlDqjd9Asel3/IT3O2LwOb7BSRFY":{"registrationId":1561277005,"currentRatchet":{"ephemeralKeyPair":{"pubKey":"BbJg99nbR1rUXUGvu0gsHpBTMsUHk6q7UZmHs4YiAQs5","privKey":"gKNOOwfg+qf4u1vUl4MP/7c6NHso9foSviOarnF9z3w="},"lastRemoteEphemeralKey":"BcARcTdiSoGRBoy/CiY1fXibsZ8MQglcxOBLsZxmnet1","previousCounter":0,"rootKey":"+4jMSEfRLDGHLjyEQukzfHfCcSbMzq13d4FJuQq0AK0="},"indexInfo":{"baseKey":"BYMnd4k6VqNovbtajlDqjd9Asel3/IT3O2LwOb7BSRFY","baseKeyType":1,"closed":-1,"used":1740353865926,"created":1740353865926,"remoteIdentityKey":"BTQZ+LahsIDC0/7QDTdqOGkzvbQshf2oEIBymKSXDPtu"},"_chains":{"BbJg99nbR1rUXUGvu0gsHpBTMsUHk6q7UZmHs4YiAQs5":{"chainKey":{"counter":0,"key":"efO4f9JPDYpEL2zuAWhXROGg6HM5ATOIWdx/09EYhlY="},"chainType":1,"messageKeys":{}}},"pendingPreKey":{"signedKeyId":46,"baseKey":"BYMnd4k6VqNovbtajlDqjd9Asel3/IT3O2LwOb7BSRFY","preKeyId":3384586}}},"version":"v1"}