{"_sessions":{"BQAoWUSZoOlITAEkgLzSgBUie9EooBMQWAaLCqMaBY1X":{"registrationId":555018975,"currentRatchet":{"ephemeralKeyPair":{"pubKey":"BeUueGT+JAearH13xrlz5A1JQhhaakZPjELEpGkjxg9w","privKey":"GD+106td97T+0LWcSCbE/RYNVZdDSBcPVz1k3F8ozFg="},"lastRemoteEphemeralKey":"BcTszOouHcz1staI+mzaln16yhLdGZicET1rnxXi5v1D","previousCounter":0,"rootKey":"cezQ1eMZwMrXAL9l57aDPubNoLIB/t1YVdQS1ofxXBM="},"indexInfo":{"baseKey":"BQAoWUSZoOlITAEkgLzSgBUie9EooBMQWAaLCqMaBY1X","baseKeyType":2,"closed":-1,"used":1740353921693,"created":1740353921693,"remoteIdentityKey":"BT7GB/VlHOcPVsEbGXaJba7gC28NPX3H4V6z9HzPYnwC"},"_chains":{"BcTszOouHcz1staI+mzaln16yhLdGZicET1rnxXi5v1D":{"chainKey":{"counter":0,"key":"Y0N3nijQ8gfbLHcTrBnj3dWlrZIyLY36/jDCHbEv250="},"chainType":2,"messageKeys":{}},"BeUueGT+JAearH13xrlz5A1JQhhaakZPjELEpGkjxg9w":{"chainKey":{"counter":-1,"key":"a+zEviCY6GFFtUxzWXPa9hqp/+rJhv17FcXFKCE9pqQ="},"chainType":1,"messageKeys":{}}}}},"version":"v1"}