{"_sessions":{"BRGU6qZvCEZPLXSMX/jGedZ7oV/+Ekf+1rxgHhsjD25y":{"registrationId":1618952583,"currentRatchet":{"ephemeralKeyPair":{"pubKey":"BVM+cb1rJoHkEaHOrGyKSkuN/sqxLSs/6CXqcQano1Fr","privKey":"YK0Sc8mRB2EgO9ivDBCf/s/rf5qjWtj2eLzqWZat7Gk="},"lastRemoteEphemeralKey":"BTFAgONShqUZd6Lx3vBBRH4OugZvMe5fbZbo6RPHEZoP","previousCounter":0,"rootKey":"iWHAdJnlBBBSfi4NvndOKFjayJg+ASq9LJI0V1XqOfU="},"indexInfo":{"baseKey":"BRGU6qZvCEZPLXSMX/jGedZ7oV/+Ekf+1rxgHhsjD25y","baseKeyType":1,"closed":-1,"used":1740353866119,"created":1740353866119,"remoteIdentityKey":"BSqy77P2H7UG4JQMF1YaugjpGRT8JORk4n7zrYO7RzMe"},"_chains":{"BVM+cb1rJoHkEaHOrGyKSkuN/sqxLSs/6CXqcQano1Fr":{"chainKey":{"counter":0,"key":"ENRwkI7sJwopYLKdQEJlfiFMmBjz67Rw9+7u7uyeJv4="},"chainType":1,"messageKeys":{}}},"pendingPreKey":{"signedKeyId":34,"baseKey":"BRGU6qZvCEZPLXSMX/jGedZ7oV/+Ekf+1rxgHhsjD25y","preKeyId":8200174}}},"version":"v1"}