{"_sessions":{"Bb9zZ3h0b795hEep1/447sjToJndeTlsevI9Wq/nZrhL":{"registrationId":298484654,"currentRatchet":{"ephemeralKeyPair":{"pubKey":"BUFaeEkXbMZqhqW6OqUjldyaXzkaL/1OCbBcHsQntZMD","privKey":"ACTleNgprZTL2xcJ47l+gewZ+FFZTdiZxXDLGKLqq3g="},"lastRemoteEphemeralKey":"BeXKYGzrJ9iVIPGe8t40z7HKGbKoy00+gqBxwQJmQIlP","previousCounter":0,"rootKey":"1o4cAulnz9YAkDy7k66gggTSpGIhz96QL86voHTF3EI="},"indexInfo":{"baseKey":"Bb9zZ3h0b795hEep1/447sjToJndeTlsevI9Wq/nZrhL","baseKeyType":1,"closed":-1,"used":1740353864094,"created":1740353864094,"remoteIdentityKey":"BaHUndWqNNEmyocBkTJ0JR2WS2hJxpn1olLyEANeRA9L"},"_chains":{"BUFaeEkXbMZqhqW6OqUjldyaXzkaL/1OCbBcHsQntZMD":{"chainKey":{"counter":0,"key":"Ragr3/P+8uc3eNCKLnDRCD+K2FN1i+fSw23V73I+9Q8="},"chainType":1,"messageKeys":{}}},"pendingPreKey":{"signedKeyId":1,"baseKey":"Bb9zZ3h0b795hEep1/447sjToJndeTlsevI9Wq/nZrhL","preKeyId":9133030}}},"version":"v1"}