{"_sessions":{"BVClFBr/ZVLDTqFn6jdd/lZxi9od+ltJxBhkVaABsBgT":{"registrationId":817603674,"currentRatchet":{"ephemeralKeyPair":{"pubKey":"Ba4F6WtO9PE+w51z4Rdt6LhHnC/AWYQacFPy8e8AtHFG","privKey":"UMSNJ6+7kW/H+c+LHaJk4UlEkPwUIYJqiTa3W91Pbl8="},"lastRemoteEphemeralKey":"BWVeCMHL40JjJD1qbGriaRQxOXrGQ6pER5UIrfAaZnNz","previousCounter":0,"rootKey":"Wuyk97wISTPUOJJ84+lXrlDXdaV1F0PU73ZF2TydE40="},"indexInfo":{"baseKey":"BVClFBr/ZVLDTqFn6jdd/lZxi9od+ltJxBhkVaABsBgT","baseKeyType":1,"closed":-1,"used":1740353866941,"created":1740353866941,"remoteIdentityKey":"BaxU6Ly/Gmx728ZQnFuRZ6cAbrdsf23yc8O5QZ4Pg3Yh"},"_chains":{"Ba4F6WtO9PE+w51z4Rdt6LhHnC/AWYQacFPy8e8AtHFG":{"chainKey":{"counter":0,"key":"1GOHfnWN1sSBkZvehBtuF/rKk+u4ufoORuVS1/X7Af8="},"chainType":1,"messageKeys":{}}},"pendingPreKey":{"signedKeyId":3,"baseKey":"BVClFBr/ZVLDTqFn6jdd/lZxi9od+ltJxBhkVaABsBgT","preKeyId":9434995}}},"version":"v1"}