{"_sessions":{"BRmuSxv7axkzfjn249gfx1g9VtXEDZU9OGeebi37nbkD":{"registrationId":738359272,"currentRatchet":{"ephemeralKeyPair":{"pubKey":"BetGve9E/fXk6ccyg7sNJW1Owc3fV4EaioUypT/jKmV3","privKey":"UNkel58u4vfXjyKL8PLQodM5hZnhwgOiUTEsPnbDGGk="},"lastRemoteEphemeralKey":"BbenM+fNWaJIzVrbsjxF9RBuSVuBHk0KUHt9Q8E/r5wH","previousCounter":0,"rootKey":"UuKYlwB8xPlhduI3eh92G4RUhDthg3IeKj0QHkIVjT8="},"indexInfo":{"baseKey":"BRmuSxv7axkzfjn249gfx1g9VtXEDZU9OGeebi37nbkD","baseKeyType":1,"closed":-1,"used":1740353864039,"created":1740353864039,"remoteIdentityKey":"BRKTDl9yLWKXSHiucWKu5fnctGkABKge9wgc0Pbq3N1e"},"_chains":{"BetGve9E/fXk6ccyg7sNJW1Owc3fV4EaioUypT/jKmV3":{"chainKey":{"counter":0,"key":"2MlDZtR3TQSfPlwb7zIZ43iUoPawVfIeySoBpQGujR8="},"chainType":1,"messageKeys":{}}},"pendingPreKey":{"signedKeyId":12,"baseKey":"BRmuSxv7axkzfjn249gfx1g9VtXEDZU9OGeebi37nbkD","preKeyId":10176645}}},"version":"v1"}