{"_sessions":{"BQyL6ce9uX7YCVVTV78RLXbmdJwkfRCuS+NWqCsxYCwa":{"registrationId":282638358,"currentRatchet":{"ephemeralKeyPair":{"pubKey":"BZD1ichxrRnCwQwjtSz1pa8lcu+PwwAhM2qdntlXHXkr","privKey":"qE5ZmSczwzapDwCxpdg7nAEABAk2MCiP59Mu0zj8yUc="},"lastRemoteEphemeralKey":"Be9ih7/p9TYSysTG3x7KlzResx9ndkGPX/4x1tLsoMlO","previousCounter":0,"rootKey":"VyhnbaUQ1GAnOHNvB+h7kEm4/wqVZ0HupblZkfatxeg="},"indexInfo":{"baseKey":"BQyL6ce9uX7YCVVTV78RLXbmdJwkfRCuS+NWqCsxYCwa","baseKeyType":1,"closed":-1,"used":1740353863883,"created":1740353863883,"remoteIdentityKey":"BabOKWNl9pyHX++0VUGxfKBgowtU5ZXkNqZaz7+TdTBI"},"_chains":{"BZD1ichxrRnCwQwjtSz1pa8lcu+PwwAhM2qdntlXHXkr":{"chainKey":{"counter":0,"key":"WfXJlI7a8PiLKLuWR9i4HUjOl6k0Atyn2xKl3KuaMe8="},"chainType":1,"messageKeys":{}}},"pendingPreKey":{"signedKeyId":0,"baseKey":"BQyL6ce9uX7YCVVTV78RLXbmdJwkfRCuS+NWqCsxYCwa","preKeyId":15080464}}},"version":"v1"}