{"_sessions":{"BUesi2Wa+DT+Pwj9EwvM3cEK8YM0aFH7xrff91ld6HEs":{"registrationId":78613028,"currentRatchet":{"ephemeralKeyPair":{"pubKey":"Bb88gueybVl9Ub/+LcysYgvatfDTECt02DB8RbwtIi52","privKey":"GGFCMck3Ceu2hhvEVhL9K8OklSJIhVIlIMn/iFFGrWU="},"lastRemoteEphemeralKey":"Bax6KRcLp+mCfGI6nQev3BxbJNaojuAeU0TJ2LGjbWlR","previousCounter":0,"rootKey":"04l/BAnmAyhkffNI4aNKJVlSRVhPj7Av5Xx08Zizqz4="},"indexInfo":{"baseKey":"BUesi2Wa+DT+Pwj9EwvM3cEK8YM0aFH7xrff91ld6HEs","baseKeyType":1,"closed":-1,"used":1740353866971,"created":1740353866971,"remoteIdentityKey":"BbG4Zuu+kEb7v9wv9yeyrReW09j82yFrhfPC1hzeURU2"},"_chains":{"Bb88gueybVl9Ub/+LcysYgvatfDTECt02DB8RbwtIi52":{"chainKey":{"counter":0,"key":"L3ZafB6ryA3RCQjLBVkR6U1QJCSFaCX3unuEeD4BzqA="},"chainType":1,"messageKeys":{}}},"pendingPreKey":{"signedKeyId":10,"baseKey":"BUesi2Wa+DT+Pwj9EwvM3cEK8YM0aFH7xrff91ld6HEs","preKeyId":7463532}}},"version":"v1"}