{"_sessions":{"Bd5L9y7iqUGWlWS5t9Ajr6D7oRzmZzfvxqfkx5Zoapkv":{"registrationId":977853163,"currentRatchet":{"ephemeralKeyPair":{"pubKey":"BXnQZyJotNKKOfR6fLv64bqdc1NFZrzC/WLX9Ktbw+YC","privKey":"kFkxD6UfrUJPasfpNfFTqT9ORFfirUkABQiq+0OmjVA="},"lastRemoteEphemeralKey":"BdQKqOEwMD4rwx51DC2onc4MTbeLPTjOSuVb1A9ELxoc","previousCounter":0,"rootKey":"apSE9aKGwNv+tfqcpys/KW4zXvr/p0Mv3cSC0zH7llY="},"indexInfo":{"baseKey":"Bd5L9y7iqUGWlWS5t9Ajr6D7oRzmZzfvxqfkx5Zoapkv","baseKeyType":1,"closed":-1,"used":1740353863828,"created":1740353863828,"remoteIdentityKey":"BeDuzvYTQoHby6c2/0a2wDCBbIscYYfcdtwCGc3V3SxW"},"_chains":{"BXnQZyJotNKKOfR6fLv64bqdc1NFZrzC/WLX9Ktbw+YC":{"chainKey":{"counter":0,"key":"ar9G3POznJ5KEh4kGI3sUlkWT48R0kR0GULmC8gYOnc="},"chainType":1,"messageKeys":{}}},"pendingPreKey":{"signedKeyId":1,"baseKey":"Bd5L9y7iqUGWlWS5t9Ajr6D7oRzmZzfvxqfkx5Zoapkv","preKeyId":15345363}}},"version":"v1"}