{"_sessions":{"BYwesHxMlqZcmZ1uIuoVtV+17MA27QLRbmFEIqFVdQUW":{"registrationId":927836754,"currentRatchet":{"ephemeralKeyPair":{"pubKey":"Bbz8Popy8CphkWYpjDGfWycnFzeV6EZL4g2FVQvdhwcp","privKey":"sDnXo6hx+JF/8Htl9GnbdVzqL+VSm2fY56hrsHQnFno="},"lastRemoteEphemeralKey":"BXl7YWGL5wXx7S2mK44XJkbQVVmJAYPHYkeB1D+jINtY","previousCounter":0,"rootKey":"RuJXhglalCsI4gSKNm4hix55vdvY7cP7pyBYr5k5sTE="},"indexInfo":{"baseKey":"BYwesHxMlqZcmZ1uIuoVtV+17MA27QLRbmFEIqFVdQUW","baseKeyType":1,"closed":-1,"used":1740353867037,"created":1740353867037,"remoteIdentityKey":"BU4u4A8Dp9IYvsMFWWxNmwT6SD+Gkuc9t0KcQugkuaQu"},"_chains":{"Bbz8Popy8CphkWYpjDGfWycnFzeV6EZL4g2FVQvdhwcp":{"chainKey":{"counter":0,"key":"rOoqDIB/sdvlRfU/Ez/kSy0D8iNj70tG0VWcFRYeJYA="},"chainType":1,"messageKeys":{}}},"pendingPreKey":{"signedKeyId":8,"baseKey":"BYwesHxMlqZcmZ1uIuoVtV+17MA27QLRbmFEIqFVdQUW","preKeyId":6606977}}},"version":"v1"}