{"_sessions":{"Bdsv+sWrXsL1WNbivnRVwjuyt/8NkHowEX0eFqt3SNpc":{"registrationId":1623536758,"currentRatchet":{"ephemeralKeyPair":{"pubKey":"BcHiF6WtvLBxoN70kzmOyun/1yXNvK9izY+vrvNdf+FT","privKey":"GA6J90IslQ+v0GRKEZLV8FLaoGsh5wnaXlP+GsAM2Wc="},"lastRemoteEphemeralKey":"BVlGgwqRMy0/JBypW0ACfkx/E5nphHKwflf4fhaBkD8l","previousCounter":0,"rootKey":"GllKR1p0VuiFQAsXMZ7OO57CPSTCWc7srwqrTEodNCg="},"indexInfo":{"baseKey":"Bdsv+sWrXsL1WNbivnRVwjuyt/8NkHowEX0eFqt3SNpc","baseKeyType":1,"closed":-1,"used":1740353864143,"created":1740353864143,"remoteIdentityKey":"BQWKSVlgur5UbUzGQQNyoW6LTnnoDUTeKFE+ML8CQetb"},"_chains":{"BcHiF6WtvLBxoN70kzmOyun/1yXNvK9izY+vrvNdf+FT":{"chainKey":{"counter":0,"key":"mAW4vfDFXCESBUviB8r9HDs6DKMVTeHJU/icX58swlk="},"chainType":1,"messageKeys":{}}},"pendingPreKey":{"signedKeyId":2,"baseKey":"Bdsv+sWrXsL1WNbivnRVwjuyt/8NkHowEX0eFqt3SNpc","preKeyId":2553740}}},"version":"v1"}