{"_sessions":{"BQT3RtxsnmBGmopVnXH6Ogh31nkAQcG8HXsa6cbCrVIi":{"registrationId":1063894418,"currentRatchet":{"ephemeralKeyPair":{"pubKey":"BWsW51jce69BQEBchJcrlwaIFdInnnRWh+uoEnrhEOZy","privKey":"+P5kQO/DGCmaZE8qF4F0bU3c9U6le28p4dzikeAXoWk="},"lastRemoteEphemeralKey":"BZKOiFEl5SzCKWFgrXFrG/qc2AtsQu+Tjc3zpDMY591P","previousCounter":0,"rootKey":"3ls554K4ObkGZ6jL8YCMXSydwvWYxZtwXMVMAMnLkBQ="},"indexInfo":{"baseKey":"BQT3RtxsnmBGmopVnXH6Ogh31nkAQcG8HXsa6cbCrVIi","baseKeyType":1,"closed":-1,"used":1740353866173,"created":1740353866173,"remoteIdentityKey":"BbRPpAMCtDyjCmNdg3owmnCc5RquGK34BefpccSZ3gor"},"_chains":{"BWsW51jce69BQEBchJcrlwaIFdInnnRWh+uoEnrhEOZy":{"chainKey":{"counter":0,"key":"z26VhbAtvgChr7HwKk/rviDEfDFF+bE8uCTGhKTndS0="},"chainType":1,"messageKeys":{}}},"pendingPreKey":{"signedKeyId":0,"baseKey":"BQT3RtxsnmBGmopVnXH6Ogh31nkAQcG8HXsa6cbCrVIi","preKeyId":16539572}}},"version":"v1"}