{"_sessions":{"BW3k8P5y5Ox7mU8JbYNTxHbLca5svRbpihmwAP6LoBN7":{"registrationId":1509608061,"currentRatchet":{"ephemeralKeyPair":{"pubKey":"BendMcw7M8FG2j2I5l8MOzBL+3uTnnKdzND8nPxq+Jsz","privKey":"uKrcTTKoYPtSUroWfumShf6L1cl8/uars3MuW5k9D0w="},"lastRemoteEphemeralKey":"Bfditd5uBYYrUGFSl22jeyxnk2jScW1qhKW5CwsvsVEC","previousCounter":0,"rootKey":"FpioU06NwlY+HHf48sAwIeuuvnbgCy3vDB/jh4OOqAc="},"indexInfo":{"baseKey":"BW3k8P5y5Ox7mU8JbYNTxHbLca5svRbpihmwAP6LoBN7","baseKeyType":2,"closed":-1,"used":1740353873995,"created":1740353873995,"remoteIdentityKey":"BSFgXd0DwZuyjISEpeDvNRTj96V1b9ho2EnVNUXkRMdQ"},"_chains":{"Bfditd5uBYYrUGFSl22jeyxnk2jScW1qhKW5CwsvsVEC":{"chainKey":{"counter":0,"key":"4p/U12ZVJhbQocjuntRldERqYmxllyiMVKg+PPlWSyU="},"chainType":2,"messageKeys":{}},"BendMcw7M8FG2j2I5l8MOzBL+3uTnnKdzND8nPxq+Jsz":{"chainKey":{"counter":-1,"key":"Nf8qb3JUpYGqK5hKTtttvvKchaq7th8HKeEIovG1+z0="},"chainType":1,"messageKeys":{}}}}},"version":"v1"}