{"_sessions":{"BeRkawOxbR4OKsMaOh/Bvqu0DLcj2u62qeLmCUkuix4S":{"registrationId":52929274,"currentRatchet":{"ephemeralKeyPair":{"pubKey":"BfFKlKbX1NuVhLMuflKwvJ0pBUpCzTUIGGQ1fTsZH2hd","privKey":"CEKSaj56fu6duqsVnxKQ02swV/C769oPZiRlqho3mkI="},"lastRemoteEphemeralKey":"Bbzljwd0IlSP+kBHHnOW5Z+wMHoNjaFq2TAyGDVCzmE7","previousCounter":0,"rootKey":"b8aPlCSz6Yn8hveJc59VKW12yEf3C3vuubbEuUuqacE="},"indexInfo":{"baseKey":"BeRkawOxbR4OKsMaOh/Bvqu0DLcj2u62qeLmCUkuix4S","baseKeyType":2,"closed":-1,"used":1740354238282,"created":1740354238282,"remoteIdentityKey":"BXxE5YRnTJd/lPoLmKYmIgfLuM980jgO7dXWb3kccfFp"},"_chains":{"Bbzljwd0IlSP+kBHHnOW5Z+wMHoNjaFq2TAyGDVCzmE7":{"chainKey":{"counter":0,"key":"PhVjd7F8xb7cWd1Gc586zdI8XzuAUWzsHsHGUi+MU5M="},"chainType":2,"messageKeys":{}},"BfFKlKbX1NuVhLMuflKwvJ0pBUpCzTUIGGQ1fTsZH2hd":{"chainKey":{"counter":-1,"key":"Zv/nQgHlZBS+YZik283QFLNTT7DAtRN/lsZckeeSt94="},"chainType":1,"messageKeys":{}}}}},"version":"v1"}