{"_sessions":{"BTeA92ubzjSWH5MBkAObr+iM2p/i5VIkhpVwl/ugHVcQ":{"registrationId":1405123442,"currentRatchet":{"ephemeralKeyPair":{"pubKey":"BemCx3xIwHp1jjYHbq0Pcz+RSQtU33cle1mFHvcebvlu","privKey":"kPfB6V+4OH0nrZ/gR9DdV0lMrDhOxU5n2vckZnujinw="},"lastRemoteEphemeralKey":"BYuzxN4z5E3FWPtGrOvlHCGtbXVAxYZwsvnI8U91tlNE","previousCounter":0,"rootKey":"w0IPXNYUb49jycN8pFrJyXO6L40+pafEV9c17p7DWiw="},"indexInfo":{"baseKey":"BTeA92ubzjSWH5MBkAObr+iM2p/i5VIkhpVwl/ugHVcQ","baseKeyType":1,"closed":-1,"used":1740353865870,"created":1740353865870,"remoteIdentityKey":"BXl8Dg01TMCSEwuGpNx2FAzTuPDyY/3nKDRg+UHDJ7VC"},"_chains":{"BemCx3xIwHp1jjYHbq0Pcz+RSQtU33cle1mFHvcebvlu":{"chainKey":{"counter":0,"key":"oWkPx2t4eJzkauKYtaTeohqpKbvj4c3+B0vBj6PBRLs="},"chainType":1,"messageKeys":{}}},"pendingPreKey":{"signedKeyId":0,"baseKey":"BTeA92ubzjSWH5MBkAObr+iM2p/i5VIkhpVwl/ugHVcQ","preKeyId":15287465}}},"version":"v1"}