{"_sessions":{"BQ388aNDhBvsn/mCtAertQNcE2/fN27KisFOGs9msSlc":{"registrationId":193,"currentRatchet":{"ephemeralKeyPair":{"pubKey":"BUZPCbvmO3ydPKk7Grzvm95trZEMHGixovU/+SpL4HRA","privKey":"IM6IqW1tVNZzKcxQ0Tvq/Ourg5zmvSRBr8J9Xvdb0Vc="},"lastRemoteEphemeralKey":"BUyxitP5oKgJFCYn9FY4ny7Whw51hcAXnXoYV31X+ihC","previousCounter":0,"rootKey":"7tZBPmwdRPRdiDwUk9HhHjRn0Oe2dfo2yVfQA48hN5s="},"indexInfo":{"baseKey":"BQ388aNDhBvsn/mCtAertQNcE2/fN27KisFOGs9msSlc","baseKeyType":2,"closed":-1,"used":1740353927381,"created":1740353927381,"remoteIdentityKey":"BQvokoofxqbUTFn0Hw45Nw0SBlBVunDId0v7MgAYzm4V"},"_chains":{"BUyxitP5oKgJFCYn9FY4ny7Whw51hcAXnXoYV31X+ihC":{"chainKey":{"counter":0,"key":"+ZEDNiRHGTK7b31t5NenloM7FdldYTg4oDDuGfJEPNU="},"chainType":2,"messageKeys":{}},"BUZPCbvmO3ydPKk7Grzvm95trZEMHGixovU/+SpL4HRA":{"chainKey":{"counter":-1,"key":"YxMGbadQy+Bz6+SU20OhJd7p8e8SNBZzmJGCmGoXUDc="},"chainType":1,"messageKeys":{}}}}},"version":"v1"}