{"_sessions":{"BRXzSgQnIfDcdjHRFMRAy7wzJGOpf7oDEPmM86DCeuNT":{"registrationId":7107,"currentRatchet":{"ephemeralKeyPair":{"pubKey":"Ba6WPiE+1tBzeZs3u51dtDjdVWm96oeLVEisjyUKgnEG","privKey":"QDWCmc3il6Xd7MsNXs1UM8HfDjuOzBI4cRETjF83Oks="},"lastRemoteEphemeralKey":"BWt8Ek1ZNYaO8QPp6Rb68pV88MhhPsVgs1nG3iLR7n0N","previousCounter":0,"rootKey":"1vR1WLWDxxeMX7hzlATP7m9Gr7+ArkM2scyrtLDp0do="},"indexInfo":{"baseKey":"BRXzSgQnIfDcdjHRFMRAy7wzJGOpf7oDEPmM86DCeuNT","baseKeyType":1,"closed":-1,"used":1740353863839,"created":1740353863839,"remoteIdentityKey":"BfpRp5XA3WpbXsUm/RU5gEsgpFNuMhk1VYCsMbo0cKRO"},"_chains":{"Ba6WPiE+1tBzeZs3u51dtDjdVWm96oeLVEisjyUKgnEG":{"chainKey":{"counter":0,"key":"PXdXIZbH7zh3H8QyHM+n+548QHeq8IOv9fM7uftt6EQ="},"chainType":1,"messageKeys":{}}},"pendingPreKey":{"signedKeyId":1,"baseKey":"BRXzSgQnIfDcdjHRFMRAy7wzJGOpf7oDEPmM86DCeuNT"}}},"version":"v1"}