{"_sessions":{"BbkvYKhp3KeMPvcg0dNuVFxE55MBtHxiY59Eei7d0V4m":{"registrationId":1319657351,"currentRatchet":{"ephemeralKeyPair":{"pubKey":"BcKTBEyVIpL2dokhu+sMxg320l/WNVtsm5yu98ZBa1AL","privKey":"iIFjz1tLSrqhAFckAhcgooOXUDV4F5AalXyhPdIq9lc="},"lastRemoteEphemeralKey":"BcZhAAW9AHXtOcEf+Zxi8kcp0TZQKI06OiY2ol/0VCxl","previousCounter":0,"rootKey":"c6GUNK4CPDmEqbXPOk1v+CW+oJfejM9YFUNxpOJ3XsI="},"indexInfo":{"baseKey":"BbkvYKhp3KeMPvcg0dNuVFxE55MBtHxiY59Eei7d0V4m","baseKeyType":1,"closed":-1,"used":1740353864123,"created":1740353864123,"remoteIdentityKey":"BfJKKxgCoRFeRpSC/MXS3uZWIpcJ+5jhHs/zluW2HDNE"},"_chains":{"BcKTBEyVIpL2dokhu+sMxg320l/WNVtsm5yu98ZBa1AL":{"chainKey":{"counter":0,"key":"R+hzlfx5SD9MJtQ58jTkDbSB6bLDNrYszjVlpN3qp4I="},"chainType":1,"messageKeys":{}}},"pendingPreKey":{"signedKeyId":14,"baseKey":"BbkvYKhp3KeMPvcg0dNuVFxE55MBtHxiY59Eei7d0V4m","preKeyId":4836414}}},"version":"v1"}