{"_sessions":{"BeARL9qXEKQyKe30PUULPLo17WlJNWzbBWDwGApMHlsr":{"registrationId":1519548126,"currentRatchet":{"ephemeralKeyPair":{"pubKey":"BaHMdlAXjeOJQRqQCjU/cxbN0QWrKTnPyGwy9bpe4t02","privKey":"eE7MvL/fK52Pmr/8H4/7XM596R7rnbfIL2NMINVJgF8="},"lastRemoteEphemeralKey":"Bcm/GDXWfTeJgV797xWOOzGUr5xYa+oSxRGloSTs+qpv","previousCounter":0,"rootKey":"AEmC873/YVNx/5td1D86Iu1DN0n822YMdxdh3CryrBc="},"indexInfo":{"baseKey":"BeARL9qXEKQyKe30PUULPLo17WlJNWzbBWDwGApMHlsr","baseKeyType":1,"closed":-1,"used":1740353863951,"created":1740353863951,"remoteIdentityKey":"BZc/3aPczmk/ZRO7aQVcCQASXvoe+8YR8Enrcx/FZqpP"},"_chains":{"BaHMdlAXjeOJQRqQCjU/cxbN0QWrKTnPyGwy9bpe4t02":{"chainKey":{"counter":0,"key":"UWEwKLfN9xmwJxTgSsN04vRgtuYLlMmWRdWzYt49vLM="},"chainType":1,"messageKeys":{}}},"pendingPreKey":{"signedKeyId":7,"baseKey":"BeARL9qXEKQyKe30PUULPLo17WlJNWzbBWDwGApMHlsr","preKeyId":6598420}}},"version":"v1"}