{"_sessions":{"BV0cYhdFe93UHFh9o/B77Yn8t+HmzRu1Q+RHeHyIKfhI":{"registrationId":56,"currentRatchet":{"ephemeralKeyPair":{"pubKey":"BeHOVXxiLiBMo1o5k7zqb4H+UuDNc93YZK7MI2k3Gqcf","privKey":"SGB+/OsJaO4v6YChW61vMdhO6KSi+zbL5hLoL5twfHk="},"lastRemoteEphemeralKey":"BYLC9GPwOrvGPbNvD0gDtDczw9Mt8BWBUxVCp3IkP110","previousCounter":0,"rootKey":"ckMHwEmmzSvQD3GxGgTORfKAHPvyerXBWu/bWwmw2uk="},"indexInfo":{"baseKey":"BV0cYhdFe93UHFh9o/B77Yn8t+HmzRu1Q+RHeHyIKfhI","baseKeyType":2,"closed":-1,"used":1740353968061,"created":1740353968061,"remoteIdentityKey":"BaK87XdqYtuGeO43jpVBavpdAXMAuKtpB64Vm5Y0aUl/"},"_chains":{"BYLC9GPwOrvGPbNvD0gDtDczw9Mt8BWBUxVCp3IkP110":{"chainKey":{"counter":1,"key":"CQj8AUJTvG9mFxipW20Vt3vkQLnPcVV29HNujQNedNU="},"chainType":2,"messageKeys":{}},"BeHOVXxiLiBMo1o5k7zqb4H+UuDNc93YZK7MI2k3Gqcf":{"chainKey":{"counter":-1,"key":"8JHrjTpOZBG+0r9qDnsvqdMVhFVkgRdK/KrpJTIOetY="},"chainType":1,"messageKeys":{}}}}},"version":"v1"}