{"_sessions":{"BX4iaVja6COsHFFqG7Jcqbjb/j2JHm+EMesM76bI7pFF":{"registrationId":2130591461,"currentRatchet":{"ephemeralKeyPair":{"pubKey":"BRjJpEHubAHqQU/ZFup/BCbCLAYZAEVZBuxPnOVWXkYJ","privKey":"uGgV8Ww9SXi48yLK3VJwgdwsTl+B3kfOtMoYywhOTn8="},"lastRemoteEphemeralKey":"BZGJ4wLZ5BF20KFf8E450mvyiwPHj06osSpkTcyJiCBL","previousCounter":0,"rootKey":"AA1GCStgNeo3+en6RYxIHuY4Qbl6d7/McmN0rNvJins="},"indexInfo":{"baseKey":"BX4iaVja6COsHFFqG7Jcqbjb/j2JHm+EMesM76bI7pFF","baseKeyType":1,"closed":-1,"used":1740353865879,"created":1740353865879,"remoteIdentityKey":"BXzAYKOS7DEFk164NgnjoASEnlwzb+f2FIy7itMNe4oE"},"_chains":{"BRjJpEHubAHqQU/ZFup/BCbCLAYZAEVZBuxPnOVWXkYJ":{"chainKey":{"counter":0,"key":"6oXB3k4lEQYkuXQMWiL4/VanjP/v8sjT4P03H+3/zMg="},"chainType":1,"messageKeys":{}}},"pendingPreKey":{"signedKeyId":2,"baseKey":"BX4iaVja6COsHFFqG7Jcqbjb/j2JHm+EMesM76bI7pFF","preKeyId":4167234}}},"version":"v1"}