{"_sessions":{"BeBc91wnpg39Q8viloGNUG+/muBU6Y85YZqC3Mw8dYUi":{"registrationId":1508602363,"currentRatchet":{"ephemeralKeyPair":{"pubKey":"BaDvEVM28nvs0RCGJqubHDCTxqEDEnKEddMbhsX9sgYF","privKey":"0A5+6iERldVuI/S5k0ysVE78zuiwpNqPtmJnMQtEp3Y="},"lastRemoteEphemeralKey":"BagyJ0ccCUVQJyN2MAMyDz4+1EU9oosoi6aXcd7pwXtC","previousCounter":0,"rootKey":"PdcoaZP1dGmw525sc5w6u0Bp4ynAf0r+m9lqfxyOyVA="},"indexInfo":{"baseKey":"BeBc91wnpg39Q8viloGNUG+/muBU6Y85YZqC3Mw8dYUi","baseKeyType":1,"closed":-1,"used":1740353864046,"created":1740353864046,"remoteIdentityKey":"BUBzPC1EtKjh2IZ5SRaZaLRtd85upo0X2+dhxGatJ2g7"},"_chains":{"BaDvEVM28nvs0RCGJqubHDCTxqEDEnKEddMbhsX9sgYF":{"chainKey":{"counter":0,"key":"5kDUnY0V0nYDW4on97TkwKmPwtQb4K2jIR2z2GB+v14="},"chainType":1,"messageKeys":{}}},"pendingPreKey":{"signedKeyId":3,"baseKey":"BeBc91wnpg39Q8viloGNUG+/muBU6Y85YZqC3Mw8dYUi","preKeyId":15932579}}},"version":"v1"}