{"_sessions":{"BTqHHMYUXHiK7tu/JOGKHlGl7UgZVdWYcSXYST6OruoK":{"registrationId":1011332584,"currentRatchet":{"ephemeralKeyPair":{"pubKey":"BWJV6QJD8pP5gEGqnnnvYLcJYAvSPGdPeb2YCiMRA3Mu","privKey":"mEf5AwKn8Z1dVGCzQBufmGKvPhREl2LaZCYTRcMmtHQ="},"lastRemoteEphemeralKey":"BXRuvT8zzgZpP2lvz2eS3tHwPkcDA2gRMRNIfI3mnN0f","previousCounter":0,"rootKey":"S+RhsVIP0BYySQyD9BB2K86uiy4yZv5V1zzOc8q1f3Y="},"indexInfo":{"baseKey":"BTqHHMYUXHiK7tu/JOGKHlGl7UgZVdWYcSXYST6OruoK","baseKeyType":1,"closed":-1,"used":1740353864035,"created":1740353864035,"remoteIdentityKey":"BWqa5IwOsaaE51CKoXpHF+XLwdR084xoJBM6qTcB+coJ"},"_chains":{"BWJV6QJD8pP5gEGqnnnvYLcJYAvSPGdPeb2YCiMRA3Mu":{"chainKey":{"counter":0,"key":"o1PKUt+PeQIW9cc0z7ML0AkI5kGsAFhHzM/ISxmD7bA="},"chainType":1,"messageKeys":{}}},"pendingPreKey":{"signedKeyId":1,"baseKey":"BTqHHMYUXHiK7tu/JOGKHlGl7UgZVdWYcSXYST6OruoK","preKeyId":1998196}}},"version":"v1"}