{"_sessions":{"BaVD7DtAyvQQJNg8Hvz6aXzBs+LEB8raGO1XduCuoOQW":{"registrationId":1847453507,"currentRatchet":{"ephemeralKeyPair":{"pubKey":"BRY9ueUGvpPjwSayI1X9DPGO25J6XC9qcLuZyIxHUTgl","privKey":"KLGeJjVRbi5ZXJ7tjRxuMYwn/yuhztsMGD1RKrvmbEc="},"lastRemoteEphemeralKey":"BUCa2G4L5d9zlZZ0NEvXuWs8/2wHK8dm8LweYudjUAsV","previousCounter":0,"rootKey":"/+0NUGIlHmUXgQ1BuX+/uY1UswS/+9EYEi6vzAaMfJc="},"indexInfo":{"baseKey":"BaVD7DtAyvQQJNg8Hvz6aXzBs+LEB8raGO1XduCuoOQW","baseKeyType":1,"closed":-1,"used":1740353863997,"created":1740353863997,"remoteIdentityKey":"BTwuvx8u7+h4tm95rduQiTmj84WN3HQOF4XV2jlHYqp7"},"_chains":{"BRY9ueUGvpPjwSayI1X9DPGO25J6XC9qcLuZyIxHUTgl":{"chainKey":{"counter":0,"key":"sdutAr2K58wyMTPeA7Wc67nikdXeb5lQBaw2H2dipOQ="},"chainType":1,"messageKeys":{}}},"pendingPreKey":{"signedKeyId":0,"baseKey":"BaVD7DtAyvQQJNg8Hvz6aXzBs+LEB8raGO1XduCuoOQW","preKeyId":5818576}}},"version":"v1"}