{"_sessions":{"BXA6/Mkozfzn+btWsPTkR7snTX+MkMZ6PJKQ6pX1RzhB":{"registrationId":1247811369,"currentRatchet":{"ephemeralKeyPair":{"pubKey":"BX31DNKPa8RXrtoAUq/XZwvxb53wRY9itFucOhvCpvEr","privKey":"SELtcBn6FPVMsGK9j/xZg/8hjCQf9hiViYRZAGf+s18="},"lastRemoteEphemeralKey":"BVM3NxBg4sxKxyGGsdpcGhhk3dkG5ka3BWnPa5OmIAx9","previousCounter":0,"rootKey":"dtwMBiEzhfcySzxUFXkToF1D/+gIx1v6Q7GypmvPOJk="},"indexInfo":{"baseKey":"BXA6/Mkozfzn+btWsPTkR7snTX+MkMZ6PJKQ6pX1RzhB","baseKeyType":1,"closed":-1,"used":1740353866065,"created":1740353866065,"remoteIdentityKey":"BfVeV32a4fmyZgonQb7Uxkz2AM9gX8ltZ/JXiXr4fPVj"},"_chains":{"BX31DNKPa8RXrtoAUq/XZwvxb53wRY9itFucOhvCpvEr":{"chainKey":{"counter":0,"key":"HmaCQ39aEHzTOf0vCyP08ylffrTIVDJ6aM2fQdAdB9U="},"chainType":1,"messageKeys":{}}},"pendingPreKey":{"signedKeyId":11,"baseKey":"BXA6/Mkozfzn+btWsPTkR7snTX+MkMZ6PJKQ6pX1RzhB","preKeyId":16155727}}},"version":"v1"}