{"_sessions":{"BYiCRaScOIO9fbK502V0KslgBeyMchQIJmNAwIH0xiFo":{"registrationId":541203583,"currentRatchet":{"ephemeralKeyPair":{"pubKey":"BaoeSVIQuPOgSYmnNxyQgVwloEfjpVIidwtSoA+IEE0T","privKey":"yPRXGKa3Wr2Jt4TRGhYIMbgvJ+ISeqTem/ggLo2okkE="},"lastRemoteEphemeralKey":"BaeVPpZNi7VqIHmefsYp/OE47UzUvtV+2B7R8TAVSZcZ","previousCounter":0,"rootKey":"IcP+sIYUwuq+WfxWo3W/jlnzT4UkxVqVlO4XUL1KIQY="},"indexInfo":{"baseKey":"BYiCRaScOIO9fbK502V0KslgBeyMchQIJmNAwIH0xiFo","baseKeyType":1,"closed":-1,"used":1740353867009,"created":1740353867009,"remoteIdentityKey":"BSy/pf3R5cDVigJo/jYmEgkDH0tpq6Nfo0gDLv3WgZ47"},"_chains":{"BaoeSVIQuPOgSYmnNxyQgVwloEfjpVIidwtSoA+IEE0T":{"chainKey":{"counter":0,"key":"G/3H8BqqC6yJi/MTgB6/VRD2mEFP+CHFon8+5BpGxN8="},"chainType":1,"messageKeys":{}}},"pendingPreKey":{"signedKeyId":2,"baseKey":"BYiCRaScOIO9fbK502V0KslgBeyMchQIJmNAwIH0xiFo","preKeyId":2865665}}},"version":"v1"}