{"_sessions":{"BZXoi52I9yXnaFZIztHaOii/EGQ3oCH0WKWoAikrjTEU":{"registrationId":1298318117,"currentRatchet":{"ephemeralKeyPair":{"pubKey":"BSkKiw1chJgT8Gub7FcF5TAc272zUgbB+Uyaf8VLlYpB","privKey":"AN0c/YWxMgQ4LuzpgTpQHBWg2/+FeotBbpaWiSB0MUI="},"lastRemoteEphemeralKey":"BV59qe2M62cLKd2U0ipIZHZJElTwbm0F75utFfPWA3Q/","previousCounter":0,"rootKey":"e+PQ2HTf7b0OigycywIy9ITiuHoqUlzv6f7gx+AnCtQ="},"indexInfo":{"baseKey":"BZXoi52I9yXnaFZIztHaOii/EGQ3oCH0WKWoAikrjTEU","baseKeyType":1,"closed":-1,"used":1740353863919,"created":1740353863919,"remoteIdentityKey":"BfcRbLELrDI3l2z83+mYk6Bz99jdiiYMZBr/NTv+4fgR"},"_chains":{"BSkKiw1chJgT8Gub7FcF5TAc272zUgbB+Uyaf8VLlYpB":{"chainKey":{"counter":0,"key":"Z/c2ZMa3umerhsSyEuKmXv20z7R6CPMicR+DtA1ppa0="},"chainType":1,"messageKeys":{}}},"pendingPreKey":{"signedKeyId":46,"baseKey":"BZXoi52I9yXnaFZIztHaOii/EGQ3oCH0WKWoAikrjTEU","preKeyId":8303566}}},"version":"v1"}