{"_sessions":{"BbuU5TtLrRcEFQtMAFDUfI0D3CGsOkgyNWR3SxUHp45C":{"registrationId":911234758,"currentRatchet":{"ephemeralKeyPair":{"pubKey":"BaUgG3O1DD7/qGbWorkSuZlPO9MPKCHLdYZS7o/mN4lx","privKey":"kDMp3F2DGLWJ7Upq5Vhg7biMzZshwHx8XkD9adybp28="},"lastRemoteEphemeralKey":"Bd2/lSZkRJOBKfiiwwsxoA6HavtCJc4y+t80gACrAyBg","previousCounter":0,"rootKey":"Nu154LC7wmSoRplC3lWNaQSemB7jtcBvuEvrGYwtW1k="},"indexInfo":{"baseKey":"BbuU5TtLrRcEFQtMAFDUfI0D3CGsOkgyNWR3SxUHp45C","baseKeyType":1,"closed":-1,"used":1740353865988,"created":1740353865988,"remoteIdentityKey":"BRE0USR8LfPxdKD12qUIK/N2nmUY5pyWIQQfZiIWu958"},"_chains":{"BaUgG3O1DD7/qGbWorkSuZlPO9MPKCHLdYZS7o/mN4lx":{"chainKey":{"counter":0,"key":"G65bxdATqzJ8IUZU5CD39Ps2ONKZmnSp4id+u6GgvdU="},"chainType":1,"messageKeys":{}}},"pendingPreKey":{"signedKeyId":50,"baseKey":"BbuU5TtLrRcEFQtMAFDUfI0D3CGsOkgyNWR3SxUHp45C","preKeyId":3669953}}},"version":"v1"}