{"_sessions":{"BSaTvF23hieo8o/knTDv6k1BIoysaoD7LVACGKocLAd8":{"registrationId":2145141998,"currentRatchet":{"ephemeralKeyPair":{"pubKey":"BX3RJYooXQN8NKHarN4+r6AwVDnXSMhgrxaiYp+i6nRQ","privKey":"GISoOujPmPLJOcYCPh46il/NI98VjrOuGjiA0d78s0g="},"lastRemoteEphemeralKey":"BXUBZpw2mM7qPbIfPvYxYPRMg9H3jr6NS5+CDZd1nxwB","previousCounter":0,"rootKey":"rmV4z145Lfcpd/+g4pezqL1sDcuz5YhGu0zbCYRbAZU="},"indexInfo":{"baseKey":"BSaTvF23hieo8o/knTDv6k1BIoysaoD7LVACGKocLAd8","baseKeyType":1,"closed":-1,"used":1740353866050,"created":1740353866050,"remoteIdentityKey":"BTgN1hkVp7DS8KXm6mFFqz8GriSN3b9nBQNmwtUkt2MA"},"_chains":{"BX3RJYooXQN8NKHarN4+r6AwVDnXSMhgrxaiYp+i6nRQ":{"chainKey":{"counter":0,"key":"Uv7auPdiS/Y1iabmh8MsqONsZVA2B1OKrPrB1S9xzJY="},"chainType":1,"messageKeys":{}}},"pendingPreKey":{"signedKeyId":2,"baseKey":"BSaTvF23hieo8o/knTDv6k1BIoysaoD7LVACGKocLAd8","preKeyId":16161768}}},"version":"v1"}