{"_sessions":{"BaKWd74vAqYXaPPIIIztfcuM/oybRgtdMMl7CtvwKTU9":{"registrationId":2065781304,"currentRatchet":{"ephemeralKeyPair":{"pubKey":"BXRKMffJP3AKiIw1RT4UAGmAsOSz/aTfG8A+KTAlI7EA","privKey":"sEAOgMC4QYI8j82kh/CLFbm18Nev5AdmPOifogToemo="},"lastRemoteEphemeralKey":"BeW+3GZwgIXCd03yJ14D1GsO2FzsxoHR9GH4TXcd9Ypp","previousCounter":0,"rootKey":"BNz94R/cj/MN6dQ+Xe7/z9ukdkSoJCkP4FtalKf7ZVU="},"indexInfo":{"baseKey":"BaKWd74vAqYXaPPIIIztfcuM/oybRgtdMMl7CtvwKTU9","baseKeyType":1,"closed":-1,"used":1740353866085,"created":1740353866085,"remoteIdentityKey":"BRt6LP0Lsx8WnPLtFrBCcXdgJx6NA3JhX5WIVewPY1h1"},"_chains":{"BXRKMffJP3AKiIw1RT4UAGmAsOSz/aTfG8A+KTAlI7EA":{"chainKey":{"counter":0,"key":"6m9V6kj7gBXgecQtcLtaiCeI76L5gFTZ4+Ukwgq2Njg="},"chainType":1,"messageKeys":{}}},"pendingPreKey":{"signedKeyId":2,"baseKey":"BaKWd74vAqYXaPPIIIztfcuM/oybRgtdMMl7CtvwKTU9","preKeyId":2666871}}},"version":"v1"}