{"_sessions":{"Be1Uc8qGFWf440/T5gL/m/rT3kfsFy0w5KHBukgmcL1O":{"registrationId":6422,"currentRatchet":{"ephemeralKeyPair":{"pubKey":"BYlkoMn56/ynhgbhBRquALRAX3in5u86J3o0t9gL6XAE","privKey":"UOL8DETu/SXPDwCJBNoRMvL9TBI+dFeS0nkRQteMK1I="},"lastRemoteEphemeralKey":"Beu98HDAGki94NNjwqtZ3jNpITyaMeAM2kOz7mVPWbEH","previousCounter":0,"rootKey":"XIIA4sL5pnI04TKzdanSW7Pzp/9VmEK86mptBb/ONsU="},"indexInfo":{"baseKey":"Be1Uc8qGFWf440/T5gL/m/rT3kfsFy0w5KHBukgmcL1O","baseKeyType":1,"closed":-1,"used":1740353863815,"created":1740353863815,"remoteIdentityKey":"BbfVYKbbrEduT6haji+G4ClcTtaBBif2A4mkcU6Qnn81"},"_chains":{"BYlkoMn56/ynhgbhBRquALRAX3in5u86J3o0t9gL6XAE":{"chainKey":{"counter":0,"key":"qBenzj6svUFDML1sEawwPu4SI1RbdVgdf3obdg789v4="},"chainType":1,"messageKeys":{}}},"pendingPreKey":{"signedKeyId":2,"baseKey":"Be1Uc8qGFWf440/T5gL/m/rT3kfsFy0w5KHBukgmcL1O"}}},"version":"v1"}