{"_sessions":{"BavdRcrdNEqSYUsn++ac7xNlpI7yjI1RptLAzzrKSHta":{"registrationId":1823799181,"currentRatchet":{"ephemeralKeyPair":{"pubKey":"BedtsD4RXZV3spDFRPSLeo7ikAFPlWAuf7tzkoqNDehH","privKey":"YBuYdgeGuA/+zOt6+1As4Jg+k3sJbtyyy1bz7KInUFY="},"lastRemoteEphemeralKey":"BWkPE0angDn5wRt0eO70D42ZzfezL7l9iWNUcIgKOrZc","previousCounter":0,"rootKey":"+0aonAIk7e9Gr4hvGxWEPz2PkGv6jNs9kbbqP/dfUck="},"indexInfo":{"baseKey":"BavdRcrdNEqSYUsn++ac7xNlpI7yjI1RptLAzzrKSHta","baseKeyType":1,"closed":-1,"used":1740353864148,"created":1740353864148,"remoteIdentityKey":"BQzElOSKxhM0ipCvG7Za/vjSY2DWZw5KMkVtW/tYivRZ"},"_chains":{"BedtsD4RXZV3spDFRPSLeo7ikAFPlWAuf7tzkoqNDehH":{"chainKey":{"counter":0,"key":"Gt+HT+qV5mZtcUQrHdccEGowyXRJO4IH1swEVB6OPMQ="},"chainType":1,"messageKeys":{}}},"pendingPreKey":{"signedKeyId":4,"baseKey":"BavdRcrdNEqSYUsn++ac7xNlpI7yjI1RptLAzzrKSHta","preKeyId":11110274}}},"version":"v1"}