{"_sessions":{"BTCDlJOvn1kwRGFuIo2rP+8I+uNB7L6p8SBmaWb8D/gW":{"registrationId":1484722755,"currentRatchet":{"ephemeralKeyPair":{"pubKey":"BXPzXPR6sWo4XomLahnELFQ0yfkyZUXmuSSjpCUpmsEQ","privKey":"YHnLw+tnMBc45PyaeVO4tWVVqBNIH1UmmhQ9zmARvE0="},"lastRemoteEphemeralKey":"BXfHhxVk3xcNVvYLWeQfEztdGFN40ty9Ftx+E91aYrM/","previousCounter":0,"rootKey":"IU7F+tzEST6QNGb1CwvlUwpAucJGKaLhCS+QRx4pN4Q="},"indexInfo":{"baseKey":"BTCDlJOvn1kwRGFuIo2rP+8I+uNB7L6p8SBmaWb8D/gW","baseKeyType":1,"closed":-1,"used":1740353863860,"created":1740353863860,"remoteIdentityKey":"BWvsogtqec92uUfMGDFr6FLK0Hl/Sa459RsAOhKSTIoM"},"_chains":{"BXPzXPR6sWo4XomLahnELFQ0yfkyZUXmuSSjpCUpmsEQ":{"chainKey":{"counter":0,"key":"HN2eaVMwObx5R56myH3FHgdl+h47XpJky19Iq+xyFyY="},"chainType":1,"messageKeys":{}}},"pendingPreKey":{"signedKeyId":1,"baseKey":"BTCDlJOvn1kwRGFuIo2rP+8I+uNB7L6p8SBmaWb8D/gW","preKeyId":2004}}},"version":"v1"}