{"_sessions":{"BR2TAJSDl5HmLXADpFKyq9sJ6lI4rm2SLfc7HPaPgcJx":{"registrationId":1710052894,"currentRatchet":{"ephemeralKeyPair":{"pubKey":"BYOMnQwCTU7Gv+U+/oWMnxinLRVJ7UEjUuyYmZ9Bwnwu","privKey":"4Bq+y+ZJdqxajSUMs0xPlX9roFc6yX8655Mf4Wk5e3o="},"lastRemoteEphemeralKey":"BfHr3vwVP7hTSO8eyxCJApa4VkZeJGK4B62AWGuhWAty","previousCounter":0,"rootKey":"nB+IW3B5yaxSQtlzhzwivOA//v/Uh1+MYXhxtJQIt6I="},"indexInfo":{"baseKey":"BR2TAJSDl5HmLXADpFKyq9sJ6lI4rm2SLfc7HPaPgcJx","baseKeyType":1,"closed":-1,"used":1740353866077,"created":1740353866077,"remoteIdentityKey":"BSNrsMi6KkR89ACn5VFh2Cie1ImfCqMFxHcLvkVRaOtk"},"_chains":{"BYOMnQwCTU7Gv+U+/oWMnxinLRVJ7UEjUuyYmZ9Bwnwu":{"chainKey":{"counter":0,"key":"przRHlBDF+OYymn7PJTgzfIZehU45DGQLHbM7asZjNQ="},"chainType":1,"messageKeys":{}}},"pendingPreKey":{"signedKeyId":8,"baseKey":"BR2TAJSDl5HmLXADpFKyq9sJ6lI4rm2SLfc7HPaPgcJx","preKeyId":12533077}}},"version":"v1"}