{"_sessions":{"BbZqMfp3ot5Pv0hAMsibLu7cFsg92T9lZxoqsJcObLUV":{"registrationId":19094525,"currentRatchet":{"ephemeralKeyPair":{"pubKey":"Bb/1bDuuyxZXBY5i90xcFDdLagAj+6z37wjsOunASepN","privKey":"mFA/fAXcwaTA52CnNb8nfON5EFHGMJ1Hn7MCXlJIx2Y="},"lastRemoteEphemeralKey":"BRphz7iupEIuO3OZs08dIXzm/jvspRcKEKgIJx85chRI","previousCounter":0,"rootKey":"bdbo7ckzEY2606r02OxNCbcKM9lbVuRKUgByqEKjaQo="},"indexInfo":{"baseKey":"BbZqMfp3ot5Pv0hAMsibLu7cFsg92T9lZxoqsJcObLUV","baseKeyType":1,"closed":-1,"used":1740353867045,"created":1740353867045,"remoteIdentityKey":"BfAiH6fUmxAgBqi/5Rw+VFbdqkQBGld7oIQQwbxsi6sM"},"_chains":{"Bb/1bDuuyxZXBY5i90xcFDdLagAj+6z37wjsOunASepN":{"chainKey":{"counter":0,"key":"A4kaURJvwaxyEz+9cIvSO+nktqkvPBxN+h0ecfxr7PI="},"chainType":1,"messageKeys":{}}},"pendingPreKey":{"signedKeyId":10,"baseKey":"BbZqMfp3ot5Pv0hAMsibLu7cFsg92T9lZxoqsJcObLUV","preKeyId":16607021}}},"version":"v1"}