{"_sessions":{"BaQNE5o9PjjCX9Ku1T4Xv/xKVYE+fm8baGcXDqGPIV9M":{"registrationId":1122764645,"currentRatchet":{"ephemeralKeyPair":{"pubKey":"BZI8mVPBWWi31e26Hei1/UiH9Xmh99W5Lv8mI/mCThVo","privKey":"QJ4m8tKMZlbldyf9CgkB52SypMU9EXlwnsWdw3TvpE8="},"lastRemoteEphemeralKey":"Ber1AdomdC86HWVCBt4jq0x/+Rozj+VkrSbmi4WeBYdP","previousCounter":0,"rootKey":"lKswADcxxaZ+tiKbiuWdL3PAYzaE7Fd0eG/ltjE2kZg="},"indexInfo":{"baseKey":"BaQNE5o9PjjCX9Ku1T4Xv/xKVYE+fm8baGcXDqGPIV9M","baseKeyType":1,"closed":-1,"used":1740353864028,"created":1740353864028,"remoteIdentityKey":"BTLsu6u0wVb3SzbaZ4e/DPOPy9WKR5m70SwxIrrlvKMs"},"_chains":{"BZI8mVPBWWi31e26Hei1/UiH9Xmh99W5Lv8mI/mCThVo":{"chainKey":{"counter":0,"key":"ML5PJ6AcgXmCU7wdvoMmWmHXQMGJqwvmGtlKCKmg5DM="},"chainType":1,"messageKeys":{}}},"pendingPreKey":{"signedKeyId":3,"baseKey":"BaQNE5o9PjjCX9Ku1T4Xv/xKVYE+fm8baGcXDqGPIV9M","preKeyId":148643}}},"version":"v1"}