{"_sessions":{"BRlBEeDFO3WCDOReM+6StBZsZ9RB2WcC3+2GrzTEScp2":{"registrationId":1814022224,"currentRatchet":{"ephemeralKeyPair":{"pubKey":"BTwsIK19pZL7RNqJpIHQYL6xd8Axhxbi7j8w0Tlcir03","privKey":"mOEx5oNfeOUj6YC9nMIsloBk5scCFp19Be9X2OvQbVM="},"lastRemoteEphemeralKey":"BftOUL9sw0z/BX/Oo88dphSHW4mnIlmCcznErFovlFMf","previousCounter":0,"rootKey":"V/ogLtwP5bF70YW8GbpLPXVQJZTpdNRRhazN0Ai3es8="},"indexInfo":{"baseKey":"BRlBEeDFO3WCDOReM+6StBZsZ9RB2WcC3+2GrzTEScp2","baseKeyType":1,"closed":-1,"used":1740353866111,"created":1740353866111,"remoteIdentityKey":"BZgUul5j/x1ue2HZSg0D4oGhtUqvTU5Q2MEVn1DcMbRc"},"_chains":{"BTwsIK19pZL7RNqJpIHQYL6xd8Axhxbi7j8w0Tlcir03":{"chainKey":{"counter":0,"key":"fyujGMK481RoG6mQV7+zQaEkkWxMrePB3Aw05pJzijg="},"chainType":1,"messageKeys":{}}},"pendingPreKey":{"signedKeyId":8,"baseKey":"BRlBEeDFO3WCDOReM+6StBZsZ9RB2WcC3+2GrzTEScp2","preKeyId":14965583}}},"version":"v1"}