{"_sessions":{"BdpfHHl8zPuymQJeu1WuoTrfxig+RsIpu+m4umkPPK5L":{"registrationId":424757530,"currentRatchet":{"ephemeralKeyPair":{"pubKey":"BTHohYlFzri4xvvSXxWIaUgfB/LkBE+a6W6ub1wOY+A+","privKey":"cO2EvHydkxhBidBnGDHqmBGEGskA7Pwgjk/goWFr32Q="},"lastRemoteEphemeralKey":"BXpvV0BT+Dpi6OdUOmxCYyLd9jghRKWZ9jkWRsfPp7EE","previousCounter":0,"rootKey":"skYV5xt1+T3Ar4uM69XNML4K0NApCw1m0fYUrR6EVOA="},"indexInfo":{"baseKey":"BdpfHHl8zPuymQJeu1WuoTrfxig+RsIpu+m4umkPPK5L","baseKeyType":1,"closed":-1,"used":1740353865894,"created":1740353865894,"remoteIdentityKey":"BYFf/oo5ne2eVy8pH07GCJlIXrIJGxE0XG4XfCoVPY46"},"_chains":{"BTHohYlFzri4xvvSXxWIaUgfB/LkBE+a6W6ub1wOY+A+":{"chainKey":{"counter":0,"key":"n8PWtqciP8YWM2Tq9XJOLBvZ+sPus+6O2OFa6LXZ4vI="},"chainType":1,"messageKeys":{}}},"pendingPreKey":{"signedKeyId":6,"baseKey":"BdpfHHl8zPuymQJeu1WuoTrfxig+RsIpu+m4umkPPK5L","preKeyId":14316372}}},"version":"v1"}