{"_sessions":{"BSaIhB1Vq3YAq/0OcfBtHin0gutwtHcHLfDH0CJsY2Nm":{"registrationId":1218218971,"currentRatchet":{"ephemeralKeyPair":{"pubKey":"BcSpZlEXG15tIs+Fe7QsHvDdsGlk4K1XK/i0eQS+h6AI","privKey":"IBaJ/kEajh5+dLAZ02Yhj0TU9jMPdIv9pujLhjl11mw="},"lastRemoteEphemeralKey":"BUdA9I68+JRR86kFCuTo2aLPJMPiruUIzJ/AwjU7jy42","previousCounter":0,"rootKey":"5Rc/IKGd/y4NL7JRrkiBIrDR7i2TWjsSFbRrxxkh9CM="},"indexInfo":{"baseKey":"BSaIhB1Vq3YAq/0OcfBtHin0gutwtHcHLfDH0CJsY2Nm","baseKeyType":1,"closed":-1,"used":1740353866073,"created":1740353866073,"remoteIdentityKey":"BbjLiv7sMwMoYCTUB444MXfrWCMIygAAMulaH1jqk+Fx"},"_chains":{"BcSpZlEXG15tIs+Fe7QsHvDdsGlk4K1XK/i0eQS+h6AI":{"chainKey":{"counter":0,"key":"LPJzRbrSdEg2aCpV1f4trnx6HLFJZ85QlQ3s/1YB+nc="},"chainType":1,"messageKeys":{}}},"pendingPreKey":{"signedKeyId":8,"baseKey":"BSaIhB1Vq3YAq/0OcfBtHin0gutwtHcHLfDH0CJsY2Nm","preKeyId":13357588}}},"version":"v1"}