{"_sessions":{"BcYS1QH72LM1pQt3UTE7G/GxRwDQ2i1rckjjL4rj4HZb":{"registrationId":1122716026,"currentRatchet":{"ephemeralKeyPair":{"pubKey":"BQkboblMa5j2vJtRuxcSuNldFT4/c+A90tSgKWK/SxsU","privKey":"mICfuB1dP5+efdibmJpPHVn8WETIPuY2/aaiufEE9Hs="},"lastRemoteEphemeralKey":"BYDRyUU2i6SALpksEE0h+cPSyZSLIfx+gbNybyicGSZt","previousCounter":0,"rootKey":"EV+EST0xFexCEqvR+Um6uiaiZXTMV9pC+9eDOrcvtPs="},"indexInfo":{"baseKey":"BcYS1QH72LM1pQt3UTE7G/GxRwDQ2i1rckjjL4rj4HZb","baseKeyType":1,"closed":-1,"used":1740353863887,"created":1740353863887,"remoteIdentityKey":"BbT4dDsT3ypwVc1wnOBZKrOqzDQb/Yu98yWi9dbxwWAc"},"_chains":{"BQkboblMa5j2vJtRuxcSuNldFT4/c+A90tSgKWK/SxsU":{"chainKey":{"counter":0,"key":"GIy6FqbixH9Ls6DN6WGCT5gUt8vSPH2n66gRamQsjIk="},"chainType":1,"messageKeys":{}}},"pendingPreKey":{"signedKeyId":0,"baseKey":"BcYS1QH72LM1pQt3UTE7G/GxRwDQ2i1rckjjL4rj4HZb","preKeyId":11164890}}},"version":"v1"}