{"_sessions":{"BWGrAI0v5zMMAI7qNSDVQFnh22SmZTsO4pRIuGkZtoR4":{"registrationId":156653371,"currentRatchet":{"ephemeralKeyPair":{"pubKey":"BefWnwTRb29rELhaSocBwqR2Hk/JKVcXer3wVlp/FS5x","privKey":"oBbV/qJqknigV2dPPxBmpb0cVg64TZfcYn1W7AiYZ1E="},"lastRemoteEphemeralKey":"BYxudqPiKGk0/x0bh90pKrD9YxJebBwxTuALuJiMROYQ","previousCounter":0,"rootKey":"Xsec4UonocmgRQhGiiyh8ZgD8PKqz0PGThHzv3lMenk="},"indexInfo":{"baseKey":"BWGrAI0v5zMMAI7qNSDVQFnh22SmZTsO4pRIuGkZtoR4","baseKeyType":1,"closed":-1,"used":1740353866163,"created":1740353866163,"remoteIdentityKey":"BeB4LlFAALdcbV4r39nWWkDZDaECiMFh4hCfs9QUzxpW"},"_chains":{"BefWnwTRb29rELhaSocBwqR2Hk/JKVcXer3wVlp/FS5x":{"chainKey":{"counter":0,"key":"blneEhtQHCFXxRQ/ObICGp3MhZgm2HC4kepQUWysSew="},"chainType":1,"messageKeys":{}}},"pendingPreKey":{"signedKeyId":39,"baseKey":"BWGrAI0v5zMMAI7qNSDVQFnh22SmZTsO4pRIuGkZtoR4","preKeyId":14177587}}},"version":"v1"}