{"_sessions":{"BaI56fJLq/pCHH+stz15usNiJsIEkWrtEC7runCRIJts":{"registrationId":1460291164,"currentRatchet":{"ephemeralKeyPair":{"pubKey":"BX+D8aEe6+3VoMSD/714txsX+7jdH7sCjw6/J76U1aIL","privKey":"eApBW4tK6uJYcnf214cSdkHatLxYAbVd1udbd2P/3mo="},"lastRemoteEphemeralKey":"BSNfIXUyeerUQoRbKnoxpMlIfQc/VTRddHy4ag7nuZZf","previousCounter":0,"rootKey":"EMQZBfdVxCyT7TlG+R+zcgycJmR2PSqdraci8Tujggc="},"indexInfo":{"baseKey":"BaI56fJLq/pCHH+stz15usNiJsIEkWrtEC7runCRIJts","baseKeyType":1,"closed":-1,"used":1740353865945,"created":1740353865945,"remoteIdentityKey":"BUw3iB4thNU+7xTte9D+S26HKwzQLqc29ALllvn1294K"},"_chains":{"BX+D8aEe6+3VoMSD/714txsX+7jdH7sCjw6/J76U1aIL":{"chainKey":{"counter":0,"key":"yYiCh/Oz0zaLH0h71ENQNw/ia+PWlvvyvN350lNm8j0="},"chainType":1,"messageKeys":{}}},"pendingPreKey":{"signedKeyId":7,"baseKey":"BaI56fJLq/pCHH+stz15usNiJsIEkWrtEC7runCRIJts","preKeyId":10658796}}},"version":"v1"}