{"_sessions":{"BXHcOFXW+OYZL6nTSyQAJ6yTMIKcHQLP+AgsA9io3GsZ":{"registrationId":780329134,"currentRatchet":{"ephemeralKeyPair":{"pubKey":"BbG44zQ1TAkqrgr5rVzAvf8aePUL7rQC9TogvxJR4JVD","privKey":"4IAiXNqvUhrqppVAEJXJby+1heAC+dwHypDMRrursUY="},"lastRemoteEphemeralKey":"Be7eRIjwoYcH8bEoq4oOe+qG5PhoWPsKT8UIdepOpoZy","previousCounter":0,"rootKey":"m8vvQ7i748ceOq5UCSGigsNMdN3bjD4jed72VCkmrS0="},"indexInfo":{"baseKey":"BXHcOFXW+OYZL6nTSyQAJ6yTMIKcHQLP+AgsA9io3GsZ","baseKeyType":1,"closed":-1,"used":1740353863946,"created":1740353863946,"remoteIdentityKey":"BS/BMx+JVCkmJdPKDylPovndb/8GLUCdc8FVs6hlnclD"},"_chains":{"BbG44zQ1TAkqrgr5rVzAvf8aePUL7rQC9TogvxJR4JVD":{"chainKey":{"counter":0,"key":"1aedLlz70RPtiaTTL1EzUA2elhbB53575aX2bBlA/9U="},"chainType":1,"messageKeys":{}}},"pendingPreKey":{"signedKeyId":1,"baseKey":"BXHcOFXW+OYZL6nTSyQAJ6yTMIKcHQLP+AgsA9io3GsZ","preKeyId":8001514}}},"version":"v1"}