{"_sessions":{"BdaSmg9sgil+CpazkPV0EFCei+nR+d+X/wgSkBiXSv1K":{"registrationId":2023293581,"currentRatchet":{"ephemeralKeyPair":{"pubKey":"BYtP7aSd51754X3mERYdTw+FlN4VXLpNrbHM+WvgdbAB","privKey":"AA+wNKRXXe+4Q+T3oO4CMySQOvnpWlbAdZ4UtaHw/ko="},"lastRemoteEphemeralKey":"BXUl4uJYj8kgQECqW0P0hnjW0Lzxf3yjHJ0as/IpKGNC","previousCounter":0,"rootKey":"7D14NBLgmmj6glGXL6uEOhKBvVyPibT0QqbZb7TQIHM="},"indexInfo":{"baseKey":"BdaSmg9sgil+CpazkPV0EFCei+nR+d+X/wgSkBiXSv1K","baseKeyType":1,"closed":-1,"used":1740353864074,"created":1740353864074,"remoteIdentityKey":"BcwWUhy9HRCBdZNaYSF/IT8MLIbTftFhra1qSrigE4xP"},"_chains":{"BYtP7aSd51754X3mERYdTw+FlN4VXLpNrbHM+WvgdbAB":{"chainKey":{"counter":0,"key":"eOsEkRdCpivnOFRhTyQ7IqWZclR8B7WYLi98GWFfKLQ="},"chainType":1,"messageKeys":{}}},"pendingPreKey":{"signedKeyId":0,"baseKey":"BdaSmg9sgil+CpazkPV0EFCei+nR+d+X/wgSkBiXSv1K","preKeyId":3788382}}},"version":"v1"}