{"_sessions":{"BWYkRkH/KdR4ZxfcXoQFpSTW3KVn2eQBt9jcjvuisP4V":{"registrationId":718558333,"currentRatchet":{"ephemeralKeyPair":{"pubKey":"BTzG9ESGCivJQfU21xu+VTb3FcQxxrzGZoT4NyXHihdG","privKey":"6G+o8U00+XQzhD75px2QblEctq8WG+H+tnDCQVn3X1o="},"lastRemoteEphemeralKey":"BV6ACGX3cmPIraC1DaIubiFljqbw6wdI0x45LzcMxbgB","previousCounter":0,"rootKey":"cKfGgwrn/O4zZmzrc79n0W4GfXPgF3ABf2VQUJ66fOQ="},"indexInfo":{"baseKey":"BWYkRkH/KdR4ZxfcXoQFpSTW3KVn2eQBt9jcjvuisP4V","baseKeyType":1,"closed":-1,"used":1740353864032,"created":1740353864032,"remoteIdentityKey":"BVaRqIrsqoKeBXjXfC3On+0QJ1pED1rTSWvUwkJSjRVa"},"_chains":{"BTzG9ESGCivJQfU21xu+VTb3FcQxxrzGZoT4NyXHihdG":{"chainKey":{"counter":0,"key":"+vbOQw2d53jhEJavlhp+aRsL5i2jzxi2k9jcbJgIDpc="},"chainType":1,"messageKeys":{}}},"pendingPreKey":{"signedKeyId":1,"baseKey":"BWYkRkH/KdR4ZxfcXoQFpSTW3KVn2eQBt9jcjvuisP4V","preKeyId":176787}}},"version":"v1"}