{"_sessions":{"BahSZzALBaC5KaP/vTG6GoZ0mIGZCyhWz0FPStsetilM":{"registrationId":1815557407,"currentRatchet":{"ephemeralKeyPair":{"pubKey":"BZvlr3tBW3vL4Pnrwkhb+GXI32f/MorC8y0e295qa4Qa","privKey":"QOFj1iwd3QkI9RyzUncscpeVtoHwvc4iyYYGt2HvXmU="},"lastRemoteEphemeralKey":"BRioxSfVwsjpv0ygh9zQI9euS9ys5E269sdDJVRxZnM2","previousCounter":0,"rootKey":"bEeaP4kILKg8RIW3oLroF4euaDryh6TnKrB/jl9/TSY="},"indexInfo":{"baseKey":"BahSZzALBaC5KaP/vTG6GoZ0mIGZCyhWz0FPStsetilM","baseKeyType":2,"closed":-1,"used":1740354260081,"created":1740354260081,"remoteIdentityKey":"BYRBHboh+4yxu2qjcp0wB2WJtg3vQxV49Jkv1kTCwI5m"},"_chains":{"BRioxSfVwsjpv0ygh9zQI9euS9ys5E269sdDJVRxZnM2":{"chainKey":{"counter":0,"key":"mb69R3l0LEU2TqfyOBXQJS+yuswxXAwMSmzlVF/VhME="},"chainType":2,"messageKeys":{}},"BZvlr3tBW3vL4Pnrwkhb+GXI32f/MorC8y0e295qa4Qa":{"chainKey":{"counter":-1,"key":"djt2RYmdNzd8MoZtpezh35ysaYuxdpg7krLy21gsVXY="},"chainType":1,"messageKeys":{}}}}},"version":"v1"}