{"_sessions":{"BWc4LUKhtukU6OpPXWI1sEYWEK3DzkFDfnHs9Is1ylAG":{"registrationId":803819928,"currentRatchet":{"ephemeralKeyPair":{"pubKey":"BdgPIjbX/f0EvzgwaTv9oUybd2W8FGgGFpJrVSFFM6kl","privKey":"aGPSERtadbBmmioHqzZXKhwXPXwSWQG7nN8dUb0b/3w="},"lastRemoteEphemeralKey":"BWkPckbfqJhEwabX7ooBX1kcvjkvFOr62j/jTcXWeaBX","previousCounter":0,"rootKey":"ba5LD6UXwLoR9byquVmf2Ejkmj0agzix/49VNfDbGcU="},"indexInfo":{"baseKey":"BWc4LUKhtukU6OpPXWI1sEYWEK3DzkFDfnHs9Is1ylAG","baseKeyType":1,"closed":-1,"used":1740353866156,"created":1740353866156,"remoteIdentityKey":"BUUNQNPB6ZCDGn0O42KppTns71xE/oIisvH9TnBRtZVx"},"_chains":{"BdgPIjbX/f0EvzgwaTv9oUybd2W8FGgGFpJrVSFFM6kl":{"chainKey":{"counter":0,"key":"IBrl8zUluuiWzsxBBMKqxNgyo4ZOZJm27laGqCvcCcg="},"chainType":1,"messageKeys":{}}},"pendingPreKey":{"signedKeyId":0,"baseKey":"BWc4LUKhtukU6OpPXWI1sEYWEK3DzkFDfnHs9Is1ylAG","preKeyId":7187060}}},"version":"v1"}