{"_sessions":{"BZihL9EkInTdOczMCPcpJJj925QLpjUjvXzZj4/ph94D":{"registrationId":227980835,"currentRatchet":{"ephemeralKeyPair":{"pubKey":"BTYS/MvM2+2ySMlGXdG2nbP4qcbGS/srKm1Nc0hsfbEw","privKey":"EIzqUlEKMqg9u4HvLKQ2iaON1Sl+9pM94fCnbqYGZ0k="},"lastRemoteEphemeralKey":"Bdtbh2s6I3Jy+Y7//mPm8qq3rkKyT4WGkJmBtbXDEhsG","previousCounter":0,"rootKey":"9ske1U/DmUcL2X5u+8irC58+DdEH0OYUre9x150KO3I="},"indexInfo":{"baseKey":"BZihL9EkInTdOczMCPcpJJj925QLpjUjvXzZj4/ph94D","baseKeyType":1,"closed":-1,"used":1740353864004,"created":1740353864004,"remoteIdentityKey":"BT3dRLFeOcoZgeY5Af5/Hc/ya5pm5OOltqztgli+L35Y"},"_chains":{"BTYS/MvM2+2ySMlGXdG2nbP4qcbGS/srKm1Nc0hsfbEw":{"chainKey":{"counter":0,"key":"3BYC9Wl87XR3sfR4185YyvSAbdX6HqUfjy4tMccptRM="},"chainType":1,"messageKeys":{}}},"pendingPreKey":{"signedKeyId":13,"baseKey":"BZihL9EkInTdOczMCPcpJJj925QLpjUjvXzZj4/ph94D","preKeyId":3892023}}},"version":"v1"}