{"_sessions":{"BeDlbCOAsfeNaR2HOhzI5LeJ6XCwaJzu5j4MgQfxOAIP":{"registrationId":242988804,"currentRatchet":{"ephemeralKeyPair":{"pubKey":"BZ+kVF8vFIIWPiJTfPjA/fe9V2igCgj0Z+UN6Mtno5YB","privKey":"iIrfJko5DDvkIlcM2ZGgFEiIAbhCdgWf1Ub01BGkSGI="},"lastRemoteEphemeralKey":"BYZ3RnK/POoAC14/bNjMMOZkgIwjj+S8kym4IExKoWA8","previousCounter":0,"rootKey":"+hcQmCtQYTjSNWDJseLoziGd+pak0A/QqZYflUJwTZo="},"indexInfo":{"baseKey":"BeDlbCOAsfeNaR2HOhzI5LeJ6XCwaJzu5j4MgQfxOAIP","baseKeyType":1,"closed":-1,"used":1740353864168,"created":1740353864168,"remoteIdentityKey":"BcB2NdEyInNObVzBWMOVbs1RuIH0TF4LzqIPlISHrEUy"},"_chains":{"BZ+kVF8vFIIWPiJTfPjA/fe9V2igCgj0Z+UN6Mtno5YB":{"chainKey":{"counter":0,"key":"MqnD73ibTmTmC3bEcHAGOHeq39zjBML36EyNVTyksE8="},"chainType":1,"messageKeys":{}}},"pendingPreKey":{"signedKeyId":1,"baseKey":"BeDlbCOAsfeNaR2HOhzI5LeJ6XCwaJzu5j4MgQfxOAIP","preKeyId":15654522}}},"version":"v1"}