{"_sessions":{"BahcwwPqCiPe4Xw5ptFxkwP2h/b0nwh6G9VS97lA+rpY":{"registrationId":1863690166,"currentRatchet":{"ephemeralKeyPair":{"pubKey":"BfFe96r4zMHc4Hfw1+ElVL249Stt5kr/0zCKeZThCdJw","privKey":"OGzMt223AuB4Uh0cNC+QzebaU8jvSQYKMsjzBKr/o3U="},"lastRemoteEphemeralKey":"BUyzOoB+lpl/+7wfeLlBvk2a+tHxJKTuWAUYuneEPRJH","previousCounter":0,"rootKey":"8b4O/7/7MgYDJgW2Box+oOXUQ+EYeX7SS4Yc3RKa5hk="},"indexInfo":{"baseKey":"BahcwwPqCiPe4Xw5ptFxkwP2h/b0nwh6G9VS97lA+rpY","baseKeyType":2,"closed":-1,"used":1740353915849,"created":1740353915849,"remoteIdentityKey":"BZhKBi2eSTnaXDcrzIu5/9GkZTjfGqL94lxkZehcryAO"},"_chains":{"BUyzOoB+lpl/+7wfeLlBvk2a+tHxJKTuWAUYuneEPRJH":{"chainKey":{"counter":0,"key":"aIHP2dtUDAmGBEDYqM97Ucwzr+asnn0VCwd/obAFtDE="},"chainType":2,"messageKeys":{}},"BfFe96r4zMHc4Hfw1+ElVL249Stt5kr/0zCKeZThCdJw":{"chainKey":{"counter":-1,"key":"zxUrWqeh/9LuJRGtsW1vL0rp1hDcusVDdxXCbXDVLC4="},"chainType":1,"messageKeys":{}}}}},"version":"v1"}