{"_sessions":{"BVGzmkE17ToldXlL49BJ82Vd1aQBhgtAJ1oPyq7kMiIl":{"registrationId":2064257814,"currentRatchet":{"ephemeralKeyPair":{"pubKey":"BcpGjbxl8nBXrdFF3BR/JHqrw9VV5ED4WzMxacsSUiNe","privKey":"8G/iuYxp5p9UTa8yhWmf1FHAno39swnpGF6nSsOKjXA="},"lastRemoteEphemeralKey":"BRBGM16RBaig28CRDFVkSllZER7qIm9xCeUsebsGZD4b","previousCounter":0,"rootKey":"bbRaEhWuJOgRwOR2tC+qSm5OcXq8Q5FsNBnbg1QaXbY="},"indexInfo":{"baseKey":"BVGzmkE17ToldXlL49BJ82Vd1aQBhgtAJ1oPyq7kMiIl","baseKeyType":1,"closed":-1,"used":1740353866982,"created":1740353866982,"remoteIdentityKey":"Bcf4vLXlH6rSiLxpMou3P9KDz7Eg0nzwV1wlgxO72C44"},"_chains":{"BcpGjbxl8nBXrdFF3BR/JHqrw9VV5ED4WzMxacsSUiNe":{"chainKey":{"counter":0,"key":"nAItCB6ivouxUrlIZz+KldopMR2NuURUHJnS5Tn2hys="},"chainType":1,"messageKeys":{}}},"pendingPreKey":{"signedKeyId":17,"baseKey":"BVGzmkE17ToldXlL49BJ82Vd1aQBhgtAJ1oPyq7kMiIl","preKeyId":14603346}}},"version":"v1"}