{"_sessions":{"BajGhcvT++I9MqyYXVmjIujwzp7KNolydYohKTihDf0B":{"registrationId":217887000,"currentRatchet":{"ephemeralKeyPair":{"pubKey":"BVaV41knzK0gX8jd/9qt06IfVbxo0MVU+C+jY/snFD1W","privKey":"YHgmdMwDWxm2eEd5i8ajzOK0YBtC+va+zhlJMKy0ZFs="},"lastRemoteEphemeralKey":"BTbbYduUEdrAhcVui7fLhvB4p6tIj4/eMJoisGQcJRoD","previousCounter":0,"rootKey":"Defok95Y2PLJ4TMqQ2ynv+WQBq3OxGcdmyAnExeKHtk="},"indexInfo":{"baseKey":"BajGhcvT++I9MqyYXVmjIujwzp7KNolydYohKTihDf0B","baseKeyType":1,"closed":-1,"used":1740353866210,"created":1740353866210,"remoteIdentityKey":"BWvz000iuJYMOT62Tafx5A9mwiHGrcyQqb5WckMSTY5V"},"_chains":{"BVaV41knzK0gX8jd/9qt06IfVbxo0MVU+C+jY/snFD1W":{"chainKey":{"counter":0,"key":"vF3XDf/pI01p19B8Ah1xbSm1LakdQk9A5t8e6qhQKvg="},"chainType":1,"messageKeys":{}}},"pendingPreKey":{"signedKeyId":0,"baseKey":"BajGhcvT++I9MqyYXVmjIujwzp7KNolydYohKTihDf0B","preKeyId":10723889}}},"version":"v1"}