{"_sessions":{"BaaJP+dqU2MHLnPZcyikcmA4TC06DQ3Zz2KLL/kK3o58":{"registrationId":1062709332,"currentRatchet":{"ephemeralKeyPair":{"pubKey":"Bd+lFjiTEDJb28AZBOabdZu9khZJWwYarXLGDGy/6ghH","privKey":"8KPSBtpzmGXBTeAcPOZT6NhyuSd7KFlcVeblPcB7oWM="},"lastRemoteEphemeralKey":"BfjTypv4BZl9VbJ6Z3h+8GAX1BrN/o49H8kogaKlIxd8","previousCounter":0,"rootKey":"rwCNv/eYMrL6EhVWh0CgCSxqHgtP08EYy4Kx1+5SSfM="},"indexInfo":{"baseKey":"BaaJP+dqU2MHLnPZcyikcmA4TC06DQ3Zz2KLL/kK3o58","baseKeyType":1,"closed":-1,"used":1740353863993,"created":1740353863993,"remoteIdentityKey":"BbAOaQJgmC2Tca6thHBW7L5GEcOxf2LQQs2bHdiIi3Ms"},"_chains":{"Bd+lFjiTEDJb28AZBOabdZu9khZJWwYarXLGDGy/6ghH":{"chainKey":{"counter":0,"key":"yLmtJcHhdsUGDnh729U8GHI/sqN33YU745UmZLrEDBw="},"chainType":1,"messageKeys":{}}},"pendingPreKey":{"signedKeyId":2,"baseKey":"BaaJP+dqU2MHLnPZcyikcmA4TC06DQ3Zz2KLL/kK3o58","preKeyId":13923455}}},"version":"v1"}