{"_sessions":{"BUhzGkIN3I46Xbo2BQF/yPJCLeHbFhAbI0Sw5D64tlFs":{"registrationId":1762072845,"currentRatchet":{"ephemeralKeyPair":{"pubKey":"BRpV+4CxJz2UtrUlIusJEu4fAbc+sWMkDatS1Pyn9hQ2","privKey":"UG6/euFDutjO2RPsLW+8ohdh51B/wBFsd1aLB/xqpGQ="},"lastRemoteEphemeralKey":"BaaMFpSUtBfG0PRPbeAS54vJuuoC8EoKl5STgBgUb/YR","previousCounter":0,"rootKey":"r3bDWPLsRNQtyEg/BiBhslPAEoyTcWU6rxrcQqGRt6c="},"indexInfo":{"baseKey":"BUhzGkIN3I46Xbo2BQF/yPJCLeHbFhAbI0Sw5D64tlFs","baseKeyType":1,"closed":-1,"used":1740353865968,"created":1740353865968,"remoteIdentityKey":"BaQ87euNNxvT/Jx5t7j+4NoKDHSuiF67axWJQRrYa+hJ"},"_chains":{"BRpV+4CxJz2UtrUlIusJEu4fAbc+sWMkDatS1Pyn9hQ2":{"chainKey":{"counter":0,"key":"ejf4CpoLDV1x63gROnxy2M7rDM0YXIw2v/k6sWoDGI0="},"chainType":1,"messageKeys":{}}},"pendingPreKey":{"signedKeyId":2,"baseKey":"BUhzGkIN3I46Xbo2BQF/yPJCLeHbFhAbI0Sw5D64tlFs","preKeyId":8833945}}},"version":"v1"}