{"_sessions":{"BXAXzteEe+OuHIa3asqIxN1vh8gNEJslxKvMMyAWbAd7":{"registrationId":1513817966,"currentRatchet":{"ephemeralKeyPair":{"pubKey":"BWrGWuius4qeLs9/O5Eo2KugpiHm5+cM10/bJ9vJfuN6","privKey":"KIde77aBQM0Bqxfex0kL0KxTPhF/hhKdMTmWkQ8B+2I="},"lastRemoteEphemeralKey":"BSIJ4FhI5awx86MCM+clZtptLZJV6PDq+Yojc92c6Ltz","previousCounter":0,"rootKey":"5kH13ELwBJkPdQqeHlQkG2du/7Uuwq8XGZKFl/iExU4="},"indexInfo":{"baseKey":"BXAXzteEe+OuHIa3asqIxN1vh8gNEJslxKvMMyAWbAd7","baseKeyType":1,"closed":-1,"used":1740353864100,"created":1740353864100,"remoteIdentityKey":"Bd2b8vnFu/1Cw19JZyfqG4BWsQUQx7DrTt8rD+duRhpM"},"_chains":{"BWrGWuius4qeLs9/O5Eo2KugpiHm5+cM10/bJ9vJfuN6":{"chainKey":{"counter":0,"key":"0HtQExxFgPHGVTcSms9R+RHucTiCi6ZheOZ6H2l/ESY="},"chainType":1,"messageKeys":{}}},"pendingPreKey":{"signedKeyId":0,"baseKey":"BXAXzteEe+OuHIa3asqIxN1vh8gNEJslxKvMMyAWbAd7","preKeyId":3903190}}},"version":"v1"}