{"_sessions":{"BVVCs6iruwtq2IOSJ1d4Y034MPgH5YLMVI+F+KcMeJt3":{"registrationId":109338806,"currentRatchet":{"ephemeralKeyPair":{"pubKey":"BaM5tfk+7nGktGm1Q1NsmYxEhV02yaYI7v4S70WeIxoT","privKey":"WE/KSXenF2+B8gKRyzqJEBxhrTvMw34Rq/x3EDGuIV4="},"lastRemoteEphemeralKey":"BZPpk2xJpJ//p2mpTC4qrnc9R49AJT8GtG/Z0DQCwVRg","previousCounter":0,"rootKey":"ayQk5X/XAkoJup5BUAi1FZdC70r4+UGmP9J0PG23IaY="},"indexInfo":{"baseKey":"BVVCs6iruwtq2IOSJ1d4Y034MPgH5YLMVI+F+KcMeJt3","baseKeyType":1,"closed":-1,"used":1740353866997,"created":1740353866997,"remoteIdentityKey":"Bdst4AwUfrX3HrPJl9jFzJhdKNUitXflvb6r4XwF6xdP"},"_chains":{"BaM5tfk+7nGktGm1Q1NsmYxEhV02yaYI7v4S70WeIxoT":{"chainKey":{"counter":0,"key":"dqDIb+NkFH3/sSadJL8Elh2VKuCmTFOPjpg5+Bl5r34="},"chainType":1,"messageKeys":{}}},"pendingPreKey":{"signedKeyId":0,"baseKey":"BVVCs6iruwtq2IOSJ1d4Y034MPgH5YLMVI+F+KcMeJt3","preKeyId":8920372}}},"version":"v1"}