{"_sessions":{"Bdsl6nFqYQsp2qSpey5NFCJaAD0KoxR8z5FNax0xwlB6":{"registrationId":1187701000,"currentRatchet":{"ephemeralKeyPair":{"pubKey":"BbGp/pwJvmLpqe7Ln7N1yx5j3oHICzWw8ISPhs8LR+sh","privKey":"qFwxO/JX3YTUoPbSX3SuVkWOH8c4cv7K368nprEyw3Q="},"lastRemoteEphemeralKey":"BRbKZUFB7uOAnxKE4tcg5xckISsXR6bxsixuzQGimXAn","previousCounter":0,"rootKey":"75L1PlshAkp/xn5sSnfkpeRjXLfZaadA7QaRJlz079s="},"indexInfo":{"baseKey":"Bdsl6nFqYQsp2qSpey5NFCJaAD0KoxR8z5FNax0xwlB6","baseKeyType":1,"closed":-1,"used":1740353866027,"created":1740353866027,"remoteIdentityKey":"BaSoYPrNmGIPIKGkSXVFdGMRIIN3nhDE04FThQsTHt0S"},"_chains":{"BbGp/pwJvmLpqe7Ln7N1yx5j3oHICzWw8ISPhs8LR+sh":{"chainKey":{"counter":0,"key":"lWnHdCmHIsXK9/mF/70Mn24mi2geoIvXPpFy7Cx77Sk="},"chainType":1,"messageKeys":{}}},"pendingPreKey":{"signedKeyId":2,"baseKey":"Bdsl6nFqYQsp2qSpey5NFCJaAD0KoxR8z5FNax0xwlB6","preKeyId":2567718}}},"version":"v1"}