{"_sessions":{"BVZwu6aJ6S9N+2aykFhXQhiQrugsCAYWc2cW8CYr795D":{"registrationId":1586869683,"currentRatchet":{"ephemeralKeyPair":{"pubKey":"BdxpmTC7EkJcbD/IFSxwkrmcGs3xocBKVLYXIhN/dF54","privKey":"IARS0TF5dpB+Fv6chcM3s9M92p+fII2u5Xc42PcmBE8="},"lastRemoteEphemeralKey":"BVjV5G7s6eNNFHb6YypbAybO+a7okAgWyMm+bVwB+5x7","previousCounter":0,"rootKey":"gdGABlx9yUutvV/LLjmEvo68vdhKDXQ1cXqwBvFF1xo="},"indexInfo":{"baseKey":"BVZwu6aJ6S9N+2aykFhXQhiQrugsCAYWc2cW8CYr795D","baseKeyType":2,"closed":-1,"used":1740354182042,"created":1740354182042,"remoteIdentityKey":"BWrnYxvCqRZjNtFHDRC3V5srxrywNV4agmaTvSje0FIu"},"_chains":{"BVjV5G7s6eNNFHb6YypbAybO+a7okAgWyMm+bVwB+5x7":{"chainKey":{"counter":0,"key":"m3wlbf20T2CimPJLARLjCieWdAmjYuaqSfdfZtjWAMc="},"chainType":2,"messageKeys":{}},"BdxpmTC7EkJcbD/IFSxwkrmcGs3xocBKVLYXIhN/dF54":{"chainKey":{"counter":-1,"key":"hgJl4rNlMWV+8vQE7D6zJWjaUfvQ4C2CnfDaR/ubXZE="},"chainType":1,"messageKeys":{}}}}},"version":"v1"}