{"_sessions":{"BQX0Mi83xRaJDqVSl+gxnWBoslilR7mmv3AY3uCqchg1":{"registrationId":145195736,"currentRatchet":{"ephemeralKeyPair":{"pubKey":"BbZlMso5XtlJr25e2ElskNVRFA85IK63wGp9s+H8M84C","privKey":"CFEiM8r5aheXve3vsBX6anVlizJCLhrUlaHSI8Y3X1k="},"lastRemoteEphemeralKey":"Ba9Rgg2dB8cEBfsl0nNEHfNFnKJpLvVqtYrkbTAYX6Fa","previousCounter":0,"rootKey":"SQ6gfSY0e7372340gFerGJXAJRqbnbpl9FOVEMq0dOc="},"indexInfo":{"baseKey":"BQX0Mi83xRaJDqVSl+gxnWBoslilR7mmv3AY3uCqchg1","baseKeyType":1,"closed":-1,"used":1740353865898,"created":1740353865898,"remoteIdentityKey":"BSMbWY5Xn9CePgNLsHAs4aKuEMTWM0Iy6VmboLXDmJY9"},"_chains":{"BbZlMso5XtlJr25e2ElskNVRFA85IK63wGp9s+H8M84C":{"chainKey":{"counter":0,"key":"I5X8vt8bKy5WrhT4/qpsa/UmuzfcRy3m+8OI6lJov9A="},"chainType":1,"messageKeys":{}}},"pendingPreKey":{"signedKeyId":10,"baseKey":"BQX0Mi83xRaJDqVSl+gxnWBoslilR7mmv3AY3uCqchg1","preKeyId":3368734}}},"version":"v1"}