{"_sessions":{"BYqfrW9uT/FLfskn2+x6DymTTF6QsQYD4orXXVeUmjBB":{"registrationId":1508997690,"currentRatchet":{"ephemeralKeyPair":{"pubKey":"BbB/DxmtVhJmgIiaTMF9OuvmrlePk4xoi2fWVS6xlQBl","privKey":"6GHL2pTGz8unOMIbrsYsD24mmubBqb+aEcR929BakUo="},"lastRemoteEphemeralKey":"BQ2CVCmcL6iAaVekuncSFW+IEXbGrQ8LYH+KozisDe50","previousCounter":0,"rootKey":"ZBubNIxgaaBxs13pwdiasWQ+t1L2Mkh5FVOlFkLcxi0="},"indexInfo":{"baseKey":"BYqfrW9uT/FLfskn2+x6DymTTF6QsQYD4orXXVeUmjBB","baseKeyType":1,"closed":-1,"used":1740353863891,"created":1740353863891,"remoteIdentityKey":"BZbRyC6cNMz3Hl/SNaewkg+4e8c5q6qI6RnJJW16qzYP"},"_chains":{"BbB/DxmtVhJmgIiaTMF9OuvmrlePk4xoi2fWVS6xlQBl":{"chainKey":{"counter":0,"key":"n73FAH+RmzT9evC0O4MIBgBr82nYvqHPnQbU6xGbJh0="},"chainType":1,"messageKeys":{}}},"pendingPreKey":{"signedKeyId":9,"baseKey":"BYqfrW9uT/FLfskn2+x6DymTTF6QsQYD4orXXVeUmjBB","preKeyId":821864}}},"version":"v1"}