{"_sessions":{"BZe4qcW0bRgySPGWxcXUBCHCEerZbmrqssuczny3MOxq":{"registrationId":228,"currentRatchet":{"ephemeralKeyPair":{"pubKey":"BXHP2VqYm3xl2a4PPem5dXDHRaVy5ZRYaRshfwAgUshD","privKey":"AFiDfldUWikApgS2psq1I0KhMurkwc9Q2mtwxk7yz3M="},"lastRemoteEphemeralKey":"BX7Wt30Gu5Xh34PyX+MqZYXLgs+yp4/smESH84uXf450","previousCounter":0,"rootKey":"uIozh9SxgNjNDVz2q6Hh5SikbGhshTRwJfsFPGrTrpQ="},"indexInfo":{"baseKey":"BZe4qcW0bRgySPGWxcXUBCHCEerZbmrqssuczny3MOxq","baseKeyType":1,"closed":-1,"used":1740353863855,"created":1740353863855,"remoteIdentityKey":"BS8H0VUPl7SPj13VjW9xjgc/ArqKu0iRYr5DMcLgcvhk"},"_chains":{"BXHP2VqYm3xl2a4PPem5dXDHRaVy5ZRYaRshfwAgUshD":{"chainKey":{"counter":0,"key":"fbvaJFm29+EofumW//MOjT1FkxtBsY/60K5Edqeih1Y="},"chainType":1,"messageKeys":{}}},"pendingPreKey":{"signedKeyId":1,"baseKey":"BZe4qcW0bRgySPGWxcXUBCHCEerZbmrqssuczny3MOxq"}}},"version":"v1"}