{"_sessions":{"Bf8vBUWfetLYgZcNHVWio9qkRe6of73aGTFUtQeTD7U4":{"registrationId":267388408,"currentRatchet":{"ephemeralKeyPair":{"pubKey":"BWqeRS6YG9xHr2dU+CKJ3ySGrMLkvC9nh8ZGjMNZxSkX","privKey":"SMkCOReJRRECbSdBC+w8GBO84RScS20Y2j+TSO1uJVY="},"lastRemoteEphemeralKey":"BdWxIZT9vJ527Xvh2ihowoQcvimrrGqQdJD/n6XbruBn","previousCounter":0,"rootKey":"HYbSzD1fGALPrJDTKaOITVyR0kPcTtJKmTqm31ha+pg="},"indexInfo":{"baseKey":"Bf8vBUWfetLYgZcNHVWio9qkRe6of73aGTFUtQeTD7U4","baseKeyType":1,"closed":-1,"used":1740353863912,"created":1740353863912,"remoteIdentityKey":"BQ8hUHpvON6qr7eOIvFvuz/L7Kc0vSBAdEBugTk+WONR"},"_chains":{"BWqeRS6YG9xHr2dU+CKJ3ySGrMLkvC9nh8ZGjMNZxSkX":{"chainKey":{"counter":0,"key":"BORQb95PH2Pc08X+zcw0p5VMm0gwVDm3IcggSV5mkDw="},"chainType":1,"messageKeys":{}}},"pendingPreKey":{"signedKeyId":1,"baseKey":"Bf8vBUWfetLYgZcNHVWio9qkRe6of73aGTFUtQeTD7U4","preKeyId":11344207}}},"version":"v1"}