{"_sessions":{"BUe89FR/2JYS3a4kNQXeMVi6xnK0jeQ0l07wzv3xDOVG":{"registrationId":104742729,"currentRatchet":{"ephemeralKeyPair":{"pubKey":"BUgHmjeAN3aWroJvuA6B1VVxHXLW15u1fTX8zLk3ca5Y","privKey":"cHvrDImI4f5OcUiHTX0dbMNIxLdlXPlT9mJCISay8G4="},"lastRemoteEphemeralKey":"BRkTT7jEqJqWBQS8dYND3oyEYHg5BE0MRRa4+FHTErdw","previousCounter":0,"rootKey":"rhc/T6B8vDQGv5tcU2mSBpCaIUMol+r8aO9LvDFoojM="},"indexInfo":{"baseKey":"BUe89FR/2JYS3a4kNQXeMVi6xnK0jeQ0l07wzv3xDOVG","baseKeyType":1,"closed":-1,"used":1740353866959,"created":1740353866959,"remoteIdentityKey":"BXnh34JRo1M3DfC7Rj3K9chDbQBny530SurzwEiBDGof"},"_chains":{"BUgHmjeAN3aWroJvuA6B1VVxHXLW15u1fTX8zLk3ca5Y":{"chainKey":{"counter":0,"key":"iUdgxv2anWKimygt5+vNr2Wd0IneOqvurhtfwD5k/34="},"chainType":1,"messageKeys":{}}},"pendingPreKey":{"signedKeyId":4,"baseKey":"BUe89FR/2JYS3a4kNQXeMVi6xnK0jeQ0l07wzv3xDOVG","preKeyId":14321253}}},"version":"v1"}