{"_sessions":{"BRPdo4pTlJpiB+cH4a8KKIaUw7b1WkbBuFvAH0xCRk8x":{"registrationId":1755424435,"currentRatchet":{"ephemeralKeyPair":{"pubKey":"BWt36d6OBW/v9fQ8s2NzbMKUEGJbDs52YtEgKre1CnUA","privKey":"QF9trRz6c7/wkQ4fnKe9wtp9LHDO7jUlI+QeIXUXFlU="},"lastRemoteEphemeralKey":"BbR9+G89QYrqIlWXX/YF124lcu7mNhSEppVTUceW66ZE","previousCounter":0,"rootKey":"yzUKtkT5+Id8Dz5EiLJkvzUo7Ls/26EqoK/sR5l6FNM="},"indexInfo":{"baseKey":"BRPdo4pTlJpiB+cH4a8KKIaUw7b1WkbBuFvAH0xCRk8x","baseKeyType":1,"closed":-1,"used":1740353864020,"created":1740353864020,"remoteIdentityKey":"BX3iaXD++dAJFsqZPX9U1ghGudSnLinqZwF/ztUADr5r"},"_chains":{"BWt36d6OBW/v9fQ8s2NzbMKUEGJbDs52YtEgKre1CnUA":{"chainKey":{"counter":0,"key":"oUEgaaNn0shayCnilyAJuGwkG/3ghQyqKCY73i0fb3s="},"chainType":1,"messageKeys":{}}},"pendingPreKey":{"signedKeyId":9,"baseKey":"BRPdo4pTlJpiB+cH4a8KKIaUw7b1WkbBuFvAH0xCRk8x","preKeyId":11240967}}},"version":"v1"}