{"_sessions":{"BQ+Jc9cWMA6LcA3Tc+kMMh0fg4dC34CBb/Ks8Gm7G+QC":{"registrationId":820424806,"currentRatchet":{"ephemeralKeyPair":{"pubKey":"BS9j4xomkdtB5khaD9JkUn3RVcXhMeF8/ZgTLBvgLIQP","privKey":"wC8zCfg/RxGYRA9uvkayYfRFhn1dhKsTpP+p5yf1f1E="},"lastRemoteEphemeralKey":"BTh/7/mUp7ZhIe+3PHozQ1bPe2WiQ7WX48LYjsnt1Jtx","previousCounter":0,"rootKey":"Ciersj1746P389hgNVTv0exbbgbAPx/YWwjtx1Yh/A4="},"indexInfo":{"baseKey":"BQ+Jc9cWMA6LcA3Tc+kMMh0fg4dC34CBb/Ks8Gm7G+QC","baseKeyType":1,"closed":-1,"used":1740353866974,"created":1740353866974,"remoteIdentityKey":"BR7fIuvWzEyMQevoUpo7ad8tFecmUwVtqcJnweKwigcf"},"_chains":{"BS9j4xomkdtB5khaD9JkUn3RVcXhMeF8/ZgTLBvgLIQP":{"chainKey":{"counter":0,"key":"z6o7pMp+egdwADt1YrrapqS4DYxv1MnDooDH2lf2UiA="},"chainType":1,"messageKeys":{}}},"pendingPreKey":{"signedKeyId":5,"baseKey":"BQ+Jc9cWMA6LcA3Tc+kMMh0fg4dC34CBb/Ks8Gm7G+QC","preKeyId":3162900}}},"version":"v1"}