{"_sessions":{"BUlXva36aATbsok+CCr6da/l7XxDlkF1uEYFdhktSqkH":{"registrationId":1469131369,"currentRatchet":{"ephemeralKeyPair":{"pubKey":"BVYwXSvGfnC4S6dQmHRknpUMQAfowiK/pWYhGCIdN3EQ","privKey":"IHnBIagsZwSYmb/zDjB0HR3crlzdx8JvXqk1NLvmSXs="},"lastRemoteEphemeralKey":"BU8s+4KZk9zAFlkCacYxZ23vvFd7K45xHBHG579g9w4h","previousCounter":0,"rootKey":"srSef1/NsexUwye/wN2ZOimTpgg14ulnd5PlJo+AaAg="},"indexInfo":{"baseKey":"BUlXva36aATbsok+CCr6da/l7XxDlkF1uEYFdhktSqkH","baseKeyType":1,"closed":-1,"used":1740353864009,"created":1740353864009,"remoteIdentityKey":"BcSUAcJ2YbWI7N8SoaTeOrvk0zPhK0x3/hecE7FmST5V"},"_chains":{"BVYwXSvGfnC4S6dQmHRknpUMQAfowiK/pWYhGCIdN3EQ":{"chainKey":{"counter":0,"key":"OT58w2PQDZn6A95n28EGVN+f7RGPuQMW2VoplwUTaXg="},"chainType":1,"messageKeys":{}}},"pendingPreKey":{"signedKeyId":0,"baseKey":"BUlXva36aATbsok+CCr6da/l7XxDlkF1uEYFdhktSqkH","preKeyId":5436082}}},"version":"v1"}