{"_sessions":{"BdSlTBdwtgX/kAVvazVh8Cxv3pztFxmzsZ8CILlKokJw":{"registrationId":809119535,"currentRatchet":{"ephemeralKeyPair":{"pubKey":"BZdB7WTLV2zrFbkOp97iyTqANrDH3p+HpkXe+xzqW7hc","privKey":"ULZc89eElrDMSBOW1FzVYEi+M5WR8lZJMq7ubDeJTFU="},"lastRemoteEphemeralKey":"BUEMVkSnO8mlkAkGUVEbchos6m2ErFYGAzdyUfwxAdox","previousCounter":0,"rootKey":"Bt0u3mxDoOD9Ano+if74n3YWtvJpAPRmTB0eLM8lx+4="},"indexInfo":{"baseKey":"BdSlTBdwtgX/kAVvazVh8Cxv3pztFxmzsZ8CILlKokJw","baseKeyType":1,"closed":-1,"used":1740353866951,"created":1740353866951,"remoteIdentityKey":"BaCorR+v60aLnciaFbEwKHxJJH6Q0WJXB/svdtqJbhVO"},"_chains":{"BZdB7WTLV2zrFbkOp97iyTqANrDH3p+HpkXe+xzqW7hc":{"chainKey":{"counter":0,"key":"OVYVPxOeo3AXOaSpDDDJdvHZeWNPMuvAVEG59ZDSjAE="},"chainType":1,"messageKeys":{}}},"pendingPreKey":{"signedKeyId":0,"baseKey":"BdSlTBdwtgX/kAVvazVh8Cxv3pztFxmzsZ8CILlKokJw","preKeyId":16376747}}},"version":"v1"}