{"_sessions":{"BbmiVBGPS3nnH+X9iI/8fzGi8b/FxNY1waDl5ZS1chAF":{"registrationId":1715038463,"currentRatchet":{"ephemeralKeyPair":{"pubKey":"BW4P4O563atu0VsKl7ZvGVAUDZDmsFNIXkEKWfEZVwEW","privKey":"ICuKTdgQQhETbatSgPBzk+L3p5LyqCc0mzMJY5HRgF8="},"lastRemoteEphemeralKey":"BRj9UD2WrrIg8VoFrnIx1jlOczyxmhE/REBQkqp5HBMQ","previousCounter":0,"rootKey":"7F2m/1ilEbKjQ7A3YdMBYDFuXUD3EMZroS6JncjBIjc="},"indexInfo":{"baseKey":"BbmiVBGPS3nnH+X9iI/8fzGi8b/FxNY1waDl5ZS1chAF","baseKeyType":1,"closed":-1,"used":1740353867049,"created":1740353867049,"remoteIdentityKey":"BVKA2m1W9MEIXbxiW1VXPssOQAW41jjs27kBCjlS4dAq"},"_chains":{"BW4P4O563atu0VsKl7ZvGVAUDZDmsFNIXkEKWfEZVwEW":{"chainKey":{"counter":0,"key":"0/+CC2pvrKfRR9hP8FR8mIUL/C7XsSf8bLpajg9LHZU="},"chainType":1,"messageKeys":{}}},"pendingPreKey":{"signedKeyId":0,"baseKey":"BbmiVBGPS3nnH+X9iI/8fzGi8b/FxNY1waDl5ZS1chAF","preKeyId":13364354}}},"version":"v1"}