{"_sessions":{"Bd5xK+XsDziELUvRSFjhFmtmSOrkgMARNqD7RaHrRRQE":{"registrationId":473970329,"currentRatchet":{"ephemeralKeyPair":{"pubKey":"Be9hI8IHXkYKcj0q2zI8zSBS8lTf1p0LlN4yXlvUFxFa","privKey":"aCPpXoi/VSQFlu42IHwAs8l+b6Y8GIRvfGrvskWni3I="},"lastRemoteEphemeralKey":"Bf/QjVmOKv7sVIywFBrEWSbEymrIH8HYemoh0YwPnDpN","previousCounter":0,"rootKey":"ibUgiTpWa0hMdM72GvUcQYo0uwXS3XczYWD11EUabq4="},"indexInfo":{"baseKey":"Bd5xK+XsDziELUvRSFjhFmtmSOrkgMARNqD7RaHrRRQE","baseKeyType":1,"closed":-1,"used":1740353866246,"created":1740353866246,"remoteIdentityKey":"BQsicr1JNbMLWsdPtSuon/p9mI3+k+MGldaLc0zllbgH"},"_chains":{"Be9hI8IHXkYKcj0q2zI8zSBS8lTf1p0LlN4yXlvUFxFa":{"chainKey":{"counter":0,"key":"c0eMcBRlqQB/gWuxdJJYHXtSd1WXS5A0eoCvTBfo/MM="},"chainType":1,"messageKeys":{}}},"pendingPreKey":{"signedKeyId":0,"baseKey":"Bd5xK+XsDziELUvRSFjhFmtmSOrkgMARNqD7RaHrRRQE","preKeyId":3478241}}},"version":"v1"}