{"_sessions":{"BRfms7ExGqpiZfsjzdy8uFMIKWb7Smvae4VbiMADvB9u":{"registrationId":374408981,"currentRatchet":{"ephemeralKeyPair":{"pubKey":"BQQogJ8e+eUsbn+WeR7tWCZIKBV9qIp+oYnQbcxT+D0M","privKey":"sIF2D/TRBB+PzgL/FO8pot5tRMlXZQhia/a6QeD5Zm4="},"lastRemoteEphemeralKey":"Bf/x+b5ZuLPfA0zua/BkYeT27zHlpwCdVtTfgUmDVTEx","previousCounter":0,"rootKey":"eYTNDyz5Uct7NHiBIvTFgGhgZY0p5YycE5QI6Z5wOag="},"indexInfo":{"baseKey":"BRfms7ExGqpiZfsjzdy8uFMIKWb7Smvae4VbiMADvB9u","baseKeyType":1,"closed":-1,"used":1740353866919,"created":1740353866919,"remoteIdentityKey":"Bewe2vIWWZ5bZobT8aZFW6D3W57s7rc5f0VTiTg5zcxM"},"_chains":{"BQQogJ8e+eUsbn+WeR7tWCZIKBV9qIp+oYnQbcxT+D0M":{"chainKey":{"counter":0,"key":"PLxk9SKkgG1P7npksOhprmFoGsO0uWx+iQ9uXyxd8UY="},"chainType":1,"messageKeys":{}}},"pendingPreKey":{"signedKeyId":34,"baseKey":"BRfms7ExGqpiZfsjzdy8uFMIKWb7Smvae4VbiMADvB9u","preKeyId":11489891}}},"version":"v1"}