{"_sessions":{"BRU4u5wi/RE0j/B83/JVdga7v8ou9wli6MjIizUqsIZG":{"registrationId":209,"currentRatchet":{"ephemeralKeyPair":{"pubKey":"BbFL1Xlqco2YVoRQAeMmzb4BW8xlwHD5TARuC+aEDYkD","privKey":"yJEKZR0XPKaryI+qFa9gUhmLoffJIcyFHPOGSElpEVw="},"lastRemoteEphemeralKey":"BajoCbwZYNRwTK2Fda/ECs1VfdGZz6K+AAfZCAmn5+ws","previousCounter":0,"rootKey":"0/J+r7OpWAi3k7/fgW55yTXvEdGk6VV0qF1NATBvZRY="},"indexInfo":{"baseKey":"BRU4u5wi/RE0j/B83/JVdga7v8ou9wli6MjIizUqsIZG","baseKeyType":1,"closed":-1,"used":1740353863793,"created":1740353863793,"remoteIdentityKey":"BZWQDJT87xJEW/IHYPweULLD1WmwFcc/fBwiJyrOegR6"},"_chains":{"BbFL1Xlqco2YVoRQAeMmzb4BW8xlwHD5TARuC+aEDYkD":{"chainKey":{"counter":0,"key":"cbXYF9hq1oD5Rs2Eb6tz3UbNHEkiGJcusKb6MOcgoWA="},"chainType":1,"messageKeys":{}}},"pendingPreKey":{"signedKeyId":1,"baseKey":"BRU4u5wi/RE0j/B83/JVdga7v8ou9wli6MjIizUqsIZG"}}},"version":"v1"}