{"_sessions":{"BZotVaXaxKIgNifq1KqDU1vfGbwre8sr1CRKT9zs1NIz":{"registrationId":1058264578,"currentRatchet":{"ephemeralKeyPair":{"pubKey":"Bfad4X29GhcVeYkloS0GE42CRU8m09s6SPZBrctVqqs4","privKey":"wGZp43wPzPH5oWEqhOoWXieCfb3OEtUmcqNikTm4X0A="},"lastRemoteEphemeralKey":"BVQ/edIat3ZN01OLwRYl+3z/ZJ+KYmS4BZm5+kIXTbhs","previousCounter":0,"rootKey":"ZiPkEMEI1h9SZXxPMMXaImgl5fgWCzm0x5X+YeFDVJU="},"indexInfo":{"baseKey":"BZotVaXaxKIgNifq1KqDU1vfGbwre8sr1CRKT9zs1NIz","baseKeyType":1,"closed":-1,"used":1740353864120,"created":1740353864120,"remoteIdentityKey":"Ba1F8XuGxFHL60SZNlZDpWLuZ3Si6BJbxgn/Kmxc7hZl"},"_chains":{"Bfad4X29GhcVeYkloS0GE42CRU8m09s6SPZBrctVqqs4":{"chainKey":{"counter":0,"key":"mIzkDfxpDoAvWlql+uosqqxjSaJnZWCeBoaKNmvaq50="},"chainType":1,"messageKeys":{}}},"pendingPreKey":{"signedKeyId":12,"baseKey":"BZotVaXaxKIgNifq1KqDU1vfGbwre8sr1CRKT9zs1NIz","preKeyId":15960991}}},"version":"v1"}