{"_sessions":{"BRsJaHzs8sLLoLKHe4Uz5KggAG/NYNl5SZBn6Ol/AfYY":{"registrationId":2051446422,"currentRatchet":{"ephemeralKeyPair":{"pubKey":"BQNFD35071h6jjpmuUZpEgYinshyxg2X/8BzYjJ8ZPkj","privKey":"OKQ0O+T4T9nJlO3sr5hGqFVtztsTDvo1yksVzehlUWI="},"lastRemoteEphemeralKey":"BbyLyo3H2kTssrkbkn8IVs8e9ATmt7rjMKtq7NJ5eM1/","previousCounter":0,"rootKey":"nSXKnapportVnRgwlAl+RBBFr2MNOOVmVjybphPnfQE="},"indexInfo":{"baseKey":"BRsJaHzs8sLLoLKHe4Uz5KggAG/NYNl5SZBn6Ol/AfYY","baseKeyType":1,"closed":-1,"used":1740353866019,"created":1740353866019,"remoteIdentityKey":"BTj0SAAWXo7hSsH1WEKL5FB7iio7jq8FaTWm/ivs2tpw"},"_chains":{"BQNFD35071h6jjpmuUZpEgYinshyxg2X/8BzYjJ8ZPkj":{"chainKey":{"counter":0,"key":"aTGOGUd0c7PxTk29XhY7U28NU1394bXD1Dbu0iURchA="},"chainType":1,"messageKeys":{}}},"pendingPreKey":{"signedKeyId":1,"baseKey":"BRsJaHzs8sLLoLKHe4Uz5KggAG/NYNl5SZBn6Ol/AfYY","preKeyId":2271224}}},"version":"v1"}