{"_sessions":{"BeSRsbbi2rNqULhY6sglN3M/Pr0uol5z+nQd50sE06V7":{"registrationId":167772244,"currentRatchet":{"ephemeralKeyPair":{"pubKey":"BY5rY0a9/S5vxrvt+ka29mBajYU49AYLYwmkfLc+TJMo","privKey":"cOcS8D+dOAL8a3wKU4T9aEELrfILgjZfKyb85L2tE0k="},"lastRemoteEphemeralKey":"BU+EIY3puwJkRtBw75ksp9/yhJCRxT7CCZ0YWzzstY1E","previousCounter":0,"rootKey":"2YDOmjmK732ngaYixHt7ECErtcOBrN8/HZ8EhyIddjw="},"indexInfo":{"baseKey":"BeSRsbbi2rNqULhY6sglN3M/Pr0uol5z+nQd50sE06V7","baseKeyType":1,"closed":-1,"used":1740353864089,"created":1740353864089,"remoteIdentityKey":"Bfx9gBFR2BGUIttlevFEITbgiqEBq3jcGBViZveFtYEq"},"_chains":{"BY5rY0a9/S5vxrvt+ka29mBajYU49AYLYwmkfLc+TJMo":{"chainKey":{"counter":0,"key":"Ceqr2yBvARJPj1Bst22XpT1tjKS8WT/n8Gk3U2i5Rgs="},"chainType":1,"messageKeys":{}}},"pendingPreKey":{"signedKeyId":2,"baseKey":"BeSRsbbi2rNqULhY6sglN3M/Pr0uol5z+nQd50sE06V7","preKeyId":1986445}}},"version":"v1"}