{"_sessions":{"BUWIsA3zOXgnWg5bAqpwTej1yBIlwjRzXp08n3dhTkw0":{"registrationId":14946,"currentRatchet":{"ephemeralKeyPair":{"pubKey":"BQrcAlNO0Q7fyV914699Sv72LKv6IsopBB+/jCvWMak4","privKey":"sNN7cUV6qAH+e2PRk4A6hpyuNsAY4doN0WUCWHnnq24="},"lastRemoteEphemeralKey":"BXumCQuvzWlhRAHlZqKPd0Wn3Dx72N+bpQORq6NN1aN7","previousCounter":0,"rootKey":"CD9g+hrJ6bS09mb2KBgLUHt2kAB3Zi7890NyQi3Oto8="},"indexInfo":{"baseKey":"BUWIsA3zOXgnWg5bAqpwTej1yBIlwjRzXp08n3dhTkw0","baseKeyType":1,"closed":-1,"used":1740353863809,"created":1740353863809,"remoteIdentityKey":"BdeEjH0/u0ujR+voPW024BCdibbZ74qv/ddIQvcfeyw9"},"_chains":{"BQrcAlNO0Q7fyV914699Sv72LKv6IsopBB+/jCvWMak4":{"chainKey":{"counter":0,"key":"HLXY8Re2RGrHYwBPsbORw/Lea96RTDB74zoC4zRfhv0="},"chainType":1,"messageKeys":{}}},"pendingPreKey":{"signedKeyId":1,"baseKey":"BUWIsA3zOXgnWg5bAqpwTej1yBIlwjRzXp08n3dhTkw0"}}},"version":"v1"}