{"_sessions":{"Bf1W/mpzRz0/Of5jv1shIKeYGLHimululoC84sBSvwoi":{"registrationId":862166941,"currentRatchet":{"ephemeralKeyPair":{"pubKey":"BXdb0qhSELPImrEbmICJo2AivEYw9g5pBcaX4ynYUhtX","privKey":"+F91G8esdrausiuzrJf0duDIfYIq4igcpEp7Z/s9RGs="},"lastRemoteEphemeralKey":"BRzeviHNfid/1Gmo9HSOwAx1G2kTG0nvIQtdexv2Ewwh","previousCounter":0,"rootKey":"qyTGhmBxwvcxVTa9q1QJ3tC53kR6h1uylJPUt0hOCOs="},"indexInfo":{"baseKey":"Bf1W/mpzRz0/Of5jv1shIKeYGLHimululoC84sBSvwoi","baseKeyType":1,"closed":-1,"used":1740353863895,"created":1740353863895,"remoteIdentityKey":"BcSMlEzoTed/T9RoIaEkoInpQXH0db9Zp3vWWJF04Dw4"},"_chains":{"BXdb0qhSELPImrEbmICJo2AivEYw9g5pBcaX4ynYUhtX":{"chainKey":{"counter":0,"key":"epTEeu2d1V9caxNxlHrY0adzefwf1NTCJ3IWiBAmq5A="},"chainType":1,"messageKeys":{}}},"pendingPreKey":{"signedKeyId":26,"baseKey":"Bf1W/mpzRz0/Of5jv1shIKeYGLHimululoC84sBSvwoi","preKeyId":4270013}}},"version":"v1"}