{"_sessions":{"BRbmqyU8ySK9pg2ICGsHub3rIkShj8go5+C5Fj+wwxEE":{"registrationId":239413696,"currentRatchet":{"ephemeralKeyPair":{"pubKey":"BfwKlAbaD9IdLrWZg6IjY4wv5ms7IqUgPJhByVVuz4lT","privKey":"uPYPtEAji+Ga8qW0NDeVZ7UcKyV9I275JVSH+3ISk10="},"lastRemoteEphemeralKey":"BfQdCdEF+I8C1qj8FDmAPSHLLeQrTVEHa0lGgdX1L2Ad","previousCounter":0,"rootKey":"l+6KvoONu88HrVfyE/WHYpbraaC07apxc3TaQy1WtPk="},"indexInfo":{"baseKey":"BRbmqyU8ySK9pg2ICGsHub3rIkShj8go5+C5Fj+wwxEE","baseKeyType":1,"closed":-1,"used":1740353863798,"created":1740353863798,"remoteIdentityKey":"BTNZWJFpCtI7f3UDRlHl2pGyDbbiRR4Ff/T6oZ53xJlh"},"_chains":{"BfwKlAbaD9IdLrWZg6IjY4wv5ms7IqUgPJhByVVuz4lT":{"chainKey":{"counter":0,"key":"vCxb67MFHEWZ/6MTqPqfWcn1EaUMrklBglF2tm9cg3w="},"chainType":1,"messageKeys":{}}},"pendingPreKey":{"signedKeyId":2,"baseKey":"BRbmqyU8ySK9pg2ICGsHub3rIkShj8go5+C5Fj+wwxEE","preKeyId":13422874}}},"version":"v1"}