{"_sessions":{"BWJX09vETEw7ZACKWtHZ5Xke7M37VPq14W03C5+GafVD":{"registrationId":131051588,"currentRatchet":{"ephemeralKeyPair":{"pubKey":"Beitp6yMKjzO9pYFgVQAQRsxICOtj8LMG/kHS+f33/42","privKey":"uHZYbKyPcXWI4p74lG8w0jija59U33S3R6b4ryQu8FY="},"lastRemoteEphemeralKey":"BaN3brxQDmUKPaCpJT7lpAlPmL52xTqcZ22+15SUGhp3","previousCounter":0,"rootKey":"l8j/t7JFw+h0snDYtBULEYyG+nuE3MHqRTX2s9wn/OM="},"indexInfo":{"baseKey":"BWJX09vETEw7ZACKWtHZ5Xke7M37VPq14W03C5+GafVD","baseKeyType":1,"closed":-1,"used":1740353866108,"created":1740353866108,"remoteIdentityKey":"BTOzmjSuxQmgrd/SRio9vCLOZk0iHJUWnXUiV/EEJIc9"},"_chains":{"Beitp6yMKjzO9pYFgVQAQRsxICOtj8LMG/kHS+f33/42":{"chainKey":{"counter":0,"key":"hxJPdttmGxTwfcI186affcKfroxYkC4PRW1OoSMfjpw="},"chainType":1,"messageKeys":{}}},"pendingPreKey":{"signedKeyId":24,"baseKey":"BWJX09vETEw7ZACKWtHZ5Xke7M37VPq14W03C5+GafVD","preKeyId":8854168}}},"version":"v1"}