{"_sessions":{"BQrJWbxNEV0gS9gMZgmOc5IFTavEwdiGnRBMGWLH1VF0":{"registrationId":1823104769,"currentRatchet":{"ephemeralKeyPair":{"pubKey":"BYH/Gs0i0ni1Vxbjyt+uU5UqGmr+AAvXG4WCEAQ0j/Al","privKey":"UPQ5KPjzNc5aF0/szUMTptuKMmYCf+jNPvEofSXodlo="},"lastRemoteEphemeralKey":"BTLATslVe5G2gdiRGeajw+uoZhFxX3peH9uqBLhTSdJP","previousCounter":0,"rootKey":"gun3EroZ3yf59BeQvAhonLWWWWT8JhY/+toKFMk7wKg="},"indexInfo":{"baseKey":"BQrJWbxNEV0gS9gMZgmOc5IFTavEwdiGnRBMGWLH1VF0","baseKeyType":1,"closed":-1,"used":1740353863989,"created":1740353863989,"remoteIdentityKey":"BcY1feqjD92kB9hR1JdFEK/irVulfOwPMg91GIfoirUB"},"_chains":{"BYH/Gs0i0ni1Vxbjyt+uU5UqGmr+AAvXG4WCEAQ0j/Al":{"chainKey":{"counter":0,"key":"DRJYtBRhC79qxjModcW8Tjr5xUNGqHqtqu7iqzLaSB0="},"chainType":1,"messageKeys":{}}},"pendingPreKey":{"signedKeyId":3,"baseKey":"BQrJWbxNEV0gS9gMZgmOc5IFTavEwdiGnRBMGWLH1VF0","preKeyId":8909914}}},"version":"v1"}