{"_sessions":{"BbN2H7utvwYyjqucFrT2Gd84MH8rmStn5+QVlCr8qYwU":{"registrationId":1842131153,"currentRatchet":{"ephemeralKeyPair":{"pubKey":"BVGT2HnxMYRNn++gOz4F4voOLNqq/78EBMWTOJeLc+UZ","privKey":"8AyLdPwm3MBXS+kc3Gpf9GTW3a+6jDQUwiLoMYlG1WA="},"lastRemoteEphemeralKey":"BVeF/tIjQ8XqWrlBvDfV2Z8beKWOB96v3yOJBCSCT98d","previousCounter":0,"rootKey":"MhhyzpsFp9HqRKzfMnLasQLcd5XekURNm+Qj75SfECA="},"indexInfo":{"baseKey":"BbN2H7utvwYyjqucFrT2Gd84MH8rmStn5+QVlCr8qYwU","baseKeyType":1,"closed":-1,"used":1740353866038,"created":1740353866038,"remoteIdentityKey":"BdaVSbo1m95cX30I4naR13pDlryY77LaYORY9ZXfCL8U"},"_chains":{"BVGT2HnxMYRNn++gOz4F4voOLNqq/78EBMWTOJeLc+UZ":{"chainKey":{"counter":0,"key":"Lr7j2+WNpDDDbCDCsTpRf7a4OsIg8xcTaw5tnSD+DWo="},"chainType":1,"messageKeys":{}}},"pendingPreKey":{"signedKeyId":2,"baseKey":"BbN2H7utvwYyjqucFrT2Gd84MH8rmStn5+QVlCr8qYwU","preKeyId":10599849}}},"version":"v1"}