{"_sessions":{"BdYJ2t7qUsO7Ul+n7hDoBCng2cUoO5AEcR1FISJ7uEcL":{"registrationId":1558158499,"currentRatchet":{"ephemeralKeyPair":{"pubKey":"BZcj68FOtxzQZW6l96c7oAYqL+BuKna/hgJY69xCo+hU","privKey":"qN25dNSSFvMOQkmEQkzn9bnq5yMDYJooHZ+W97WasUI="},"lastRemoteEphemeralKey":"BVmYxDdGR4xCj7rnvXXO1ajComJsheFpaDXsM4ZpcpFl","previousCounter":0,"rootKey":"DS0ioCyifIUGCgwOh2Ev+JKBCuPYbtkDYmSdf7DWXX0="},"indexInfo":{"baseKey":"BdYJ2t7qUsO7Ul+n7hDoBCng2cUoO5AEcR1FISJ7uEcL","baseKeyType":1,"closed":-1,"used":1740353867053,"created":1740353867053,"remoteIdentityKey":"BfEb/6SfBcDDjU2GN9trPjWvYgNCxb2QM35s52TTWIRV"},"_chains":{"BZcj68FOtxzQZW6l96c7oAYqL+BuKna/hgJY69xCo+hU":{"chainKey":{"counter":0,"key":"WiiFyEPMVHsZFiXGKvDAu2r8s8qOwWbrt9fkbK9/x1k="},"chainType":1,"messageKeys":{}}},"pendingPreKey":{"signedKeyId":42,"baseKey":"BdYJ2t7qUsO7Ul+n7hDoBCng2cUoO5AEcR1FISJ7uEcL","preKeyId":5716585}}},"version":"v1"}