{"_sessions":{"BdwTdXykdkQSLfxwgpDQ8TmbTfgzIWeQqoDjZMDumDNr":{"registrationId":1545388107,"currentRatchet":{"ephemeralKeyPair":{"pubKey":"Bf6nNdhkMoqj615EXENX61Wde9QvSwbRDgV8Laa62rws","privKey":"MOECQ31sFyu4oCM6deuBadTmAeu5du+2GNnAiTSDtX8="},"lastRemoteEphemeralKey":"BT0lSAsWueknOB/VwitUzydFwP/hYuoHkecgk/u9CPpa","previousCounter":0,"rootKey":"4nGW+tYoA6Mxc5euyWv35PUnqh8rZe6bGCfK0Df2OJo="},"indexInfo":{"baseKey":"BdwTdXykdkQSLfxwgpDQ8TmbTfgzIWeQqoDjZMDumDNr","baseKeyType":1,"closed":-1,"used":1740353866900,"created":1740353866900,"remoteIdentityKey":"BWLPimvu7D92zz4nGb4Ctqkrb7prISmoomUEvcdq5b8L"},"_chains":{"Bf6nNdhkMoqj615EXENX61Wde9QvSwbRDgV8Laa62rws":{"chainKey":{"counter":0,"key":"w6D6b1oJdyjBdNuhs8tArbIePSZnVidMIaRHXJEhDUQ="},"chainType":1,"messageKeys":{}}},"pendingPreKey":{"signedKeyId":18,"baseKey":"BdwTdXykdkQSLfxwgpDQ8TmbTfgzIWeQqoDjZMDumDNr","preKeyId":66659}}},"version":"v1"}