{"_sessions":{"BZd+Bynmx9TNGJerddGukcoLmaw00MiewTJEyj0mVB97":{"registrationId":213,"currentRatchet":{"ephemeralKeyPair":{"pubKey":"Be9BH1yeqOLN5boDCf6YyFf0GKg3Tex4A6muKcrqLoQh","privKey":"CBWTyHIK5ylWd8gVIMF7yNHr5oo255p6NiTHWQQ0mFA="},"lastRemoteEphemeralKey":"BVhrTF6rakVZTWKYwqTEeNvBRkurExfPrmQxIjHva9QH","previousCounter":0,"rootKey":"P/Lbjprru+Wxh5yagOoHP2tusfkodacLxtrlFjdwJvI="},"indexInfo":{"baseKey":"BZd+Bynmx9TNGJerddGukcoLmaw00MiewTJEyj0mVB97","baseKeyType":2,"closed":-1,"used":1740354161642,"created":1740354161642,"remoteIdentityKey":"Ba9Z+63JE7/jZwHv1yLD0V2PJQSKBAf/8ThTUyQg6RB4"},"_chains":{"BVhrTF6rakVZTWKYwqTEeNvBRkurExfPrmQxIjHva9QH":{"chainKey":{"counter":0,"key":"CT+rlqCiDDn6ExJQg+/a2E/ie8SiW96dQkLC4DXJ5LY="},"chainType":2,"messageKeys":{}},"Be9BH1yeqOLN5boDCf6YyFf0GKg3Tex4A6muKcrqLoQh":{"chainKey":{"counter":-1,"key":"lechuCXCp+QUNHz4czq7n5HBdexVr3bagwcUEGA+hKE="},"chainType":1,"messageKeys":{}}}}},"version":"v1"}