{"_sessions":{"BYW47mVas3FQq9sR4S8yxu1p6fxzVur0Pn/cHVvBoCBr":{"registrationId":1203966087,"currentRatchet":{"ephemeralKeyPair":{"pubKey":"Bb3TU2WQnpCLzLlYIw6IpZh1kXujh9ymtAn0ehCKlbg4","privKey":"sCOctUUU42hhqtJMW4Kbh7Is8Cvz46HGiJAswbfbX00="},"lastRemoteEphemeralKey":"BWMXzWveJTR6/OaSrJdeiyDu81X5jhZcFRjd5Ix09ql/","previousCounter":0,"rootKey":"tfTPhMV+vKrj9PUWejO2ClAd4hQFPI8IlMv8NgjWsWs="},"indexInfo":{"baseKey":"BYW47mVas3FQq9sR4S8yxu1p6fxzVur0Pn/cHVvBoCBr","baseKeyType":2,"closed":-1,"used":1740354049880,"created":1740354049880,"remoteIdentityKey":"BUvW5eqLfMLHtDZwkQeBvGKammBYuKGtgZ+renjzGNht"},"_chains":{"BWMXzWveJTR6/OaSrJdeiyDu81X5jhZcFRjd5Ix09ql/":{"chainKey":{"counter":0,"key":"BI+FVaJS/HdewAf+hEl8kuJKjE4R1Dl8C9ZysXGthY8="},"chainType":2,"messageKeys":{}},"Bb3TU2WQnpCLzLlYIw6IpZh1kXujh9ymtAn0ehCKlbg4":{"chainKey":{"counter":-1,"key":"WZxCELYJvP26IOitu3v3mcwPwQSDVSz+Vq4nkPLm2YA="},"chainType":1,"messageKeys":{}}}}},"version":"v1"}