{"_sessions":{"BaGGOwJHpdsSqKWNSI9tbr5a+Zl9bNw2uctEUImzAt1B":{"registrationId":401243300,"currentRatchet":{"ephemeralKeyPair":{"pubKey":"BVhu+LBpPoZYfgwQlds1NUCCekv187gdVW8/Curz/ppV","privKey":"8LwyuLKRdsYv+SNWtRa+aqrM6H704yu568wGIzip1XI="},"lastRemoteEphemeralKey":"BYBAjrx6OIIYkPuU2xaR5Ag+hscfWripnDsdSIZJLDZ3","previousCounter":0,"rootKey":"rUE6IL/aW/UVEWzi4zV5XAND4Jwzf0inBwE0XKjedkM="},"indexInfo":{"baseKey":"BaGGOwJHpdsSqKWNSI9tbr5a+Zl9bNw2uctEUImzAt1B","baseKeyType":1,"closed":-1,"used":1740353866000,"created":1740353866000,"remoteIdentityKey":"BTvXDEez5x1u3R/txEJIk3T2iRgvD4xjIZJIRRkk51Vh"},"_chains":{"BVhu+LBpPoZYfgwQlds1NUCCekv187gdVW8/Curz/ppV":{"chainKey":{"counter":0,"key":"eVBIuGDP5lFM0sesG8dr40Y6uhIq60WoQl3u60nTAmo="},"chainType":1,"messageKeys":{}}},"pendingPreKey":{"signedKeyId":28,"baseKey":"BaGGOwJHpdsSqKWNSI9tbr5a+Zl9bNw2uctEUImzAt1B","preKeyId":9090492}}},"version":"v1"}