{"_sessions":{"BRmmfAbBu78ZkVSnI6ZxvGZGMJ+jPDiUr3vSf2EWnAZK":{"registrationId":2008037979,"currentRatchet":{"ephemeralKeyPair":{"pubKey":"BQvgC5nRyK4L09dh/nQJTVVUDDAykdY9ho+cYhG2VeIy","privKey":"UG/TnkTuU/lXEygfui6HrWMZkSNZnukbYAtgnRftVHc="},"lastRemoteEphemeralKey":"BRnTi8OyvQem42u+bFKtmJaBYl+VYKKRXtXrNMcSXlJX","previousCounter":0,"rootKey":"rwi8SaWIs4/wU2N72DuwdeDkuF83FTKog5PaEFbM9yU="},"indexInfo":{"baseKey":"BRmmfAbBu78ZkVSnI6ZxvGZGMJ+jPDiUr3vSf2EWnAZK","baseKeyType":1,"closed":-1,"used":1740353864017,"created":1740353864017,"remoteIdentityKey":"BZJmw20BN+uc85bUu010tVxsZEU3g6PClC9SH/S3ORFY"},"_chains":{"BQvgC5nRyK4L09dh/nQJTVVUDDAykdY9ho+cYhG2VeIy":{"chainKey":{"counter":0,"key":"dx6eNp4LDOr4cZoWO8fTOGIWVuAVF7VNwzvABaZo9Qc="},"chainType":1,"messageKeys":{}}},"pendingPreKey":{"signedKeyId":4,"baseKey":"BRmmfAbBu78ZkVSnI6ZxvGZGMJ+jPDiUr3vSf2EWnAZK","preKeyId":8033194}}},"version":"v1"}