{"_sessions":{"BVYZ3ZmMgOV9ONHv8ygHkD5BMqqjQ1IOY3Dn56/Luedu":{"registrationId":1112166997,"currentRatchet":{"ephemeralKeyPair":{"pubKey":"BSANZRFGEVQoIA/5mSnWsINWC8CDGZxLxRrUWP7sMOp+","privKey":"IAPWpmqC8eD05nnUmL6flVgebezY75d6F6CnobIBC0I="},"lastRemoteEphemeralKey":"BYDXeRvUHq6ypPqXjRK1UxvC34BIdHh4ilyDS+Y9S9Uo","previousCounter":0,"rootKey":"4jjF6+pNxTtytTOreMGbs9SPmNSbWRu/EdKfB2/Xx8c="},"indexInfo":{"baseKey":"BVYZ3ZmMgOV9ONHv8ygHkD5BMqqjQ1IOY3Dn56/Luedu","baseKeyType":1,"closed":-1,"used":1740353865930,"created":1740353865930,"remoteIdentityKey":"BWfjb6p2at6McBFKRdCaB64lQHZIuPktrsnB6iL2o1RG"},"_chains":{"BSANZRFGEVQoIA/5mSnWsINWC8CDGZxLxRrUWP7sMOp+":{"chainKey":{"counter":0,"key":"/2DO2Ka2/k+DW6MMW0uR7jsqoODOCJYNlBf+2mtv9CM="},"chainType":1,"messageKeys":{}}},"pendingPreKey":{"signedKeyId":3,"baseKey":"BVYZ3ZmMgOV9ONHv8ygHkD5BMqqjQ1IOY3Dn56/Luedu","preKeyId":8239320}}},"version":"v1"}