{"_sessions":{"BWVCFM6VNS5IIX0ID8W8a/AY4xW+cuA/E07004cOIhY8":{"registrationId":828497932,"currentRatchet":{"ephemeralKeyPair":{"pubKey":"BevMMDIJWTqKlxysi6/EHo8WaVjRdq2fvI4TGEdSMTRy","privKey":"6CleRsiajecOYspWx7w2bF1RMFCio1oDct8tlHXf42k="},"lastRemoteEphemeralKey":"BXBnMew2RUlYtZbyw2ryQxSSm/h7BHpJCvuGkbROLTlD","previousCounter":0,"rootKey":"8a2Cca9TdMOnLFBjqkysjoe0IdB7EibYCTKNNKPhvFU="},"indexInfo":{"baseKey":"BWVCFM6VNS5IIX0ID8W8a/AY4xW+cuA/E07004cOIhY8","baseKeyType":1,"closed":-1,"used":1740353865937,"created":1740353865937,"remoteIdentityKey":"BQ9upWBEFVaAgBvqjpsb+9UhpBSZtS8rkeCdxfhmEIJd"},"_chains":{"BevMMDIJWTqKlxysi6/EHo8WaVjRdq2fvI4TGEdSMTRy":{"chainKey":{"counter":0,"key":"4oldBNBRxELbPpND3+Uc9uD5pEytohYfh/1VjwPEtb4="},"chainType":1,"messageKeys":{}}},"pendingPreKey":{"signedKeyId":1,"baseKey":"BWVCFM6VNS5IIX0ID8W8a/AY4xW+cuA/E07004cOIhY8","preKeyId":1579899}}},"version":"v1"}