{"_sessions":{"BR16bJxATTB5ivCYuHGmBZSLu2uNELUwvHVlPs4LFcND":{"registrationId":399337755,"currentRatchet":{"ephemeralKeyPair":{"pubKey":"Bb0j7ioOZH636rx9TGcDEa2J8irRmh6fvBdfC50vOp4U","privKey":"AE2qA+utPh/yg5NVRQqJ1Pyjarp6CUCqL/ocwl3LIVk="},"lastRemoteEphemeralKey":"BX6Pw4rCvLC4iSAuz+LPluEcUIJldH+ziXJ2ieKhzclN","previousCounter":0,"rootKey":"GJiKh1Hy9Fd4+7A8T2O2lZxekIbIMk53LU070UDYalU="},"indexInfo":{"baseKey":"BR16bJxATTB5ivCYuHGmBZSLu2uNELUwvHVlPs4LFcND","baseKeyType":1,"closed":-1,"used":1740353863942,"created":1740353863942,"remoteIdentityKey":"Bdhcgw26w+0JkL6geDDzEBLLm7QQCxvpXoRydJyA9SZq"},"_chains":{"Bb0j7ioOZH636rx9TGcDEa2J8irRmh6fvBdfC50vOp4U":{"chainKey":{"counter":0,"key":"6WEK6CzKJr9Fw/OFGwc70VkXfKRHFR10jt4fIVNeG/4="},"chainType":1,"messageKeys":{}}},"pendingPreKey":{"signedKeyId":8,"baseKey":"BR16bJxATTB5ivCYuHGmBZSLu2uNELUwvHVlPs4LFcND","preKeyId":11156394}}},"version":"v1"}