{"_sessions":{"BRgkNHeXY4Cy8d/CByWNOnfh2xswcaoRI9f1PYqe0ag/":{"registrationId":1627897708,"currentRatchet":{"ephemeralKeyPair":{"pubKey":"Bd4a2Ive8bmYsO6WOzhRxPmX9GXkqcXqSAbco05D4r8h","privKey":"0BP729imUHatmX01JW6DPs8USD5mFNoxl9ObPP6+AXk="},"lastRemoteEphemeralKey":"BY6UHbw8u9Y95gbe4JSo6erJXDMyfjImvXHsLzmWp95D","previousCounter":0,"rootKey":"/Pt2DIquV+xEnQl+Axq1ie6g1Le4yGJxvSHlM7JXuPM="},"indexInfo":{"baseKey":"BRgkNHeXY4Cy8d/CByWNOnfh2xswcaoRI9f1PYqe0ag/","baseKeyType":1,"closed":-1,"used":1740353867005,"created":1740353867005,"remoteIdentityKey":"BRkEVpxhjliI3k3PuWw55qS7AOU5QA1m4ns94hKPqAsz"},"_chains":{"Bd4a2Ive8bmYsO6WOzhRxPmX9GXkqcXqSAbco05D4r8h":{"chainKey":{"counter":0,"key":"PBzoRR1W0kTYlbkQaW6SjZmjoT8y6GTgUPUYbH/2tw4="},"chainType":1,"messageKeys":{}}},"pendingPreKey":{"signedKeyId":1,"baseKey":"BRgkNHeXY4Cy8d/CByWNOnfh2xswcaoRI9f1PYqe0ag/","preKeyId":7230296}}},"version":"v1"}