{"_sessions":{"BdVNXurtPOpOoXK+CcGA5eYeyJu8+7uVM29qkrMUgVd1":{"registrationId":1140646065,"currentRatchet":{"ephemeralKeyPair":{"pubKey":"BSErKDDN0kW3JaXSt2s0mCoENGeVMCO0SBX+M0bH6AJc","privKey":"IIyk5XQ53/+kTi3QrLeXnuobrB7qxzOeEZvV4xahWW4="},"lastRemoteEphemeralKey":"BfTEwKZTIsFXplVKo3Xo2sEByhVEW8yd9MlED5BecNJa","previousCounter":0,"rootKey":"jwblX1XTcET7tBOuPl7bRYpYWB69b5r9AVFT1XMFNcw="},"indexInfo":{"baseKey":"BdVNXurtPOpOoXK+CcGA5eYeyJu8+7uVM29qkrMUgVd1","baseKeyType":1,"closed":-1,"used":1740353865976,"created":1740353865976,"remoteIdentityKey":"BeTcljuuvtUZFmToO3FVfMo4ppmevqaNdLO3yHCV37pw"},"_chains":{"BSErKDDN0kW3JaXSt2s0mCoENGeVMCO0SBX+M0bH6AJc":{"chainKey":{"counter":0,"key":"RfhoP9fhuOMy30OIGvQyRjzwHfbccORGhQQe/cgeKqQ="},"chainType":1,"messageKeys":{}}},"pendingPreKey":{"signedKeyId":1,"baseKey":"BdVNXurtPOpOoXK+CcGA5eYeyJu8+7uVM29qkrMUgVd1","preKeyId":10081363}}},"version":"v1"}