{"_sessions":{"BXHIa6mhqjZvFxOljX7ZS7ctHs4GecIhpe3mJkl7Sz4l":{"registrationId":1559298409,"currentRatchet":{"ephemeralKeyPair":{"pubKey":"BYvxpZh7FL6YUq3JQeQ8tUdsKghSc/Hy9pKmmFwhGoEv","privKey":"6JxOaZ3icrSHiepBfrQm8HJvWNl/tEYBoc1rMMo7rV4="},"lastRemoteEphemeralKey":"BUYrQ745e7jra/yxJmavsjP1o4NOU8L7EOTaGRYwVQpy","previousCounter":0,"rootKey":"Zk+vWrxBHycU+sOU1pdc5eLVcNEg20NgG4V2buJeSyc="},"indexInfo":{"baseKey":"BXHIa6mhqjZvFxOljX7ZS7ctHs4GecIhpe3mJkl7Sz4l","baseKeyType":1,"closed":-1,"used":1740353864105,"created":1740353864105,"remoteIdentityKey":"BZuZwC4oy69E3FBe4HIo8Z2gJC3DQmgiD6oFzOH+4GxR"},"_chains":{"BYvxpZh7FL6YUq3JQeQ8tUdsKghSc/Hy9pKmmFwhGoEv":{"chainKey":{"counter":0,"key":"sh0A7Wb6qsPt7vrXu45Zp6tdEfDR6mtOm15SxFaG6uc="},"chainType":1,"messageKeys":{}}},"pendingPreKey":{"signedKeyId":0,"baseKey":"BXHIa6mhqjZvFxOljX7ZS7ctHs4GecIhpe3mJkl7Sz4l","preKeyId":14266967}}},"version":"v1"}