{"_sessions":{"Bf0ymeknJ5Y4aP/C6u74UzURCi2WwN/lyCb7MAv6H6A2":{"registrationId":489023412,"currentRatchet":{"ephemeralKeyPair":{"pubKey":"BXrFo2RQkZCOYE8Xz+9Z0qoH/I/rH/HWNXMGn5q7fdY8","privKey":"mKn2Q6FBWSe3tMIIkMJqb154FSrQfe2vSVCx9UXnkV0="},"lastRemoteEphemeralKey":"BVF8Ud+2wJV3K2fJAGyPHgsxOi0o/ysF+TptjY91AvEw","previousCounter":0,"rootKey":"ugWye/rQIAgnOBdsxV6eQboLRbf8QoRa4dxuwj8jxQ4="},"indexInfo":{"baseKey":"Bf0ymeknJ5Y4aP/C6u74UzURCi2WwN/lyCb7MAv6H6A2","baseKeyType":1,"closed":-1,"used":1740353863965,"created":1740353863965,"remoteIdentityKey":"BQsN78hUFT8aZB61hVo/hFzxUYAWWtTskWmA9229KXAb"},"_chains":{"BXrFo2RQkZCOYE8Xz+9Z0qoH/I/rH/HWNXMGn5q7fdY8":{"chainKey":{"counter":0,"key":"ddBaYUfwz5aa1xLyFRa2xM/nrcQAuqHDn0qDd8vu0i0="},"chainType":1,"messageKeys":{}}},"pendingPreKey":{"signedKeyId":2,"baseKey":"Bf0ymeknJ5Y4aP/C6u74UzURCi2WwN/lyCb7MAv6H6A2","preKeyId":9055014}}},"version":"v1"}