{"_sessions":{"BXT3JyCb4Beg4HzdTJtpAOR28jDiFaMi/yj4Q/9xTP4o":{"registrationId":648632697,"currentRatchet":{"ephemeralKeyPair":{"pubKey":"BepggzFuyltsdFfsONPGHzv64suvG3ipSx18bpQuUREn","privKey":"0C+I5Qqgi3/YkYBBtJH/uF1XDcxJIeDKqIyX1v8ZSE0="},"lastRemoteEphemeralKey":"BbwtiOvGqcjkqJ0k80pkWSYDJEEcw/jqx+9xSZHmnHQp","previousCounter":0,"rootKey":"N5L7z5lheIMhKgJjMCDbI3cK/7gV6NmAndBw4JxwJaE="},"indexInfo":{"baseKey":"BXT3JyCb4Beg4HzdTJtpAOR28jDiFaMi/yj4Q/9xTP4o","baseKeyType":1,"closed":-1,"used":1740353866913,"created":1740353866913,"remoteIdentityKey":"BfV+DC2j+SI8x4usY47/0dEMZ5pawMoASUjDvF+DbFgb"},"_chains":{"BepggzFuyltsdFfsONPGHzv64suvG3ipSx18bpQuUREn":{"chainKey":{"counter":0,"key":"6rlyIr+OUpgZrxOT5zTyk+eoe0rARhVh9+0ts/M+8ns="},"chainType":1,"messageKeys":{}}},"pendingPreKey":{"signedKeyId":0,"baseKey":"BXT3JyCb4Beg4HzdTJtpAOR28jDiFaMi/yj4Q/9xTP4o","preKeyId":1025376}}},"version":"v1"}