{"_sessions":{"Bev3JwS/DLIdujLBJBF3K0puEleyKSrmSEZm40zNBdB/":{"registrationId":492308644,"currentRatchet":{"ephemeralKeyPair":{"pubKey":"BXmZg4K2NqhH8YOBdzITDDnZqNno5a5NCeHxx6BuGZwc","privKey":"cG2mHnX2SI949U4nzeTl2pubJrz34Zsm1CBcXlwczlE="},"lastRemoteEphemeralKey":"BWr1gHIGpukQypXVyEpCDBBdlO+Sy7R8xfkkzPlLlbY1","previousCounter":0,"rootKey":"vF+sPkqAw7UXGZlzhUN1NvyxFQ9OFl3Vy2+lA1tWcMs="},"indexInfo":{"baseKey":"Bev3JwS/DLIdujLBJBF3K0puEleyKSrmSEZm40zNBdB/","baseKeyType":1,"closed":-1,"used":1740353866226,"created":1740353866226,"remoteIdentityKey":"Bd08pnLyaQsCHSqc25997hFtugthEvWtD0UgAoJ3JuBd"},"_chains":{"BXmZg4K2NqhH8YOBdzITDDnZqNno5a5NCeHxx6BuGZwc":{"chainKey":{"counter":0,"key":"lJHaW/l542LIjhPWmFO0sfMEWOAvDwEeRIQbBe5m0v4="},"chainType":1,"messageKeys":{}}},"pendingPreKey":{"signedKeyId":16,"baseKey":"Bev3JwS/DLIdujLBJBF3K0puEleyKSrmSEZm40zNBdB/","preKeyId":13911235}}},"version":"v1"}