{"_sessions":{"Bcn3M9MGToBgfhFog64iLOjjxf0LLhKDB6E1ufMhaTsw":{"registrationId":617533797,"currentRatchet":{"ephemeralKeyPair":{"pubKey":"Bd9jE4M61popt1rIqrOiGlkzCCCNie+f+YFqCO4gm957","privKey":"EBK0qtrBkrnLjWIl0ULvuMzwHIqJRMlFnZc3JAYWkV0="},"lastRemoteEphemeralKey":"BU/HnGJTiIRaVByfRt8VbpcRtCOya1VrpdT6syCaRaJL","previousCounter":0,"rootKey":"buLzZwXefls/tUTVqCcUUkNpgC9z0s5ihqGNcJfZPOQ="},"indexInfo":{"baseKey":"Bcn3M9MGToBgfhFog64iLOjjxf0LLhKDB6E1ufMhaTsw","baseKeyType":1,"closed":-1,"used":1740353863938,"created":1740353863938,"remoteIdentityKey":"BbopQ/UncjRgYAYmZ3HtW5K0pO7Lr7yyiz0Ql859dLtf"},"_chains":{"Bd9jE4M61popt1rIqrOiGlkzCCCNie+f+YFqCO4gm957":{"chainKey":{"counter":0,"key":"jBKXmrunpJ/YTiEz8BYAX81fc8ExmmKUpCmlkCRgueo="},"chainType":1,"messageKeys":{}}},"pendingPreKey":{"signedKeyId":0,"baseKey":"Bcn3M9MGToBgfhFog64iLOjjxf0LLhKDB6E1ufMhaTsw","preKeyId":8542723}}},"version":"v1"}