{"_sessions":{"BeTIlRmmTgfvgO9HC/9YcCWP0t10NhlMtpwzz9fLAeYT":{"registrationId":544132231,"currentRatchet":{"ephemeralKeyPair":{"pubKey":"BdA1WC6ICluv2r6zQEJfgIfx5stKRj+41N7uD4yOwapR","privKey":"8JhAakzYdWYwMVc56rB7HuBv1Gqe1BClQix4sf2/5nQ="},"lastRemoteEphemeralKey":"BdErE5iPyWoneotGpVRLn+scP/n43x/Nx14+bnU4gwc5","previousCounter":0,"rootKey":"Cg/L+oNL1xjjriPtNdiZXf5YhoKHyB2OTiCd6nDDy0A="},"indexInfo":{"baseKey":"BeTIlRmmTgfvgO9HC/9YcCWP0t10NhlMtpwzz9fLAeYT","baseKeyType":1,"closed":-1,"used":1740353866934,"created":1740353866934,"remoteIdentityKey":"BQTJjF/GqXz09PPVrdQ19qWnpAzBLV3MNIUSzAn5AqlU"},"_chains":{"BdA1WC6ICluv2r6zQEJfgIfx5stKRj+41N7uD4yOwapR":{"chainKey":{"counter":0,"key":"p3c7C2tSN3tXcrFXa2178pKZiDlSBHt6JNvuLjmdwMQ="},"chainType":1,"messageKeys":{}}},"pendingPreKey":{"signedKeyId":33,"baseKey":"BeTIlRmmTgfvgO9HC/9YcCWP0t10NhlMtpwzz9fLAeYT","preKeyId":3779054}}},"version":"v1"}