{"_sessions":{"BXi0JaNDlqkHpK2w2zvmsD8tRFosmFnR+yY3AXNsRD5h":{"registrationId":1268651904,"currentRatchet":{"ephemeralKeyPair":{"pubKey":"Bf2WMiUr5QMauA3S1/mWE4dKHZJkFZ4zosl5OMDRqVp9","privKey":"0JLuXLqRXPQX1AxGmtdZhQc9rxlPBg53HG9r+NmBzE8="},"lastRemoteEphemeralKey":"BWoHVkp9aEgsXH/5Sq7m5MBatukwei+9FDhyWs5wlfYI","previousCounter":0,"rootKey":"eVpuJL7Sbz2Rc3upeNGHFXNFt+rFVoT9nwjWVGm9IyU="},"indexInfo":{"baseKey":"BXi0JaNDlqkHpK2w2zvmsD8tRFosmFnR+yY3AXNsRD5h","baseKeyType":1,"closed":-1,"used":1740353865996,"created":1740353865996,"remoteIdentityKey":"BQXG//BZokXzyB0M6xfPY1ShqaxnOCNkkx248Pc3KPQw"},"_chains":{"Bf2WMiUr5QMauA3S1/mWE4dKHZJkFZ4zosl5OMDRqVp9":{"chainKey":{"counter":0,"key":"bIYeADdmDfihxDMjQJMVrY0d0OPbgadKcRJQmoxh+Rw="},"chainType":1,"messageKeys":{}}},"pendingPreKey":{"signedKeyId":0,"baseKey":"BXi0JaNDlqkHpK2w2zvmsD8tRFosmFnR+yY3AXNsRD5h","preKeyId":11959916}}},"version":"v1"}