{"_sessions":{"BfEth/8ubViE9ont4hHw4rLQfo2/++ifV+iKh65oZ75A":{"registrationId":688063477,"currentRatchet":{"ephemeralKeyPair":{"pubKey":"BZEx87YhleUdzcj7SdU9jOPPJU4oCAZqD0f0Ws1NBGJu","privKey":"8MqqaGhaWJbyLj3hUGuRHR9XvwTlAD9mYOZEt1a6Znc="},"lastRemoteEphemeralKey":"BVf0XOjbzAIUl8DX3PaPAThMdCAc0DIyG2PCNA2Y6y5K","previousCounter":0,"rootKey":"ySFulWUHwEg7c3em4kZvqim2qRNGGhrp+FC6vMAd8C4="},"indexInfo":{"baseKey":"BfEth/8ubViE9ont4hHw4rLQfo2/++ifV+iKh65oZ75A","baseKeyType":1,"closed":-1,"used":1740353863907,"created":1740353863907,"remoteIdentityKey":"BXYkLQftMxUCKe2H8k8l3ukhcUHBqBP+13bDHZYIy4Z1"},"_chains":{"BZEx87YhleUdzcj7SdU9jOPPJU4oCAZqD0f0Ws1NBGJu":{"chainKey":{"counter":0,"key":"YDSHKM7YfQp/eyGcgIT9w/0ZPEOdZewHFsnmSqG9po4="},"chainType":1,"messageKeys":{}}},"pendingPreKey":{"signedKeyId":0,"baseKey":"BfEth/8ubViE9ont4hHw4rLQfo2/++ifV+iKh65oZ75A","preKeyId":13592259}}},"version":"v1"}