{"_sessions":{"BW4lohKMiwvxvxbOnd+deJZU4stzNgX4bvLHRQgc6Px4":{"registrationId":1286593146,"currentRatchet":{"ephemeralKeyPair":{"pubKey":"BabefmhDjZvNGATpA12vcN+3nm5f0WsaJnAoa6Q7JSt7","privKey":"GJuZKJrdv5OPrg3CWj0eO81zxybj+JxGGDvZU1JF3Hs="},"lastRemoteEphemeralKey":"BaLuBqZdy6qKz55s+yG19gLcpF+HcP4nYzwpBD4gAtAw","previousCounter":0,"rootKey":"lPLpnlcsS5nmhVjgKrAwIU6IXzOYc+++gezPP2dA+VQ="},"indexInfo":{"baseKey":"BW4lohKMiwvxvxbOnd+deJZU4stzNgX4bvLHRQgc6Px4","baseKeyType":1,"closed":-1,"used":1740353866138,"created":1740353866138,"remoteIdentityKey":"BYG6iTNpRF+ZfL47+mHrKSFw6u0VDJsz7BtBXYB6M1Eh"},"_chains":{"BabefmhDjZvNGATpA12vcN+3nm5f0WsaJnAoa6Q7JSt7":{"chainKey":{"counter":0,"key":"jiaRHmwVHhBVBk82NFGEwrHgPW3+cMyK8UzfuPJN830="},"chainType":1,"messageKeys":{}}},"pendingPreKey":{"signedKeyId":5,"baseKey":"BW4lohKMiwvxvxbOnd+deJZU4stzNgX4bvLHRQgc6Px4","preKeyId":1613189}}},"version":"v1"}