{"_sessions":{"BYxhMNdXAhWB0GzQYIgPDwwZS5f8ZMDXwwxoDebwTmkc":{"registrationId":497340127,"currentRatchet":{"ephemeralKeyPair":{"pubKey":"BUMXGdfAtIEWDcvdyLvxKJbPv/2ha10ZEybi+a58fGsc","privKey":"UAPYGpE1LR7j4/VlQu+Bg/iRobMmyAIcApKXQ1t6sVI="},"lastRemoteEphemeralKey":"BSkzJ5TCVa3C25mjBOe8wF9ov4omSPRiy3zKn3959zYc","previousCounter":0,"rootKey":"c+xR/f2A7yY8y8JNWB28cGhifUulMNesuQLiLUECjGs="},"indexInfo":{"baseKey":"BYxhMNdXAhWB0GzQYIgPDwwZS5f8ZMDXwwxoDebwTmkc","baseKeyType":1,"closed":-1,"used":1740353866214,"created":1740353866214,"remoteIdentityKey":"BZle5U0sJSywGDhD5BjgJM2S1y9pwa5rzPvb4S3njRo4"},"_chains":{"BUMXGdfAtIEWDcvdyLvxKJbPv/2ha10ZEybi+a58fGsc":{"chainKey":{"counter":0,"key":"Q0gGZRgX4WjOowUJ2pK7a03ysNaV9P0iSZ2hmzuhoR0="},"chainType":1,"messageKeys":{}}},"pendingPreKey":{"signedKeyId":4,"baseKey":"BYxhMNdXAhWB0GzQYIgPDwwZS5f8ZMDXwwxoDebwTmkc","preKeyId":6705237}}},"version":"v1"}