{"_sessions":{"BZk3wdxGtEpfXltMoL7cncx04pEb3kp8BtkyQMm32zhk":{"registrationId":1168324531,"currentRatchet":{"ephemeralKeyPair":{"pubKey":"BRS680BbavOSOpWj1GSRMjnhHUVQXJ99+qVwoXrLFPl1","privKey":"aHSqhg4A5vJRsUzPAehlmzZJDyyx6BSgSkRU60ytBnQ="},"lastRemoteEphemeralKey":"BexzU7zAPai4W72wVKRntiwT6cvRCwKzyDYf2PxeAG9l","previousCounter":0,"rootKey":"K1U/JqHhLYMwDUDGjKVYaScNBHxAy48FnIFtDbhZAi0="},"indexInfo":{"baseKey":"BZk3wdxGtEpfXltMoL7cncx04pEb3kp8BtkyQMm32zhk","baseKeyType":1,"closed":-1,"used":1740353866134,"created":1740353866134,"remoteIdentityKey":"BUmHeJHJIS6jYWnJFJEnF69J7Ve54teXw8PtSEDFP7pL"},"_chains":{"BRS680BbavOSOpWj1GSRMjnhHUVQXJ99+qVwoXrLFPl1":{"chainKey":{"counter":0,"key":"CExpDwe54rCOykS3RGFMs4on6BF93XUHdz4xpF3IUrI="},"chainType":1,"messageKeys":{}}},"pendingPreKey":{"signedKeyId":13,"baseKey":"BZk3wdxGtEpfXltMoL7cncx04pEb3kp8BtkyQMm32zhk","preKeyId":535950}}},"version":"v1"}