{"_sessions":{"BQcMG0t3AIp+HKzk3LRtIi6NkoOa/g9civCRWGjRPwdk":{"registrationId":1294947666,"currentRatchet":{"ephemeralKeyPair":{"pubKey":"BerLjYwEYqTm7R2Oyn+ThDnvoHLifcfXOvcvNT0RbskL","privKey":"YLDtTPBP/wjO4jj54PRNxfctDUMNu6zdYpAqWr0fhXc="},"lastRemoteEphemeralKey":"BRZKAH9LTgwqvi7v/vs8S7xed2D05XRJG/bSDW/sxAEq","previousCounter":0,"rootKey":"7Nx2SZBV8YeWcf9ibhgwP0psC9YZhsrsTZapsHM+hS4="},"indexInfo":{"baseKey":"BQcMG0t3AIp+HKzk3LRtIi6NkoOa/g9civCRWGjRPwdk","baseKeyType":2,"closed":-1,"used":1740353904674,"created":1740353904674,"remoteIdentityKey":"BTD3k/g+YYeuqT25uTgXe5Ej2sRwrV5NoUXX31isUTgd"},"_chains":{"BRZKAH9LTgwqvi7v/vs8S7xed2D05XRJG/bSDW/sxAEq":{"chainKey":{"counter":0,"key":"9NUmFzvEIzrNQNjBcsK2WYX/+nQ+UslMaXHV5D+Mjbs="},"chainType":2,"messageKeys":{}},"BerLjYwEYqTm7R2Oyn+ThDnvoHLifcfXOvcvNT0RbskL":{"chainKey":{"counter":-1,"key":"7dgMLhwbDRLKyt3i8v2fkMSCEGCDdgPRFWmkqpufraw="},"chainType":1,"messageKeys":{}}}}},"version":"v1"}