{"_sessions":{"BVrlrSJzqLHFtb3zo01642zUrSo8J8bhikbHOe1uL7h7":{"registrationId":697002144,"currentRatchet":{"ephemeralKeyPair":{"pubKey":"BcCMCj6HxJv5jJYPQ3UDRmodoO4CQfNz0OcFxGEn3Gkz","privKey":"GAtH6sxAge4YnfwRA2YTBxSQTE5p5mr0Lmxi52r5Fn8="},"lastRemoteEphemeralKey":"BQlUUg7Hkg/vkOUjl86RLvxlP/5oBU2/fSEN2Jo1Ol4O","previousCounter":0,"rootKey":"ZVJQjTo3AdOM5d0E7PJduzLGHWeCsSxqJvUuJlpd03I="},"indexInfo":{"baseKey":"BVrlrSJzqLHFtb3zo01642zUrSo8J8bhikbHOe1uL7h7","baseKeyType":1,"closed":-1,"used":1740353867034,"created":1740353867034,"remoteIdentityKey":"BcOfLGKK1SHibBK5zgpYRwxK7coYVlncpNY7h4zS3KNc"},"_chains":{"BcCMCj6HxJv5jJYPQ3UDRmodoO4CQfNz0OcFxGEn3Gkz":{"chainKey":{"counter":0,"key":"aSOJ8iUTFlzS5EUgNyqAbK2thfkUVeuXr/d86hR7ZZM="},"chainType":1,"messageKeys":{}}},"pendingPreKey":{"signedKeyId":0,"baseKey":"BVrlrSJzqLHFtb3zo01642zUrSo8J8bhikbHOe1uL7h7","preKeyId":13784067}}},"version":"v1"}