{"_sessions":{"BaEihvMKNz5N6eglmiIxlgNiLjuPEU4PwGn7wVuUSLtV":{"registrationId":1754858432,"currentRatchet":{"ephemeralKeyPair":{"pubKey":"BQSAZD3PaozZzmAcgeidtZOCojloQ9fV0zYPxEg/sjQ2","privKey":"cPjkBuGEwYNuqYEERHnfqXiF1BXoBOwhUN2cjopUdlk="},"lastRemoteEphemeralKey":"BahbotzcKwkFuSQziDUYHRbwo5N4MAaLzuvaBaQTGbFO","previousCounter":0,"rootKey":"zOvBxs63jo78DB8ZZ67Y0ZKAQ/zvCMPU4bOEA2U2xnM="},"indexInfo":{"baseKey":"BaEihvMKNz5N6eglmiIxlgNiLjuPEU4PwGn7wVuUSLtV","baseKeyType":1,"closed":-1,"used":1740353864128,"created":1740353864128,"remoteIdentityKey":"BVSL46R9Zk7feNXKjhQoxbJJ99qK5nllxkhpV3LuUFso"},"_chains":{"BQSAZD3PaozZzmAcgeidtZOCojloQ9fV0zYPxEg/sjQ2":{"chainKey":{"counter":0,"key":"21b5oLwNvU8zKUr677VqeIDm17mNpG12TRpwNpuJ0dI="},"chainType":1,"messageKeys":{}}},"pendingPreKey":{"signedKeyId":6,"baseKey":"BaEihvMKNz5N6eglmiIxlgNiLjuPEU4PwGn7wVuUSLtV","preKeyId":8310967}}},"version":"v1"}