{"_sessions":{"BcRxog8+DGAcKkzggXQDlvOQy6ezF6BcA/VTvzDQ8Ypm":{"registrationId":522182357,"currentRatchet":{"ephemeralKeyPair":{"pubKey":"Bdtzk+/2+B6b/XBPCwD9KE7zme9V3zNgI9o9GAJ9ywpu","privKey":"8EPGL/KoZxX3DDOp77DPOa4QlhOmBLKfLICxz+Pe7lA="},"lastRemoteEphemeralKey":"BdVTFUcEC0/nskT1TcNzJSGuS3N/ZdzDS7wynaQ3TmJ7","previousCounter":0,"rootKey":"EZYZRWfA3Sq6eS1eE0kZw0UaAEbcl0Ay1sExBy71Sv8="},"indexInfo":{"baseKey":"BcRxog8+DGAcKkzggXQDlvOQy6ezF6BcA/VTvzDQ8Ypm","baseKeyType":1,"closed":-1,"used":1740353865875,"created":1740353865875,"remoteIdentityKey":"BQjydb/vD5GvRBwFTY5CzJLgdACSn+HqhZ+AUUq1cIl7"},"_chains":{"Bdtzk+/2+B6b/XBPCwD9KE7zme9V3zNgI9o9GAJ9ywpu":{"chainKey":{"counter":0,"key":"b8vt/YMx3/est/Mu/jVV70yb+K5y2GE+2oeJnEmtk1w="},"chainType":1,"messageKeys":{}}},"pendingPreKey":{"signedKeyId":1,"baseKey":"BcRxog8+DGAcKkzggXQDlvOQy6ezF6BcA/VTvzDQ8Ypm","preKeyId":11094771}}},"version":"v1"}