{"_sessions":{"BQLdR9IBne4ot4SucG7xXwZLLc7/NobeuND4G5/OU+k9":{"registrationId":1295237943,"currentRatchet":{"ephemeralKeyPair":{"pubKey":"Be+vI8dhdqIl5behwC6MSG610JntW0b3yLHetdiZw7I8","privKey":"cLA0WwUndeYxjWOiOqoOzPtFzSnpp4kmeYGphwJtbmQ="},"lastRemoteEphemeralKey":"BctOHkNkFXIHI5vX2EqYVTSV+MxwQLHDI9l9O1TqyXRp","previousCounter":0,"rootKey":"gBJhZTPbgru1hONEd0FeuC0Z5b6eXVeYCd4JA0uRlfc="},"indexInfo":{"baseKey":"BQLdR9IBne4ot4SucG7xXwZLLc7/NobeuND4G5/OU+k9","baseKeyType":1,"closed":-1,"used":1740354227677,"created":1740353864157,"remoteIdentityKey":"BRC3wBUWnix4gqh3YWGUY9px8+Yeeu4ITBAybWk7DQQY"},"_chains":{"BctOHkNkFXIHI5vX2EqYVTSV+MxwQLHDI9l9O1TqyXRp":{"chainKey":{"counter":0,"key":"93vpXL3mC/IM7irpWHtz9EEFweRQ/SKxLbmUpiFdlt0="},"chainType":2,"messageKeys":{}},"Be+vI8dhdqIl5behwC6MSG610JntW0b3yLHetdiZw7I8":{"chainKey":{"counter":-1,"key":"0NOyEKhGzi2SYKFbvJnUjAZlR1iS6MWqdLIZTqEEYU4="},"chainType":1,"messageKeys":{}}}}},"version":"v1"}