{"_sessions":{"BYTKgpCGb1RWaEDD9CTgpx7vCnXkL4SlMG4DDKyU4SVf":{"registrationId":322360145,"currentRatchet":{"ephemeralKeyPair":{"pubKey":"BXCjlEYqgoup3QNoKXgwZkwMDDvO2YW4C3C3702Mnmkc","privKey":"4At/T0x7jgfTxs7F8dYJHcF6rwAHzTLZiv1qL35Bh2c="},"lastRemoteEphemeralKey":"Bc8IJoxk5c460cODmcExpj99/Ml5Bmgmi0rHwqLKB1wT","previousCounter":0,"rootKey":"VqLUFQcE6AmBsKd/OLfPR4nyJ5PG53KqFyZHRK9BlCI="},"indexInfo":{"baseKey":"BYTKgpCGb1RWaEDD9CTgpx7vCnXkL4SlMG4DDKyU4SVf","baseKeyType":1,"closed":-1,"used":1740353865949,"created":1740353865949,"remoteIdentityKey":"BRzXJ2UyT/DfEiqiPqE9RNzp3XkaYh0TVRZdCjzq+3lk"},"_chains":{"BXCjlEYqgoup3QNoKXgwZkwMDDvO2YW4C3C3702Mnmkc":{"chainKey":{"counter":0,"key":"XYF7SvyZVW/TwAxEgovzhYZ7Yv3EZmpnqfRHjjtgZLM="},"chainType":1,"messageKeys":{}}},"pendingPreKey":{"signedKeyId":15,"baseKey":"BYTKgpCGb1RWaEDD9CTgpx7vCnXkL4SlMG4DDKyU4SVf","preKeyId":10007893}}},"version":"v1"}