{"_sessions":{"BcmcCIoTMG+7PQqcUEFErjV29YhdVYL/3BaS9baY/uIu":{"registrationId":24881178,"currentRatchet":{"ephemeralKeyPair":{"pubKey":"BSAwQYuTm6ppndh3gX0eifcq5u0Dq+yyBOu5vEzG8fpw","privKey":"YHZuSBYSaSxkI3F0DFADB9jOf99PxjAYNOLxEXJ7/lk="},"lastRemoteEphemeralKey":"BVFgrARkng2B6Q82V4nfMaFURIfxIeFTH7zdWhdksqs/","previousCounter":0,"rootKey":"Pe1u8MavNiIPLaF19j/SQN2bKPP9cGnxKNS013+SM0E="},"indexInfo":{"baseKey":"BcmcCIoTMG+7PQqcUEFErjV29YhdVYL/3BaS9baY/uIu","baseKeyType":1,"closed":-1,"used":1740353866088,"created":1740353866088,"remoteIdentityKey":"BTnpMP8ZUdp3b62rmUB+rQUHNRq4PRyWSaYL6l9hBotk"},"_chains":{"BSAwQYuTm6ppndh3gX0eifcq5u0Dq+yyBOu5vEzG8fpw":{"chainKey":{"counter":0,"key":"7/KULcBMhkENH7cq3ONee3hVNBr32QiNuGlc9NTkepw="},"chainType":1,"messageKeys":{}}},"pendingPreKey":{"signedKeyId":6,"baseKey":"BcmcCIoTMG+7PQqcUEFErjV29YhdVYL/3BaS9baY/uIu","preKeyId":7596873}}},"version":"v1"}