{"_sessions":{"BeNnXKzxy+i5Y7Jm35HdRUvQXv9O+ldj2qLel2L92bZc":{"registrationId":1454498747,"currentRatchet":{"ephemeralKeyPair":{"pubKey":"Bb9CnuNDZSjgFdHNiTJcu1UJdnaML2blzYORbTnryq0i","privKey":"EIWCxVs4Z/xXIUmUYOmg67WA+I9/S6VcY8eWuZzDeVM="},"lastRemoteEphemeralKey":"Bb2maZJ0Houjbf4roTAnJTdCvjq5H72sbiq1PgawsktO","previousCounter":0,"rootKey":"x6xahAf0Lx0uabyl3BF7abu6uoPlkD91td2PLFxLcXU="},"indexInfo":{"baseKey":"BeNnXKzxy+i5Y7Jm35HdRUvQXv9O+ldj2qLel2L92bZc","baseKeyType":1,"closed":-1,"used":1740353866126,"created":1740353866126,"remoteIdentityKey":"Bdl50v0ITz2lA+6aKwUYnNQQFYYTzv2Bh+H01+/GlEhM"},"_chains":{"Bb9CnuNDZSjgFdHNiTJcu1UJdnaML2blzYORbTnryq0i":{"chainKey":{"counter":0,"key":"kf3w0Ybw2k1ShoKHyyt3c15xWA7KF56LpM9qffBZrkI="},"chainType":1,"messageKeys":{}}},"pendingPreKey":{"signedKeyId":3,"baseKey":"BeNnXKzxy+i5Y7Jm35HdRUvQXv9O+ldj2qLel2L92bZc","preKeyId":9513487}}},"version":"v1"}