{"_sessions":{"BT5iMI5vIIB0tz9J0HMO1H5hkRZmE2RYqF3LTEpKTWgf":{"registrationId":258354652,"currentRatchet":{"ephemeralKeyPair":{"pubKey":"BRPkr2zqcA0awoE/dnI/ae7J6oyiYtztAt+zcI1fwpl5","privKey":"sGLsfhfYcXh8dUwp4mw7grBVEmJwO6t5rawBtNBlnUQ="},"lastRemoteEphemeralKey":"Bedl1Kk5koohTFC7HbANGGlBDhjaXQ3skEEH3HY66TE1","previousCounter":0,"rootKey":"sGdcIiVDM+P8Hw+Z2OUdCT84y9S2lE1UuKWqxZXQRdA="},"indexInfo":{"baseKey":"BT5iMI5vIIB0tz9J0HMO1H5hkRZmE2RYqF3LTEpKTWgf","baseKeyType":1,"closed":-1,"used":1740353866016,"created":1740353866016,"remoteIdentityKey":"BfcjCpJSC0u5+mKkPLsp8XdIYOUwejLB0KWBTht/xlNq"},"_chains":{"BRPkr2zqcA0awoE/dnI/ae7J6oyiYtztAt+zcI1fwpl5":{"chainKey":{"counter":0,"key":"6HMN+wBS+1vje4YNpkoO62SCudEj3yMc7SS+2Virkiw="},"chainType":1,"messageKeys":{}}},"pendingPreKey":{"signedKeyId":18,"baseKey":"BT5iMI5vIIB0tz9J0HMO1H5hkRZmE2RYqF3LTEpKTWgf","preKeyId":2611604}}},"version":"v1"}