{"_sessions":{"BRQxEquz7gypYmJwgusO7QpCKEyRI7oyeWj4MdgHloxl":{"registrationId":836842143,"currentRatchet":{"ephemeralKeyPair":{"pubKey":"BQsAMivuW7Jlk3LBuIgx50nGRf+e6CoDc+DQQZ7Ca/sl","privKey":"6IuI0imwSQtQnC1C7p7JG+OnlCnKowc1OVYfHJUqYVM="},"lastRemoteEphemeralKey":"BfvMPuynaQEVKMGlgn6eA4dnvpfxWU9CVIKfTVLFPaY2","previousCounter":0,"rootKey":"hocNGVqZl1vDmwPWb5kwB5VNQLxeI+0/8xELjDKUSjI="},"indexInfo":{"baseKey":"BRQxEquz7gypYmJwgusO7QpCKEyRI7oyeWj4MdgHloxl","baseKeyType":1,"closed":-1,"used":1740353866873,"created":1740353866873,"remoteIdentityKey":"BXcMSlaEeQXevhDtPcxZAwfmRWmyRCMQkKZLtbvkAgUm"},"_chains":{"BQsAMivuW7Jlk3LBuIgx50nGRf+e6CoDc+DQQZ7Ca/sl":{"chainKey":{"counter":0,"key":"pu5iUHFjD2F1t72wdTAkyQYWrcxZ7dh8q8kXKYPr0Sw="},"chainType":1,"messageKeys":{}}},"pendingPreKey":{"signedKeyId":0,"baseKey":"BRQxEquz7gypYmJwgusO7QpCKEyRI7oyeWj4MdgHloxl","preKeyId":8103212}}},"version":"v1"}