{"_sessions":{"BbiZLzpAJKCRaX9r3MLhBnWM+u2Eqr4fOk5yHPBcKVpa":{"registrationId":1326571277,"currentRatchet":{"ephemeralKeyPair":{"pubKey":"BTr76ydkFy31kgrcSX+J4gCJL3QrP3v8VblexTa7zagG","privKey":"CGxPa64SOS399gjQxEBOvsLsQeSLEU78SflwO/RAAkA="},"lastRemoteEphemeralKey":"BUd6Yho5N3ibAdj6AVkbAv1Xc9IbZtYtjunMen1w2ywU","previousCounter":0,"rootKey":"ZBO9WgNqJeFuP6HRnuPhGuUV5NHTH8KqKuiMbs5Y2Ik="},"indexInfo":{"baseKey":"BbiZLzpAJKCRaX9r3MLhBnWM+u2Eqr4fOk5yHPBcKVpa","baseKeyType":1,"closed":-1,"used":1740353864160,"created":1740353864160,"remoteIdentityKey":"BWUriWbageXyyCrKMnFuo4tKqMCsSypBDep0bhKqUNo9"},"_chains":{"BTr76ydkFy31kgrcSX+J4gCJL3QrP3v8VblexTa7zagG":{"chainKey":{"counter":0,"key":"q3KOwWZOia+sw/Y4Ks/lNc1deDBbCS5CbIB2TxhUx2I="},"chainType":1,"messageKeys":{}}},"pendingPreKey":{"signedKeyId":1,"baseKey":"BbiZLzpAJKCRaX9r3MLhBnWM+u2Eqr4fOk5yHPBcKVpa","preKeyId":16136511}}},"version":"v1"}