{"_sessions":{"BTCxp/xunu8a+8D25sFW4Nf7KusZVO5Ellry7w4BOx0y":{"registrationId":1189640336,"currentRatchet":{"ephemeralKeyPair":{"pubKey":"BST+NE3EW58jUdt8iiJfy7OSHI3m62VeKsj7qLPA5H1q","privKey":"cDT8ZcbO1cPvTukWpAJEsuV71ep69wXD1uPptbNO+W0="},"lastRemoteEphemeralKey":"BQXwqW/B3fLiSyhZFUi/+vR6P0OGPnMIzDAAWvEr/LIp","previousCounter":0,"rootKey":"CCPU17VqUdOMCOM07De5aKJfUFocqjt03ozAt/eBkTM="},"indexInfo":{"baseKey":"BTCxp/xunu8a+8D25sFW4Nf7KusZVO5Ellry7w4BOx0y","baseKeyType":1,"closed":-1,"used":1740353866046,"created":1740353866046,"remoteIdentityKey":"BQC4rDuByoj0xdOnGDx90oHoUDvodu+wfacPt3+wfi0a"},"_chains":{"BST+NE3EW58jUdt8iiJfy7OSHI3m62VeKsj7qLPA5H1q":{"chainKey":{"counter":0,"key":"XmW3/SNdn1w1prEICALXGLoZozai7g8xSqU613Lk38g="},"chainType":1,"messageKeys":{}}},"pendingPreKey":{"signedKeyId":10,"baseKey":"BTCxp/xunu8a+8D25sFW4Nf7KusZVO5Ellry7w4BOx0y","preKeyId":9564469}}},"version":"v1"}