{"_sessions":{"BdUrnIQYDvT2Rto0DI31XShGozyiXTwSITtD2/H1R0cr":{"registrationId":81425910,"currentRatchet":{"ephemeralKeyPair":{"pubKey":"BV9rFjLt0x/I2lCDNymXPAlYFJRIKNrvPYZpWh22NjQe","privKey":"SJi4CPk77Uw2/IDTQKcbR4cjI2HQ7zg/SiIPSqAgtW0="},"lastRemoteEphemeralKey":"BfnCTCYpcsjAHyof5etfgQ7HvKieoEtQ67PA88EBS9AT","previousCounter":0,"rootKey":"8yp564nL+5h8KKJitOuhRAnhjqwtm9XKbVOyIDo97Gg="},"indexInfo":{"baseKey":"BdUrnIQYDvT2Rto0DI31XShGozyiXTwSITtD2/H1R0cr","baseKeyType":1,"closed":-1,"used":1740353865933,"created":1740353865933,"remoteIdentityKey":"BWX9nw3a6mqkx89Hcm4IkIVXfFyFrqFqxTl6AtrECMkh"},"_chains":{"BV9rFjLt0x/I2lCDNymXPAlYFJRIKNrvPYZpWh22NjQe":{"chainKey":{"counter":0,"key":"UbWA4amPfrLAkOzvtuRYNtnBB7tVfIKzU6iaNl2yfXc="},"chainType":1,"messageKeys":{}}},"pendingPreKey":{"signedKeyId":3,"baseKey":"BdUrnIQYDvT2Rto0DI31XShGozyiXTwSITtD2/H1R0cr","preKeyId":2766474}}},"version":"v1"}