{"_sessions":{"BRfinFVD0ThPsx83eXWeUCahYV8O3d1Q97ZP74zD0r93":{"registrationId":2151,"currentRatchet":{"ephemeralKeyPair":{"pubKey":"BVNU3Z0TaUBDVCWsEmS2kV+tByAqMxVEwqE+BWe4mBkz","privKey":"4DM08Yv+dZ7l1Y2azHoNgSU6bYYrPRF7kAfuSZEzsVI="},"lastRemoteEphemeralKey":"Bf13VSxD2/xJAVKGfgsioIAC1nRndtamhtIAczsM549e","previousCounter":0,"rootKey":"EG6y3qE7wf3bW7soiLMaEDpMkOSHhL/P0nT5paroPg4="},"indexInfo":{"baseKey":"BRfinFVD0ThPsx83eXWeUCahYV8O3d1Q97ZP74zD0r93","baseKeyType":1,"closed":-1,"used":1740353863867,"created":1740353863867,"remoteIdentityKey":"BUcfBTpsFHJz9vGKGbjQtrJbJ1ng2MFBYt+lVBFO8Alf"},"_chains":{"BVNU3Z0TaUBDVCWsEmS2kV+tByAqMxVEwqE+BWe4mBkz":{"chainKey":{"counter":0,"key":"rHhwAd/HGp4R7kOnmDLb1/71dWYFNWQzLOFBJIkuNR8="},"chainType":1,"messageKeys":{}}},"pendingPreKey":{"signedKeyId":1,"baseKey":"BRfinFVD0ThPsx83eXWeUCahYV8O3d1Q97ZP74zD0r93"}}},"version":"v1"}