{"_sessions":{"Bf+8E64/PS16ZV/MBl1LhSY1QxMiqsosPkWoYUwOU654":{"registrationId":141888709,"currentRatchet":{"ephemeralKeyPair":{"pubKey":"BUwRvRKURjwG4QGiQh1kiWmiYsEjfLzYlzIEI+fI94kU","privKey":"+IVsce6ZhECLF2xwUHy1RZH+pnfPsG2sddsg69BZ5Ww="},"lastRemoteEphemeralKey":"Bf5VbmqlE30mR5OSK75q6IaHIVI/HpaTiiwtwtCVtUQq","previousCounter":0,"rootKey":"ugdAmIbXuiR0/ZpMBECS8drtDo7jFijTG7BFy33T0F0="},"indexInfo":{"baseKey":"Bf+8E64/PS16ZV/MBl1LhSY1QxMiqsosPkWoYUwOU654","baseKeyType":1,"closed":-1,"used":1740353866042,"created":1740353866042,"remoteIdentityKey":"BVExdDQhQWnwWHxV2D3r2LL2LzPniEZp80+yiM+8E/Eq"},"_chains":{"BUwRvRKURjwG4QGiQh1kiWmiYsEjfLzYlzIEI+fI94kU":{"chainKey":{"counter":0,"key":"dHqUPTvUqfBOxISxmQHm3Ri45v9qb4LxAjrCWUkk4mI="},"chainType":1,"messageKeys":{}}},"pendingPreKey":{"signedKeyId":3,"baseKey":"Bf+8E64/PS16ZV/MBl1LhSY1QxMiqsosPkWoYUwOU654","preKeyId":6415207}}},"version":"v1"}