{"_sessions":{"BWzHUO7XwRzJWF87PYyH4eqE0s8PmLiCZKrhpr26YARh":{"registrationId":891200938,"currentRatchet":{"ephemeralKeyPair":{"pubKey":"BVfVKWFC4tgbFuMEfPtj2ay0rpjAz7PJKyojx/AyQQxA","privKey":"6MpLcBipIv+PRq+ALg6ip1DrZ5rxQE7VteyP3Hmwo38="},"lastRemoteEphemeralKey":"BdHFxXXxFYskd2/JtlrwYVWvFdV8pJNGLtMMcY5j7zAL","previousCounter":0,"rootKey":"T3nFcRDelRWYEVwOAGUA63fpf1xaVGZwa1lXNy/gWRo="},"indexInfo":{"baseKey":"BWzHUO7XwRzJWF87PYyH4eqE0s8PmLiCZKrhpr26YARh","baseKeyType":1,"closed":-1,"used":1740353866179,"created":1740353866179,"remoteIdentityKey":"BRrNNAKak35TeduEa03MjjbknYPFraUDuMggfTSC8gRj"},"_chains":{"BVfVKWFC4tgbFuMEfPtj2ay0rpjAz7PJKyojx/AyQQxA":{"chainKey":{"counter":0,"key":"3cuJpHP6wfIK1q/zkIR/q3dcz9UC/KKMJ2wu7Z7rZfE="},"chainType":1,"messageKeys":{}}},"pendingPreKey":{"signedKeyId":4,"baseKey":"BWzHUO7XwRzJWF87PYyH4eqE0s8PmLiCZKrhpr26YARh","preKeyId":7341866}}},"version":"v1"}