{"_sessions":{"BXBEBBU4eXkcw6KA7HcuNJvN5DJ3Mq5Sdvwoul5gc5IA":{"registrationId":359315046,"currentRatchet":{"ephemeralKeyPair":{"pubKey":"BXUfuLOZf/Tuyp2rJ4A0lOgupQrImYnUz0A0JGiecUEE","privKey":"iFxl91AYv8z7NeVvRcWTn0Y0MKw4t33WsIsd5S35OXk="},"lastRemoteEphemeralKey":"BYpVXHVkitKFeTPEmSYUuFHPWy2xjvFDpLPw9k0llqZ+","previousCounter":0,"rootKey":"tuFWMj6TNazdzdL994vQAVqnVghe1nD/myK9BR4TZhs="},"indexInfo":{"baseKey":"BXBEBBU4eXkcw6KA7HcuNJvN5DJ3Mq5Sdvwoul5gc5IA","baseKeyType":1,"closed":-1,"used":1740353866199,"created":1740353866199,"remoteIdentityKey":"BfC5yM8FZm8Jp5qe0t6woHuUb1x5NrhXHnUerymC+TM3"},"_chains":{"BXUfuLOZf/Tuyp2rJ4A0lOgupQrImYnUz0A0JGiecUEE":{"chainKey":{"counter":0,"key":"dPa3RZwLdlgKIuYK4HmWg4nns2XSoLZzltIfNq6hXdQ="},"chainType":1,"messageKeys":{}}},"pendingPreKey":{"signedKeyId":10,"baseKey":"BXBEBBU4eXkcw6KA7HcuNJvN5DJ3Mq5Sdvwoul5gc5IA","preKeyId":4787125}}},"version":"v1"}