{"_sessions":{"Bbmi1pE+dECDC/mQsneUr6Aa2XFQYrpewBe6MjQteLYU":{"registrationId":1466873192,"currentRatchet":{"ephemeralKeyPair":{"pubKey":"BViqcpgZ8HMlRQZCuKAoyv5cY5pAf4lFlObFvtENeBFq","privKey":"mCQuJoQew4s4lyUa2+z/uyq/ciqJxzlvykYdokGQ0GE="},"lastRemoteEphemeralKey":"BQKWrSs5RfKAcKrGkbF1SY6/H9/hU9LuFCmMTFWII59S","previousCounter":0,"rootKey":"PZutAyoLOwHQiWN4hXdtQzldfIUVFHfXkTK1w+QKBXA="},"indexInfo":{"baseKey":"Bbmi1pE+dECDC/mQsneUr6Aa2XFQYrpewBe6MjQteLYU","baseKeyType":1,"closed":-1,"used":1740353866141,"created":1740353866141,"remoteIdentityKey":"BVaFQV78WppU5Vv/c/eihnji8ifOFvxiv5irI6racwon"},"_chains":{"BViqcpgZ8HMlRQZCuKAoyv5cY5pAf4lFlObFvtENeBFq":{"chainKey":{"counter":0,"key":"J5Midchw5nCLBT4PaWji+kBJcE8ckXg9f6U1DLuphWg="},"chainType":1,"messageKeys":{}}},"pendingPreKey":{"signedKeyId":3,"baseKey":"Bbmi1pE+dECDC/mQsneUr6Aa2XFQYrpewBe6MjQteLYU","preKeyId":11446867}}},"version":"v1"}