{"_sessions":{"BdKdO7jC2bMzDNs6SAY7DIe+04j6Ai4/KN7AdiO4m0dm":{"registrationId":1904506596,"currentRatchet":{"ephemeralKeyPair":{"pubKey":"BU88P64I4k+4Ffqo0HKoc3kUl+Co788jVpVkhl0Ij2M6","privKey":"UDnl4ByI5g6oL/6e5ITuZElMdKDs9dGpi1xQ3wxwfkI="},"lastRemoteEphemeralKey":"BTi2/UbVPvh+JLK5uwMR8RT/Oe15w8ZfhBfngeZeQuxw","previousCounter":0,"rootKey":"jz8jbgu84WeB346wB4dH1X5YOBmSKD7DKtoGUun51eg="},"indexInfo":{"baseKey":"BdKdO7jC2bMzDNs6SAY7DIe+04j6Ai4/KN7AdiO4m0dm","baseKeyType":1,"closed":-1,"used":1740353866990,"created":1740353866990,"remoteIdentityKey":"BS6g9oCH4zTlmrvj5GM5mh7tQNyAeJXf8iePilqQ2vY3"},"_chains":{"BU88P64I4k+4Ffqo0HKoc3kUl+Co788jVpVkhl0Ij2M6":{"chainKey":{"counter":0,"key":"DzMwIZHprk+Jtnwl+UJ1Rh2spjncVzmXprpLQSH2T4w="},"chainType":1,"messageKeys":{}}},"pendingPreKey":{"signedKeyId":1,"baseKey":"BdKdO7jC2bMzDNs6SAY7DIe+04j6Ai4/KN7AdiO4m0dm","preKeyId":11070068}}},"version":"v1"}