{"_sessions":{"BR6/VQUf3buaQY8yV6FdD1WVollHCrhHJKB960yMU/Yd":{"registrationId":835596835,"currentRatchet":{"ephemeralKeyPair":{"pubKey":"BfWyBLH2Cu/tAdVYWza9PlJUPg1Ar1att5YbjziBBc9Q","privKey":"iA+D0Rl5cfrvK4C3EF2W8BaUqUjmWvGqjsFAsfBTU1g="},"lastRemoteEphemeralKey":"BQvyWO3KfM9KupXry11AZ0hnt+JnvY19v5wK9lvSxYsm","previousCounter":0,"rootKey":"Syro9sSAzpBk4kzZ+qNwSVG84CRZWmb3uVeMI0tmWIU="},"indexInfo":{"baseKey":"BR6/VQUf3buaQY8yV6FdD1WVollHCrhHJKB960yMU/Yd","baseKeyType":1,"closed":-1,"used":1740353865863,"created":1740353865863,"remoteIdentityKey":"BZTaCJR8Fs06fnpHv2BpEclRiva69/MzfrlxXRxr6l4k"},"_chains":{"BfWyBLH2Cu/tAdVYWza9PlJUPg1Ar1att5YbjziBBc9Q":{"chainKey":{"counter":0,"key":"MDAcAs54T+U1st/vMGIb4IO1B7Za5lKACRzsuIAp8aI="},"chainType":1,"messageKeys":{}}},"pendingPreKey":{"signedKeyId":1,"baseKey":"BR6/VQUf3buaQY8yV6FdD1WVollHCrhHJKB960yMU/Yd","preKeyId":4159354}}},"version":"v1"}