{"_sessions":{"BWXCDyJ5Xssi/H0naot6y10dx2aR5P2JR6QvT8sIsA0p":{"registrationId":12868,"currentRatchet":{"ephemeralKeyPair":{"pubKey":"BQRel+Jl7WNHLcu9mOpcrBv1rOg1TuI6k5TOJcd+SKRN","privKey":"cNXIrFut1xfUv15rim4Rqi1yJr/sL3SwbfMsVt8421c="},"lastRemoteEphemeralKey":"BZgdZcmq3M5lbpW3SMavS8kX1OFb1sUXhdod5Kq3534D","previousCounter":0,"rootKey":"9xwrAUTrwLHuJScy1hlHrNTFr29FXGFcnPCsHfglUjE="},"indexInfo":{"baseKey":"BWXCDyJ5Xssi/H0naot6y10dx2aR5P2JR6QvT8sIsA0p","baseKeyType":1,"closed":-1,"used":1740353863863,"created":1740353863863,"remoteIdentityKey":"BeShW2CkW1ckabL8u7IHTW1T895pQtXv87mJ2dT0Fugo"},"_chains":{"BQRel+Jl7WNHLcu9mOpcrBv1rOg1TuI6k5TOJcd+SKRN":{"chainKey":{"counter":0,"key":"dnFsBBflMVZy2w6nzJlBShKkPdNB1EtcTGQF5Xi292s="},"chainType":1,"messageKeys":{}}},"pendingPreKey":{"signedKeyId":1,"baseKey":"BWXCDyJ5Xssi/H0naot6y10dx2aR5P2JR6QvT8sIsA0p","preKeyId":1685}}},"version":"v1"}