{"_sessions":{"BSCgfSD6TVXsbPv9GNkgDG54dbkWR50DZcp0ie0b098W":{"registrationId":243652381,"currentRatchet":{"ephemeralKeyPair":{"pubKey":"BT/5xJyPoIUmrf3ghQCPTOE5oor+i//FOAkrLCnsrGZJ","privKey":"APcNR/u2GFB4Oa6awA1ZA2YvpUysU6jPWl9oLEiu/lU="},"lastRemoteEphemeralKey":"BR1govOo9kUEzZ5gBg6D55fQXiIGNiuA2XpMX9vSVX0C","previousCounter":0,"rootKey":"8cBspy0s41BMPko7cV33sHWss+dwlWQTBhCmDipKjKU="},"indexInfo":{"baseKey":"BSCgfSD6TVXsbPv9GNkgDG54dbkWR50DZcp0ie0b098W","baseKeyType":1,"closed":-1,"used":1740353866947,"created":1740353866947,"remoteIdentityKey":"BSPVBSrr5C4XjIybrUp5riJm7RYWfjv4iosB2Iy3alJn"},"_chains":{"BT/5xJyPoIUmrf3ghQCPTOE5oor+i//FOAkrLCnsrGZJ":{"chainKey":{"counter":0,"key":"m9jw8xJy6smpmf/8DTKZgMBt010+M0G/xUBVq7WrdIQ="},"chainType":1,"messageKeys":{}}},"pendingPreKey":{"signedKeyId":0,"baseKey":"BSCgfSD6TVXsbPv9GNkgDG54dbkWR50DZcp0ie0b098W","preKeyId":4332166}}},"version":"v1"}