{"_sessions":{"BWSDoHYhIuDlUoUbbXnT6iFoUyZHGU7rBp8Tx1WMEgwZ":{"registrationId":94886137,"currentRatchet":{"ephemeralKeyPair":{"pubKey":"BUXr/FWuuGkMemcTJAbEGEIgBfQXMftDovu0uQ6uJb82","privKey":"qPnPA/sRvX1S6hN6MFIIfj45gyv5ncIJ+IgUEt34xkg="},"lastRemoteEphemeralKey":"BRDFDAjAL8eF8nhRQunmcXiwyMjsVJ711T8bmrjRLmwP","previousCounter":0,"rootKey":"kWY+BrktXfV4A8u8j348ingK0014gAiY9tF+3noPPls="},"indexInfo":{"baseKey":"BWSDoHYhIuDlUoUbbXnT6iFoUyZHGU7rBp8Tx1WMEgwZ","baseKeyType":1,"closed":-1,"used":1740353863980,"created":1740353863980,"remoteIdentityKey":"BTA0pg7zJCQl6yovXBBvTLzSkACr2BTgjr4rVz0QFbIY"},"_chains":{"BUXr/FWuuGkMemcTJAbEGEIgBfQXMftDovu0uQ6uJb82":{"chainKey":{"counter":0,"key":"Azdtr7ffZbzIMQlcFXzRJ7Jw89sWnDIcAE2z4HLAtho="},"chainType":1,"messageKeys":{}}},"pendingPreKey":{"signedKeyId":4,"baseKey":"BWSDoHYhIuDlUoUbbXnT6iFoUyZHGU7rBp8Tx1WMEgwZ","preKeyId":5214969}}},"version":"v1"}