{"_sessions":{"BUbzCUc7xSFNOclm4oQHgaWz4JHZnJeRO5EanIWsbRc1":{"registrationId":1629723388,"currentRatchet":{"ephemeralKeyPair":{"pubKey":"BXTo4xGALrxMXjMUmXkobTXCXYYddGMXh2RIgulzA7Zl","privKey":"yLQicdKv3MVYqKgJYey7LipQ75X1meo/x3SoqMdv4mg="},"lastRemoteEphemeralKey":"BX9RcpT+ojaZu9dxXldkganpqkSRh+JnQ5Fx+gdR8ZVS","previousCounter":0,"rootKey":"noQUSk9YhXBt0JEa0VNC6QAOavk5f+BicDOsKNa4uzs="},"indexInfo":{"baseKey":"BUbzCUc7xSFNOclm4oQHgaWz4JHZnJeRO5EanIWsbRc1","baseKeyType":1,"closed":-1,"used":1740353864062,"created":1740353864062,"remoteIdentityKey":"BS26hgW+Z4/VTIeH5f8CsLnJd0oWgbWaKLj8v5auQzZS"},"_chains":{"BXTo4xGALrxMXjMUmXkobTXCXYYddGMXh2RIgulzA7Zl":{"chainKey":{"counter":0,"key":"UCm+MPa5mVR982YvUqGY5bFnRO0YPPUP4Mw2JT3sp84="},"chainType":1,"messageKeys":{}}},"pendingPreKey":{"signedKeyId":1,"baseKey":"BUbzCUc7xSFNOclm4oQHgaWz4JHZnJeRO5EanIWsbRc1","preKeyId":8510693}}},"version":"v1"}