{"_sessions":{"Ben5OaCPhmpZD22OnqrcBQg86OcV+0XWx9Gi2cbJK55Z":{"registrationId":1847706853,"currentRatchet":{"ephemeralKeyPair":{"pubKey":"BWwk+Q34IqhVFpIo0yVijNK7sr1uOFwfft1T5aFgkE9Y","privKey":"UABSc7mPQT2eLDv4RcnG0VLcpoDE8fuQpNoKvenbpUs="},"lastRemoteEphemeralKey":"BV+BrXkj+QwTatM7NEnbJNPbD6io3nathAx/y+IBneJl","previousCounter":0,"rootKey":"RftlT0mT5soq/Mlo0wH+EBvC8kmJIo2sDR0pV0HfnCY="},"indexInfo":{"baseKey":"Ben5OaCPhmpZD22OnqrcBQg86OcV+0XWx9Gi2cbJK55Z","baseKeyType":1,"closed":-1,"used":1740353863962,"created":1740353863962,"remoteIdentityKey":"BeQxgW37wJic70EqGc65PXB9GmXgg7PVdy7nRAMTj0xj"},"_chains":{"BWwk+Q34IqhVFpIo0yVijNK7sr1uOFwfft1T5aFgkE9Y":{"chainKey":{"counter":0,"key":"RyZ97ZD4DQbglsHuHVxY/C5rZO+C3MTeyy6DcHclGF8="},"chainType":1,"messageKeys":{}}},"pendingPreKey":{"signedKeyId":0,"baseKey":"Ben5OaCPhmpZD22OnqrcBQg86OcV+0XWx9Gi2cbJK55Z","preKeyId":6773012}}},"version":"v1"}