{"_sessions":{"BagRxgvgFcvePs3v0l/G3uwIPFp8BS+VJo0gIz2HeKUD":{"registrationId":1515697839,"currentRatchet":{"ephemeralKeyPair":{"pubKey":"BTrc2Hs5CkJnZBZPB82IhvQRhlMZLenbFlQMlukOXcQO","privKey":"MGsjuevuYCs/nCs0eFDA0t4pSM4wHwfaPwB3MGzQMHA="},"lastRemoteEphemeralKey":"BZNYE2eaPMn7v9Wi59tYi4TThRAD/EXvuN8fmSv6picB","previousCounter":0,"rootKey":"CZlf4tpLDncJZ5UFz01gmDiZBST8KmAO8O/Sk3v/pg0="},"indexInfo":{"baseKey":"BagRxgvgFcvePs3v0l/G3uwIPFp8BS+VJo0gIz2HeKUD","baseKeyType":2,"closed":-1,"used":1740354171692,"created":1740354171692,"remoteIdentityKey":"BS52YQeWD57Xx3E3prQq10dCk/EbN1ZBUGSo8FmOvScT"},"_chains":{"BZNYE2eaPMn7v9Wi59tYi4TThRAD/EXvuN8fmSv6picB":{"chainKey":{"counter":0,"key":"DevdRCYoH4zNO4SfAlzl5nFLva+g1msK8X0xqPqs/54="},"chainType":2,"messageKeys":{}},"BTrc2Hs5CkJnZBZPB82IhvQRhlMZLenbFlQMlukOXcQO":{"chainKey":{"counter":-1,"key":"LX5fKAK/lnzVFIoZjLR1oIZHMNsctMUe8yLSn1eRAaw="},"chainType":1,"messageKeys":{}}}}},"version":"v1"}