{"_sessions":{"BRzzJB8iQi9nQwsLZ51Dnsdk76QeHgsEHyJfQhpUgocU":{"registrationId":14769,"currentRatchet":{"ephemeralKeyPair":{"pubKey":"BbZ/G7ShQ5+vQIQmnXovYcdMGMeUl/t8uzHteAunRlEt","privKey":"UF8EnnQhPHn5txxa1xJBVwsDdIByHiDIftUvHBDmcmQ="},"lastRemoteEphemeralKey":"BZfMLNx8nx/ZitGCw+IAwuCn+nok/DbHZxKy3EjUenkW","previousCounter":0,"rootKey":"k7dZ4su2S1AoBK0LT7nP7VPHu8D1v+iz8kZHo9Vw+dA="},"indexInfo":{"baseKey":"BRzzJB8iQi9nQwsLZ51Dnsdk76QeHgsEHyJfQhpUgocU","baseKeyType":1,"closed":-1,"used":1740353863842,"created":1740353863842,"remoteIdentityKey":"BYV3wHhSPh5IMJ9dvd9R13G8e/IST0U4GdEPZnyDV1xM"},"_chains":{"BbZ/G7ShQ5+vQIQmnXovYcdMGMeUl/t8uzHteAunRlEt":{"chainKey":{"counter":0,"key":"Qz1hQSJP5EblOJGTEzvH0MdqlJ3E0HGk/kOM8FHTZwE="},"chainType":1,"messageKeys":{}}},"pendingPreKey":{"signedKeyId":1,"baseKey":"BRzzJB8iQi9nQwsLZ51Dnsdk76QeHgsEHyJfQhpUgocU"}}},"version":"v1"}