{"_sessions":{"BTjG3Nb3iWXmkBRFHYBM0AsPhfOJNGrkweFxjLf0FxoO":{"registrationId":138577542,"currentRatchet":{"ephemeralKeyPair":{"pubKey":"BVkTUHhqmNSYngBGX2BE74Uxhu6YdLni1cRWml9g2C1w","privKey":"cPYTQnyGD2eDQRqASiAgZdGYfJaUDdk42aksrZ0lrFY="},"lastRemoteEphemeralKey":"Bf0ZDI8lOxaVwzsOMxiL1WGRa0Aemle/OaJAnbkvvNok","previousCounter":0,"rootKey":"1a+qvu5FhmUYmAYLb3HcZQkcqAQ9ANn2ocv8Ryw152M="},"indexInfo":{"baseKey":"BTjG3Nb3iWXmkBRFHYBM0AsPhfOJNGrkweFxjLf0FxoO","baseKeyType":1,"closed":-1,"used":1740353865964,"created":1740353865964,"remoteIdentityKey":"BX8sRrAjUe0ABc/NXht/b21ud44/VLa7vTHlsU4ivupO"},"_chains":{"BVkTUHhqmNSYngBGX2BE74Uxhu6YdLni1cRWml9g2C1w":{"chainKey":{"counter":0,"key":"I3Msdeq7aBwdMShvNQks2Y9qUVcmKq6eMEMhDgae/Lo="},"chainType":1,"messageKeys":{}}},"pendingPreKey":{"signedKeyId":5,"baseKey":"BTjG3Nb3iWXmkBRFHYBM0AsPhfOJNGrkweFxjLf0FxoO","preKeyId":835797}}},"version":"v1"}