{"_sessions":{"BYxXztfEMsYLzeucqk086zY/+VbYHE2IpPPprdtgPRYc":{"registrationId":1639146315,"currentRatchet":{"ephemeralKeyPair":{"pubKey":"BXnvIlu0saj6SHqVJmpIFIv94PAC9AXz9xxfqTl+cUBU","privKey":"QH5Il7EWppoP1IzHHHpsZlzL2HBrc3xntapMUUJ4IHc="},"lastRemoteEphemeralKey":"BT0tDpwHGCcQ6IqzgEm7CJ01bxb29T6xsC1m3/Mb+PYf","previousCounter":0,"rootKey":"bKRlXbCXulFYkh6yXOqJJuO7PikDGxDFcUsd5MHeL98="},"indexInfo":{"baseKey":"BYxXztfEMsYLzeucqk086zY/+VbYHE2IpPPprdtgPRYc","baseKeyType":1,"closed":-1,"used":1740353865922,"created":1740353865922,"remoteIdentityKey":"BVXr0pWxO99jGmr/Lhx3XQB5veB7GvUY4Nhwl6Kx7LFe"},"_chains":{"BXnvIlu0saj6SHqVJmpIFIv94PAC9AXz9xxfqTl+cUBU":{"chainKey":{"counter":0,"key":"2tC2NK0DtPfou2yZwER61bWS/q88UaJPXxv4HdXUebc="},"chainType":1,"messageKeys":{}}},"pendingPreKey":{"signedKeyId":10,"baseKey":"BYxXztfEMsYLzeucqk086zY/+VbYHE2IpPPprdtgPRYc","preKeyId":12246527}}},"version":"v1"}