{"_sessions":{"Ba1NPlf/cAhVVvbkWVrMLTUIhf5V7XhE2N/+vKlWScQH":{"registrationId":1729537012,"currentRatchet":{"ephemeralKeyPair":{"pubKey":"BSx4V1dwyxuhNZNsvw1f5stgUO3YFmnvazsorZTeTrFl","privKey":"gEtkNU9E+SDkHYUi56MUvEb9TzRLPqsx5dihIQN2DmU="},"lastRemoteEphemeralKey":"Bfa75A2p/5tk/6Btvl0Z2t0SOcz5LI0xIPnQ0fsCVPMc","previousCounter":0,"rootKey":"x59/dl8l8RdfXcfYnjAiJa7KNjMuWINBNxnNv1pvedA="},"indexInfo":{"baseKey":"Ba1NPlf/cAhVVvbkWVrMLTUIhf5V7XhE2N/+vKlWScQH","baseKeyType":1,"closed":-1,"used":1740353866978,"created":1740353866978,"remoteIdentityKey":"BSfkSv3VtEXa81s4CJf/F26HO0jB44yDj8sn+vdGP+sv"},"_chains":{"BSx4V1dwyxuhNZNsvw1f5stgUO3YFmnvazsorZTeTrFl":{"chainKey":{"counter":0,"key":"7ttNm+wDphs+WxiqWP5bM4qRtcgGNzvTyJm0XHWf2Z8="},"chainType":1,"messageKeys":{}}},"pendingPreKey":{"signedKeyId":8,"baseKey":"Ba1NPlf/cAhVVvbkWVrMLTUIhf5V7XhE2N/+vKlWScQH","preKeyId":1504608}}},"version":"v1"}