{"_sessions":{"BSU/0FGwZytyX6S6fK4tJPiyL8G2ZaC5QrAePwDZdTFj":{"registrationId":1714882226,"currentRatchet":{"ephemeralKeyPair":{"pubKey":"BZHpbd85lt4WKElNCVb3lGgvKffbSZ6d8PFeXp+yCcRa","privKey":"MJuyytEapvmOKCy4cP0Mp3ouQHO3wjc4uYRzDIwMjFw="},"lastRemoteEphemeralKey":"BYoSig74ef+KwIW7ANMhGTC9WuVheOjjt1yYRgfhjkMl","previousCounter":0,"rootKey":"dXPdfQuM9sRkiZT1pR+nVaL6enGehAvMV7SIr8AyrjQ="},"indexInfo":{"baseKey":"BSU/0FGwZytyX6S6fK4tJPiyL8G2ZaC5QrAePwDZdTFj","baseKeyType":1,"closed":-1,"used":1740353864077,"created":1740353864077,"remoteIdentityKey":"Bbk6uEZuNAwEO9KAutyyurgxeotpsIlV4iD0HLifnbFX"},"_chains":{"BZHpbd85lt4WKElNCVb3lGgvKffbSZ6d8PFeXp+yCcRa":{"chainKey":{"counter":0,"key":"+0VQRpT4r5ocTrrVQc/oSnassXgFxMmYjjT/pcq3AqE="},"chainType":1,"messageKeys":{}}},"pendingPreKey":{"signedKeyId":2,"baseKey":"BSU/0FGwZytyX6S6fK4tJPiyL8G2ZaC5QrAePwDZdTFj","preKeyId":13742069}}},"version":"v1"}