{"_sessions":{"BZ46IAb8CtsEt5DvRkgZQJf/kKtVgrJXX/9oiTnLFP87":{"registrationId":212509853,"currentRatchet":{"ephemeralKeyPair":{"pubKey":"BUK1/03igJvUpXA/cN7NC1PY/MZxhCBG1Oq8Ctlp2D9f","privKey":"cFsTfAiMAbpRk42J6allaach955nWqY3iYhw5l4AkFw="},"lastRemoteEphemeralKey":"BZx+apiSfUaeYvSTLcjssz/a4svntW1NLNUROaIJPF06","previousCounter":0,"rootKey":"Q4x7ZLce5kb1z5WyrDLtfgFsMOgAIF/1mdB/IaLrdoo="},"indexInfo":{"baseKey":"BZ46IAb8CtsEt5DvRkgZQJf/kKtVgrJXX/9oiTnLFP87","baseKeyType":1,"closed":-1,"used":1740353865980,"created":1740353865980,"remoteIdentityKey":"BZWzxxAXpNEqOHKaKvPkXnkyBYypfAeKQp1vB7k1e1gx"},"_chains":{"BUK1/03igJvUpXA/cN7NC1PY/MZxhCBG1Oq8Ctlp2D9f":{"chainKey":{"counter":0,"key":"fdRhQao8cY/r8i43ko2tyMGwTEJYIT2DLWAxhsOFZ0M="},"chainType":1,"messageKeys":{}}},"pendingPreKey":{"signedKeyId":4,"baseKey":"BZ46IAb8CtsEt5DvRkgZQJf/kKtVgrJXX/9oiTnLFP87","preKeyId":16040721}}},"version":"v1"}