{"_sessions":{"BXPSjN/tfAfT75frjhYN+ETAzEg0nviTHPBexVbHnEZw":{"registrationId":728668823,"currentRatchet":{"ephemeralKeyPair":{"pubKey":"BYXOOh5qelnV6YL13wCygrvR4Hn9ZZtJERKXgp0FflF7","privKey":"UJ/ooQqM/qkAB1jCgg7Vf289ux74JbsrLKu/SKRDrF0="},"lastRemoteEphemeralKey":"Bf+aTc8Iybyvt1an/+0wTdss16xbnR1PulqjHyxerRJs","previousCounter":0,"rootKey":"nhLcAsYRvo7hiIuC9UCukaOFafcvj8p94g6hjDD1P4o="},"indexInfo":{"baseKey":"BXPSjN/tfAfT75frjhYN+ETAzEg0nviTHPBexVbHnEZw","baseKeyType":1,"closed":-1,"used":1740353866023,"created":1740353866023,"remoteIdentityKey":"BX/pBwo35kZeRngKXRlC0jVTAP+ePYXovLn+c2bnnVlP"},"_chains":{"BYXOOh5qelnV6YL13wCygrvR4Hn9ZZtJERKXgp0FflF7":{"chainKey":{"counter":0,"key":"ZuHPDUBFaXPX7zzOEyr2AVvXYgyItO7RPX7zPsoadrE="},"chainType":1,"messageKeys":{}}},"pendingPreKey":{"signedKeyId":9,"baseKey":"BXPSjN/tfAfT75frjhYN+ETAzEg0nviTHPBexVbHnEZw","preKeyId":3569588}}},"version":"v1"}