{"_sessions":{"BRCULcEBoOU9rkC3ubvDxF5CM4ztME7M5qW1n/6RhCIC":{"registrationId":547579772,"currentRatchet":{"ephemeralKeyPair":{"pubKey":"BV3wf4wMyj/T1aICN7UlllrkFeryQGUbNMEsG10ZfDFE","privKey":"UNf08qw+EMeLjzXA5bz3kzlDrhEId+8Pe0NvNnQfQFA="},"lastRemoteEphemeralKey":"BQYpGc3+cae+NKLuIRdTzkJWJ8FiMyDCnGxcvQmZ9/dF","previousCounter":0,"rootKey":"rCA1Gkz+P+Oqt8u7+DMBNNXqxxWT8Ctl32WcvqinuPI="},"indexInfo":{"baseKey":"BRCULcEBoOU9rkC3ubvDxF5CM4ztME7M5qW1n/6RhCIC","baseKeyType":1,"closed":-1,"used":1740353864066,"created":1740353864066,"remoteIdentityKey":"BZjWpm20Ax2t77r2sdAuMytc7l0PGaXPHedpEDh8WKUK"},"_chains":{"BV3wf4wMyj/T1aICN7UlllrkFeryQGUbNMEsG10ZfDFE":{"chainKey":{"counter":0,"key":"COH1mCU5hpHAjEWDSiABeaa4WMWr7dy+NkdLd88wgUA="},"chainType":1,"messageKeys":{}}},"pendingPreKey":{"signedKeyId":6,"baseKey":"BRCULcEBoOU9rkC3ubvDxF5CM4ztME7M5qW1n/6RhCIC","preKeyId":15396362}}},"version":"v1"}