{"_sessions":{"BZTpOzXh36K4TmUH1FeCi0Rp5O5MF4VL0nFtyrEMh1JN":{"registrationId":839855287,"currentRatchet":{"ephemeralKeyPair":{"pubKey":"BaqJjbRUPsux4jo/B0rj97ssB8Ppewxvrm7wGAi0ZoA+","privKey":"yG5L6y2FxqRLsud1wZ328W0eQqQmbxI9n8knOiNwkko="},"lastRemoteEphemeralKey":"BX5tc1M9tE4pqV+ZEcc1w4qNTog3FBkX0QCjxRWbv+4N","previousCounter":0,"rootKey":"i4nidAttIWXfLQdGoBCUxwBHKSwybqovFXqhK166TIk="},"indexInfo":{"baseKey":"BZTpOzXh36K4TmUH1FeCi0Rp5O5MF4VL0nFtyrEMh1JN","baseKeyType":1,"closed":-1,"used":1740353866054,"created":1740353866054,"remoteIdentityKey":"Bei/+Dm+P7hrs9t4sOTnlgLBzVZZdSTynogz2NEiZYZY"},"_chains":{"BaqJjbRUPsux4jo/B0rj97ssB8Ppewxvrm7wGAi0ZoA+":{"chainKey":{"counter":0,"key":"XawEot8kmahw+L6gf+2vc+9WY2Fx4GqWGtK577ZI/9s="},"chainType":1,"messageKeys":{}}},"pendingPreKey":{"signedKeyId":0,"baseKey":"BZTpOzXh36K4TmUH1FeCi0Rp5O5MF4VL0nFtyrEMh1JN","preKeyId":12358897}}},"version":"v1"}