{"_sessions":{"Bbmg5QT2l7Ki02hZtKXXaxheND/TCO3CPmxNUgLkVPB3":{"registrationId":368641513,"currentRatchet":{"ephemeralKeyPair":{"pubKey":"BRm61wVNkzdP9+DlmW8Cwgud7FmMAtng3m+GEsTwm7UZ","privKey":"OAM2lq5AsuDhsTg0PX9jb/cWDGUPozVHBRh3bYvPsH8="},"lastRemoteEphemeralKey":"BesanGbUFQ4yeV5Ez6vopi1X2LAxsaw/5lDcsDfrER99","previousCounter":0,"rootKey":"uQ4DupxchOh/o4STHlkiWqGBdb/WXjC/680lHBVQ+oY="},"indexInfo":{"baseKey":"Bbmg5QT2l7Ki02hZtKXXaxheND/TCO3CPmxNUgLkVPB3","baseKeyType":1,"closed":-1,"used":1740353866922,"created":1740353866922,"remoteIdentityKey":"Bem9N0lHbIBIVCrwvNf/dG57EN3Cgbp1CPI8sbikXX0T"},"_chains":{"BRm61wVNkzdP9+DlmW8Cwgud7FmMAtng3m+GEsTwm7UZ":{"chainKey":{"counter":0,"key":"ZHLKJZlt0PU4iGNzY3ff7tfPVrSbSN5MNvdB/XhV8ok="},"chainType":1,"messageKeys":{}}},"pendingPreKey":{"signedKeyId":15,"baseKey":"Bbmg5QT2l7Ki02hZtKXXaxheND/TCO3CPmxNUgLkVPB3","preKeyId":1018963}}},"version":"v1"}