{"_sessions":{"BZGwb+xVXAGt3SdLPgX8HBXtRZ2Fo2bVixK4rLbPlzxi":{"registrationId":1063531669,"currentRatchet":{"ephemeralKeyPair":{"pubKey":"BeaBsIQzYv5zLMCMHOlAE1s6zX95OjMDVROLULYnm1E1","privKey":"WLNw6gWp8oZX9ugqe1WFuZmo3sxHq39wWPBWZSJ5zkc="},"lastRemoteEphemeralKey":"BfBB16ozIfSXHcW75K5LxH+J4oREBPBCUw6ZENZSKSRL","previousCounter":0,"rootKey":"elvgy/hNu6Ch/dcBbHeFJ7XIkXKMGgW8d5pqlSwbnyg="},"indexInfo":{"baseKey":"BZGwb+xVXAGt3SdLPgX8HBXtRZ2Fo2bVixK4rLbPlzxi","baseKeyType":1,"closed":-1,"used":1740353865918,"created":1740353865918,"remoteIdentityKey":"BatPgCVIz9BUdVkOyNjchvh4G5DV2+6lVOcfi4CwAqsX"},"_chains":{"BeaBsIQzYv5zLMCMHOlAE1s6zX95OjMDVROLULYnm1E1":{"chainKey":{"counter":0,"key":"ff43QahRG0PcDT/IwKINT7XlZ2YDXX6Ylz0eRCrbfOw="},"chainType":1,"messageKeys":{}}},"pendingPreKey":{"signedKeyId":21,"baseKey":"BZGwb+xVXAGt3SdLPgX8HBXtRZ2Fo2bVixK4rLbPlzxi","preKeyId":14658668}}},"version":"v1"}