{"_sessions":{"BU+LsE/YXi5k/sMVWNnJMHxA5n1Jns9fFsSOrkNz+a4I":{"registrationId":714984348,"currentRatchet":{"ephemeralKeyPair":{"pubKey":"BSwt0qm13TyhUfiWJQyHDjdQrT0kLDlA73pk1tBmdccS","privKey":"WAFjEJKXRKPpeHTKC0YPSr3K0ctp5YxQbiAjaRQbBlI="},"lastRemoteEphemeralKey":"BQOoLBQqEne8GLJcWTKcWpPlfW32yJNn4trhzAFYrXlZ","previousCounter":0,"rootKey":"/+DkfXlem9k94HFxu1Fi61MV2GqBQOeA6pLB12YhLKM="},"indexInfo":{"baseKey":"BU+LsE/YXi5k/sMVWNnJMHxA5n1Jns9fFsSOrkNz+a4I","baseKeyType":1,"closed":-1,"used":1740353863973,"created":1740353863973,"remoteIdentityKey":"BQ9qE6g4BQwzfXUfrHfHflwMHnkkTcmoc2PgXish2uQk"},"_chains":{"BSwt0qm13TyhUfiWJQyHDjdQrT0kLDlA73pk1tBmdccS":{"chainKey":{"counter":0,"key":"xo45jr93k1Q2996CLmwwh+42vqqHo8pJ/dyQ4ODaPi0="},"chainType":1,"messageKeys":{}}},"pendingPreKey":{"signedKeyId":2,"baseKey":"BU+LsE/YXi5k/sMVWNnJMHxA5n1Jns9fFsSOrkNz+a4I","preKeyId":2498606}}},"version":"v1"}