{"_sessions":{"Bf8gPO6LHgMfrGFuZu7pB1n9gYX1sLPkfmY9u+RqUBAq":{"registrationId":987792447,"currentRatchet":{"ephemeralKeyPair":{"pubKey":"Bb9YHQC92X6gKRtjTXrFU0a1UGWP9cVLofMs0QFipWhC","privKey":"0MCSxb9OTPzMk66Mfn9gmOnLdNsKOZJmUqkZ7chJUGg="},"lastRemoteEphemeralKey":"BVhhkAkKm6Sd8GfGKAUPMD3931GbwQowZqRBaI4Ot2hX","previousCounter":0,"rootKey":"tC8F6QV3joTNTgskRIL4PN6m/U6XuWH6bb6HbeYPIB4="},"indexInfo":{"baseKey":"Bf8gPO6LHgMfrGFuZu7pB1n9gYX1sLPkfmY9u+RqUBAq","baseKeyType":1,"closed":-1,"used":1740353863850,"created":1740353863850,"remoteIdentityKey":"BWclMI9spHrJW/DesyaVlprQAHswCtWma1zuy0E+et4Y"},"_chains":{"Bb9YHQC92X6gKRtjTXrFU0a1UGWP9cVLofMs0QFipWhC":{"chainKey":{"counter":0,"key":"wVWND8eBJiWjoXJYpw348OhR2rc49RnE94tg1U9KDSI="},"chainType":1,"messageKeys":{}}},"pendingPreKey":{"signedKeyId":68,"baseKey":"Bf8gPO6LHgMfrGFuZu7pB1n9gYX1sLPkfmY9u+RqUBAq","preKeyId":4610}}},"version":"v1"}