{"_sessions":{"BQ8qJ5BQ2P1TYZ3XTXQCUjyu8UbeL5n+HezMLhp7UHcx":{"registrationId":259126005,"currentRatchet":{"ephemeralKeyPair":{"pubKey":"BfoGcSUkcf/+EwHSIDWzQ6t8GeIzGLAevF/ztGKK4Yxr","privKey":"ePj+whF+HscMch11DSG+XPBjTXaQGqx/6kstyrP2AlQ="},"lastRemoteEphemeralKey":"BWkexspPMoKA+g+Cp5vH4PVx1+mPe5rWsMxo+yTCkGUi","previousCounter":0,"rootKey":"e/rA/UctWM1oMLEvaCuhpd9N9LChKbMBkSUBqgJaxIc="},"indexInfo":{"baseKey":"BQ8qJ5BQ2P1TYZ3XTXQCUjyu8UbeL5n+HezMLhp7UHcx","baseKeyType":1,"closed":-1,"used":1740353866261,"created":1740353866261,"remoteIdentityKey":"BRXQHLh/7QWRg0nkgK6stpVPQNHLqHd/bRpghcEVLeE3"},"_chains":{"BfoGcSUkcf/+EwHSIDWzQ6t8GeIzGLAevF/ztGKK4Yxr":{"chainKey":{"counter":0,"key":"GOmdfDptf93/KWNI4S8qtXd4deRP+f6s5ixsQmFuf80="},"chainType":1,"messageKeys":{}}},"pendingPreKey":{"signedKeyId":3,"baseKey":"BQ8qJ5BQ2P1TYZ3XTXQCUjyu8UbeL5n+HezMLhp7UHcx","preKeyId":7874333}}},"version":"v1"}