{"_sessions":{"BSgsBSoHCvJ15FV71Gp+4Bnlf2y8P8OAFUnf+HtG7PBG":{"registrationId":1831941014,"currentRatchet":{"ephemeralKeyPair":{"pubKey":"BehsEOYFeMrCgJFT3IikzvcN0EiMcBaB9X/1bRwK/W5K","privKey":"oEQQzz7mJK+yvZxzgpudKPYdBUCqlXrjzaRL8+B+03c="},"lastRemoteEphemeralKey":"BT5R4u0/+yf6pjys12N95SZ2m8GI7/7zunv2vlhn6TdC","previousCounter":0,"rootKey":"LAMD845/IOdocK5hGn7DWVXqHcJQYhgdsIQxYKF5p3U="},"indexInfo":{"baseKey":"BSgsBSoHCvJ15FV71Gp+4Bnlf2y8P8OAFUnf+HtG7PBG","baseKeyType":1,"closed":-1,"used":1740353866955,"created":1740353866955,"remoteIdentityKey":"Bbq3wE3aApzoEHwDK+GwLHTLncM1Yt8P5qMFWrAJBwV5"},"_chains":{"BehsEOYFeMrCgJFT3IikzvcN0EiMcBaB9X/1bRwK/W5K":{"chainKey":{"counter":0,"key":"6ZW99DVI5BTbs6uZdrmJhWub7MXMVHdol1pbFXxWS6Q="},"chainType":1,"messageKeys":{}}},"pendingPreKey":{"signedKeyId":1,"baseKey":"BSgsBSoHCvJ15FV71Gp+4Bnlf2y8P8OAFUnf+HtG7PBG","preKeyId":10441519}}},"version":"v1"}