{"_sessions":{"BXkgmQ1U9LNVnBAEycl6//sQLdn8kRUtgoiBu078vSIP":{"registrationId":858244198,"currentRatchet":{"ephemeralKeyPair":{"pubKey":"BTaoh0zeYSlAUGvVcUcXWipgJd0UGzPj90Wm34U8xsMA","privKey":"eIQPhrgkY1MK0p3+QpfFEnJqcaJgLwITAI2o9NlRpW8="},"lastRemoteEphemeralKey":"BUkz+gPP6PgCdr7qaldcwWGs5fLgSYG0/lQ72HBhLVBV","previousCounter":0,"rootKey":"j8X6s1PtQSUARS9/+3hFhxWM/fSEy0CEj7EtMszipj0="},"indexInfo":{"baseKey":"BXkgmQ1U9LNVnBAEycl6//sQLdn8kRUtgoiBu078vSIP","baseKeyType":1,"closed":-1,"used":1740353866130,"created":1740353866130,"remoteIdentityKey":"BcXB7fWlZGiFiKbViIjQ3q6eDZBeBguFMk7bszzwhsZs"},"_chains":{"BTaoh0zeYSlAUGvVcUcXWipgJd0UGzPj90Wm34U8xsMA":{"chainKey":{"counter":0,"key":"ZacwBwut6MZB9p7Ft2dFg7+O3FLgfcBSXUVWkw1QYdc="},"chainType":1,"messageKeys":{}}},"pendingPreKey":{"signedKeyId":39,"baseKey":"BXkgmQ1U9LNVnBAEycl6//sQLdn8kRUtgoiBu078vSIP","preKeyId":13264985}}},"version":"v1"}