{"_sessions":{"BbkKL8CM7z9YmXmjpINg09O/D9ufTmPSjzGc1Ud92VcU":{"registrationId":982301561,"currentRatchet":{"ephemeralKeyPair":{"pubKey":"BTA+YjgoiSzBXCwPAexRnZmxHOZr6IC/CMMnl0ecLSFr","privKey":"0AhValcZd57VErja07LilKRchuQ3O2jtIp6garxNS1w="},"lastRemoteEphemeralKey":"BS45rVlOycxr7E3NOVMkfyeuih9CGNY19PRVS0gAjB5H","previousCounter":0,"rootKey":"2QTqD9sxDf7w3mJLe9VuWvhHRJA58O9au8tS30kBduE="},"indexInfo":{"baseKey":"BbkKL8CM7z9YmXmjpINg09O/D9ufTmPSjzGc1Ud92VcU","baseKeyType":1,"closed":-1,"used":1740353865902,"created":1740353865902,"remoteIdentityKey":"BVVYP66x3MCkt/bpOdCIVn3Ncvm57Y8+U+tVv3LIUAQ7"},"_chains":{"BTA+YjgoiSzBXCwPAexRnZmxHOZr6IC/CMMnl0ecLSFr":{"chainKey":{"counter":0,"key":"w6KvoWrQMDU8tEgVrdufs6QQaeuubw9C/pSA+THDW8E="},"chainType":1,"messageKeys":{}}},"pendingPreKey":{"signedKeyId":3,"baseKey":"BbkKL8CM7z9YmXmjpINg09O/D9ufTmPSjzGc1Ud92VcU","preKeyId":8570924}}},"version":"v1"}