{"_sessions":{"BcPlEMYMQh0qxLWLsa2aSSPADY8pwW5J1ByQJ7yWErJU":{"registrationId":2057192209,"currentRatchet":{"ephemeralKeyPair":{"pubKey":"BQhTUUPazCuqQ4Me4ECn5jgkP7TzIQgob9xhIO3YLWEH","privKey":"MDbH/3N1Uv8doPJEdtTrbYmylfWjeMQQ/EDyfq7+XWM="},"lastRemoteEphemeralKey":"Babqpf0adxdOEy8mdt5YY4UALp6TpV6xyYZHU+6BXvlG","previousCounter":0,"rootKey":"CNRw7NKWEWPKL2032YL7Pg9Pb6eoG6qQWZD+D6QuDWQ="},"indexInfo":{"baseKey":"BcPlEMYMQh0qxLWLsa2aSSPADY8pwW5J1ByQJ7yWErJU","baseKeyType":1,"closed":-1,"used":1740353866012,"created":1740353866012,"remoteIdentityKey":"BWUUIuMp9P1EvH4MCj8rYy5kzY/2vffC4es3ez/IDA4L"},"_chains":{"BQhTUUPazCuqQ4Me4ECn5jgkP7TzIQgob9xhIO3YLWEH":{"chainKey":{"counter":0,"key":"bGqy1uiL+z4yjMNJyhzr0u2dUarz/BSf3iAJ6BireDU="},"chainType":1,"messageKeys":{}}},"pendingPreKey":{"signedKeyId":1,"baseKey":"BcPlEMYMQh0qxLWLsa2aSSPADY8pwW5J1ByQJ7yWErJU","preKeyId":6560032}}},"version":"v1"}