{"_sessions":{"BUfXydqQ+wbs/+HcOBy2hDJjMGi8pthutaGzTNBYXRAC":{"registrationId":1959488596,"currentRatchet":{"ephemeralKeyPair":{"pubKey":"BVJa231cNC70zvf0k9eNHcGvLCKMEVG/k+Fse/oZcVgi","privKey":"AFjtyzXTdO/zYsWSygbNwedF4xbcmqqPB7a+TWgFUW8="},"lastRemoteEphemeralKey":"BRS1iNc1rFx2BP35SHOGs+fXWTv2cHh1Mh2P5O7fVIgZ","previousCounter":0,"rootKey":"jUHbEnyS0SoGz8/DRqZP3g+FN0sem6XBEc+ME5+yFfo="},"indexInfo":{"baseKey":"BUfXydqQ+wbs/+HcOBy2hDJjMGi8pthutaGzTNBYXRAC","baseKeyType":1,"closed":-1,"used":1740353864071,"created":1740353864071,"remoteIdentityKey":"BUtY1yq4OmkFnihKXx27MTE1t0oYMu9IYkiQRnAhRykS"},"_chains":{"BVJa231cNC70zvf0k9eNHcGvLCKMEVG/k+Fse/oZcVgi":{"chainKey":{"counter":0,"key":"qLtiGv8/vSaJLAIZmGHsOX1VN85XPueRgBAQ1FUUDmw="},"chainType":1,"messageKeys":{}}},"pendingPreKey":{"signedKeyId":8,"baseKey":"BUfXydqQ+wbs/+HcOBy2hDJjMGi8pthutaGzTNBYXRAC","preKeyId":11080890}}},"version":"v1"}