{"_sessions":{"Bc9zAdysFBaeBhiGtg0GG5iuDkh23TSj+SMxPVmtd/w9":{"registrationId":1152076778,"currentRatchet":{"ephemeralKeyPair":{"pubKey":"BT8CUWWIlBolR7IJ5zvPyWqAXaoffD0q4zRUqmzGM9ND","privKey":"UMGMuhgQsEFWephrmX3aEeG9lsALj5c7PBTlpTGqwGI="},"lastRemoteEphemeralKey":"BVsuoOwFTlMjCVcDGcLBGykHgYsi3xDauFdZGuZeXAZT","previousCounter":0,"rootKey":"y8E0suOrQtZkbGS6Sk7izX7TEkZrxrNG9uP1pFUFb7s="},"indexInfo":{"baseKey":"Bc9zAdysFBaeBhiGtg0GG5iuDkh23TSj+SMxPVmtd/w9","baseKeyType":1,"closed":-1,"used":1740353867060,"created":1740353867060,"remoteIdentityKey":"BUI9fvZjTS37eNqBQw5Pg/BRU1sgiU4eRF/CAQ1TrTdR"},"_chains":{"BT8CUWWIlBolR7IJ5zvPyWqAXaoffD0q4zRUqmzGM9ND":{"chainKey":{"counter":0,"key":"nferVpqJE79nuIj9YbzAm9wdMVEObtSN0k22fDk7MIg="},"chainType":1,"messageKeys":{}}},"pendingPreKey":{"signedKeyId":6,"baseKey":"Bc9zAdysFBaeBhiGtg0GG5iuDkh23TSj+SMxPVmtd/w9","preKeyId":14629510}}},"version":"v1"}