{"_sessions":{"BYBFESRMS6ICv5YO8ePewP9gblZYxVDs0hMXfiaNX5MB":{"registrationId":1157812564,"currentRatchet":{"ephemeralKeyPair":{"pubKey":"BUhovBS0/8/J0ESAmP5th/uhGD3yBBMCKICeY1cfTSQo","privKey":"4NS03EHx0Rp1vk+uJ2eD08OsfLLsezqiZSRmFNvptnw="},"lastRemoteEphemeralKey":"BfBb6mnUTcQwSnLjxSAvfyL3mZXeUYqZZjSUOgUxBaoc","previousCounter":0,"rootKey":"h4kHtSMS8vD+eWbJPjQPN4s4uovlsOBWfriegCpTBeM="},"indexInfo":{"baseKey":"BYBFESRMS6ICv5YO8ePewP9gblZYxVDs0hMXfiaNX5MB","baseKeyType":1,"closed":-1,"used":1740353863900,"created":1740353863900,"remoteIdentityKey":"BWqMtnFJpOkbHSN29HNlRm+sofcJ8kEwCsS39qNXFv5r"},"_chains":{"BUhovBS0/8/J0ESAmP5th/uhGD3yBBMCKICeY1cfTSQo":{"chainKey":{"counter":0,"key":"wBqtC1xCnlCK29CuUu0vzinfzlKfzIqo5QDdVvRl6Ys="},"chainType":1,"messageKeys":{}}},"pendingPreKey":{"signedKeyId":29,"baseKey":"BYBFESRMS6ICv5YO8ePewP9gblZYxVDs0hMXfiaNX5MB","preKeyId":12105267}}},"version":"v1"}