{"_sessions":{"BRVdCdGhSHgiFBKSpYRwyNE5kut1ELNSHen1hmQJ9asq":{"registrationId":1404852212,"currentRatchet":{"ephemeralKeyPair":{"pubKey":"BTLRi2SdHCK4qbzlmRKx1e7Uizf1bN+ZLFuRskR+Xa5T","privKey":"0BM6crrrF85/BoWqQLL1ZJJZAqg8gkOcaY1qOshZHFQ="},"lastRemoteEphemeralKey":"BeQ+8es3zDcWGT89tO9s+pjoP+wAfrILjAWxM8pf9GMe","previousCounter":0,"rootKey":"fMMmI2CdZnBnM0lYP6dC8DB2js/Ck8/VhbZ83+d2uXc="},"indexInfo":{"baseKey":"BRVdCdGhSHgiFBKSpYRwyNE5kut1ELNSHen1hmQJ9asq","baseKeyType":1,"closed":-1,"used":1740353863954,"created":1740353863954,"remoteIdentityKey":"BT3kAIaSzilOr0/NWTN7c8E9V9Z6sTtIT1L9sEv+AF0v"},"_chains":{"BTLRi2SdHCK4qbzlmRKx1e7Uizf1bN+ZLFuRskR+Xa5T":{"chainKey":{"counter":0,"key":"1UC7+WtXWTS9rUcxIRVOdLYIlor/OYj1vARQjtPir2A="},"chainType":1,"messageKeys":{}}},"pendingPreKey":{"signedKeyId":1,"baseKey":"BRVdCdGhSHgiFBKSpYRwyNE5kut1ELNSHen1hmQJ9asq","preKeyId":9627322}}},"version":"v1"}