{"_sessions":{"BTDGMENaiFj8LGwVoyqAprTiqGFLDpeLJsYrIZqtFIVL":{"registrationId":3099,"currentRatchet":{"ephemeralKeyPair":{"pubKey":"BR1a6n0+BPzylVgdxOZ4DKFx6RsxVCF7OzEm2j450mxl","privKey":"8F5z+zdo7dZ7h/RTuY+ojsAPY5mA/PU+QvfqIjpLEFM="},"lastRemoteEphemeralKey":"BeujnsWgdduWv5yBMPHYDLyyfiiBXVNzRkuKgWhYTi0C","previousCounter":0,"rootKey":"0INjOZcHkOWi7/d16mtFB1x1QXxHnyeFFc5jriSznGA="},"indexInfo":{"baseKey":"BTDGMENaiFj8LGwVoyqAprTiqGFLDpeLJsYrIZqtFIVL","baseKeyType":1,"closed":-1,"used":1740353863835,"created":1740353863835,"remoteIdentityKey":"BR7ldDg0RyG/CM6gD7PptddydP79UBEiWxX1xJsg2yst"},"_chains":{"BR1a6n0+BPzylVgdxOZ4DKFx6RsxVCF7OzEm2j450mxl":{"chainKey":{"counter":0,"key":"Dctik7n2ABKvn9M3dn4kWpgV47md0nqGhv9byoRCL7w="},"chainType":1,"messageKeys":{}}},"pendingPreKey":{"signedKeyId":1,"baseKey":"BTDGMENaiFj8LGwVoyqAprTiqGFLDpeLJsYrIZqtFIVL","preKeyId":2812}}},"version":"v1"}