{"_sessions":{"BSGfObITW0iVTgOQ99FLTA6Z/XjtLq2dtiETFCfi4I5I":{"registrationId":1614551179,"currentRatchet":{"ephemeralKeyPair":{"pubKey":"BfEOZkc+0vSxU/2SKtttYyIB3X7rO8JvkZeeVoIGI/Ar","privKey":"4CATMg5lc+Pe29wBJZ2XOL9dzGC6K/fpJvxXfYh0eHs="},"lastRemoteEphemeralKey":"Beb99b9uUMzR7Tp7fIgqD4nq5X0cFNGQdZhPcc55VvF/","previousCounter":0,"rootKey":"F85QasRoS1e82y1H07kdlqMfUIoAecChb83tzZ64ys8="},"indexInfo":{"baseKey":"BSGfObITW0iVTgOQ99FLTA6Z/XjtLq2dtiETFCfi4I5I","baseKeyType":1,"closed":-1,"used":1740353865866,"created":1740353865866,"remoteIdentityKey":"BTKGmar4WsFhBHUdBxSTcgzNqQ47dqumTTLJD6rKOL1g"},"_chains":{"BfEOZkc+0vSxU/2SKtttYyIB3X7rO8JvkZeeVoIGI/Ar":{"chainKey":{"counter":0,"key":"7oSBE7D9kYXwKFeebfoyzhNc4OzVNMX2Jzb69rHEN4Y="},"chainType":1,"messageKeys":{}}},"pendingPreKey":{"signedKeyId":2,"baseKey":"BSGfObITW0iVTgOQ99FLTA6Z/XjtLq2dtiETFCfi4I5I","preKeyId":4605789}}},"version":"v1"}