{"_sessions":{"BaEXXsKqhzkk1pwBVVKzyeVpwPMR4MJljF3i+sMk29lZ":{"registrationId":1854877691,"currentRatchet":{"ephemeralKeyPair":{"pubKey":"Bda7Bmjgpa3Iu4AemiYabCcHbDyUeZyUpvKsX5TsIbRX","privKey":"yEx3X5CMSfbq357pMIvtteZfKTxKDO2lKpgI4V+TXn0="},"lastRemoteEphemeralKey":"BQxJLviNYXINpSoR8tnIXlmHfcNR3LFtd0mmAx2QVxh+","previousCounter":0,"rootKey":"NItwVRX9Url0ItR2x2IS4EQ4J2RRniCC06+5RvIG6sE="},"indexInfo":{"baseKey":"BaEXXsKqhzkk1pwBVVKzyeVpwPMR4MJljF3i+sMk29lZ","baseKeyType":1,"closed":-1,"used":1740353866906,"created":1740353866906,"remoteIdentityKey":"BZm7+YizutQQnrQ2YVjzyj4X47jvau2CJMUIBrH95vEa"},"_chains":{"Bda7Bmjgpa3Iu4AemiYabCcHbDyUeZyUpvKsX5TsIbRX":{"chainKey":{"counter":0,"key":"xEXiu3BFpK1SbtvQbniwFVLlZbP8Lxyn0zB6vvSUiSY="},"chainType":1,"messageKeys":{}}},"pendingPreKey":{"signedKeyId":9,"baseKey":"BaEXXsKqhzkk1pwBVVKzyeVpwPMR4MJljF3i+sMk29lZ","preKeyId":4797663}}},"version":"v1"}