{"_sessions":{"BW0jEGBzMrPvcOSzX4x6NcuQqpgkNEHpOVTOgzu6N+on":{"registrationId":435012576,"currentRatchet":{"ephemeralKeyPair":{"pubKey":"Ba49IBv4YojYJ5s9JuZak7YREuiPROfRevIG08o7Zk4o","privKey":"qIUuQrIAfeyVoz2zNZIKnC29/BRQKsE6zkSE2ycmOFs="},"lastRemoteEphemeralKey":"BTrhsIw+SLybsqaCXX+uL+hvj2hVaDnoAbP3z5O8Z9sJ","previousCounter":0,"rootKey":"fwD0i6YO5nsPpxsvKvGZL7dc8OOW+chA9+l8r5K00MU="},"indexInfo":{"baseKey":"BW0jEGBzMrPvcOSzX4x6NcuQqpgkNEHpOVTOgzu6N+on","baseKeyType":1,"closed":-1,"used":1740353864109,"created":1740353864109,"remoteIdentityKey":"BQBWzavM/CWvUoHDrpBVext2+CsI2C3qmpaFi06aBzRZ"},"_chains":{"Ba49IBv4YojYJ5s9JuZak7YREuiPROfRevIG08o7Zk4o":{"chainKey":{"counter":0,"key":"qWA7YAFJFBDIXfLxbv5y6z0kU/36n+dVw1beDpabvc0="},"chainType":1,"messageKeys":{}}},"pendingPreKey":{"signedKeyId":2,"baseKey":"BW0jEGBzMrPvcOSzX4x6NcuQqpgkNEHpOVTOgzu6N+on","preKeyId":13650740}}},"version":"v1"}