{"_sessions":{"BdcCJlUf8eP+H6dWzzMTgUfruWpuTkbYfewlWaRx5Sh3":{"registrationId":1324759736,"currentRatchet":{"ephemeralKeyPair":{"pubKey":"BfPCEYudi4fu8j62RESLxwtK5vEcRYq9G6RCynV8S+8E","privKey":"6LCAB3mPWxtFW8dWbpFqIHtnQFG87l+ieNXq1bb+Lnk="},"lastRemoteEphemeralKey":"BfKDj1/QY7brXgRUod6OO8QWTxBq8Kj0iRjQ6jjRJsgu","previousCounter":0,"rootKey":"JZPkTtntRfIRFl0DRZ8YWNFe8ELhPi/vMcs2BnlBEio="},"indexInfo":{"baseKey":"BdcCJlUf8eP+H6dWzzMTgUfruWpuTkbYfewlWaRx5Sh3","baseKeyType":1,"closed":-1,"used":1740353863819,"created":1740353863819,"remoteIdentityKey":"BdoTXlwdmd/vBM+feGoShammYk+fyJElbxyOqG1syPFp"},"_chains":{"BfPCEYudi4fu8j62RESLxwtK5vEcRYq9G6RCynV8S+8E":{"chainKey":{"counter":0,"key":"30P0l+N1QqBY5vDAmEVSo3q3xOoHXWST1dxedowWSfg="},"chainType":1,"messageKeys":{}}},"pendingPreKey":{"signedKeyId":3,"baseKey":"BdcCJlUf8eP+H6dWzzMTgUfruWpuTkbYfewlWaRx5Sh3","preKeyId":10325922}}},"version":"v1"}