{"_sessions":{"BRIBaPrMYzTN+b/oBOgpXofA+5+DZB5NB3jB0VsRVu8a":{"registrationId":882004531,"currentRatchet":{"ephemeralKeyPair":{"pubKey":"BZtcCn4ls/fpUee0c5/+Nh3Zg3Juq/N7Q6HAVRvMgHFB","privKey":"gKB4ynTOfqOUbtGJAVSVPp5gI3icMOVjORgIbEdcK1s="},"lastRemoteEphemeralKey":"BRCnBQLjbSGzc4VZqQ6hDjTsr4m5z0Mno55lTefP/51f","previousCounter":0,"rootKey":"Q+XMkedPH0uPwQ9qY/HhFdwy24LcbUsVU2R0I1GKErE="},"indexInfo":{"baseKey":"BRIBaPrMYzTN+b/oBOgpXofA+5+DZB5NB3jB0VsRVu8a","baseKeyType":1,"closed":-1,"used":1740353866243,"created":1740353866243,"remoteIdentityKey":"BV5nu0WPjq2hEu8gTinhVGyRAieHkEsRMHHcbPjPrTFS"},"_chains":{"BZtcCn4ls/fpUee0c5/+Nh3Zg3Juq/N7Q6HAVRvMgHFB":{"chainKey":{"counter":0,"key":"VeYLkaEfEiW5f7VHfxirl42H3yOuXWcaMCLk9yKqN7E="},"chainType":1,"messageKeys":{}}},"pendingPreKey":{"signedKeyId":14,"baseKey":"BRIBaPrMYzTN+b/oBOgpXofA+5+DZB5NB3jB0VsRVu8a","preKeyId":15257712}}},"version":"v1"}