{"_sessions":{"BfbA9b9Z0GnREMBvGfjQ9S4Cu7KaFcWJ22mDUSs2szQm":{"registrationId":222,"currentRatchet":{"ephemeralKeyPair":{"pubKey":"Bfk9jyl5sEA6VUPUEYeIasYRy+vXS/bDwe1L2Q5StkQ9","privKey":"qGYuJsAz/WmH7jNlwFDlH+U6I6ZI4BZgcJnh29nfy3I="},"lastRemoteEphemeralKey":"BWAWUeb7hp/vKWsyaWc++2Eh9PcHMW81ECEviMZgdHQn","previousCounter":0,"rootKey":"2PRt9Sz0jqmkVQ/4GPZp32uVC6zUjbIjrZxy3uqsxS8="},"indexInfo":{"baseKey":"BfbA9b9Z0GnREMBvGfjQ9S4Cu7KaFcWJ22mDUSs2szQm","baseKeyType":1,"closed":-1,"used":1740353863852,"created":1740353863852,"remoteIdentityKey":"BQCUup3wzNf9Omf0bqXQJQIfX8Tf29L29K2xgDC5V/8J"},"_chains":{"Bfk9jyl5sEA6VUPUEYeIasYRy+vXS/bDwe1L2Q5StkQ9":{"chainKey":{"counter":0,"key":"EgPn3Kf6V0wYJ9K33teImjJNZbCV3KAEfd43kmVvuRo="},"chainType":1,"messageKeys":{}}},"pendingPreKey":{"signedKeyId":1,"baseKey":"BfbA9b9Z0GnREMBvGfjQ9S4Cu7KaFcWJ22mDUSs2szQm"}}},"version":"v1"}