{"_sessions":{"BanLJLBQ7cG+T2RIG1835bFyhZ3Ctr1mqWYKC/VCfLNn":{"registrationId":914954355,"currentRatchet":{"ephemeralKeyPair":{"pubKey":"BdWPqTxOjc1p6gKiGoejLcXLPy8uaEQM0MoMjvzQXExT","privKey":"EDQGGiF1kkRF+b5CrJa25+q0vGru7mmCeQDhoTugcX8="},"lastRemoteEphemeralKey":"BfAL//P33TBIoYfl/TDLISR1xSFgAOuiaYKTmrNcIJwB","previousCounter":0,"rootKey":"qOZR3q+Ce5/qfUfAhgVuQNERl1LXcaunnau8cAe7MXs="},"indexInfo":{"baseKey":"BanLJLBQ7cG+T2RIG1835bFyhZ3Ctr1mqWYKC/VCfLNn","baseKeyType":1,"closed":-1,"used":1740353866234,"created":1740353866234,"remoteIdentityKey":"BXBtmV94lp0nKJujbKMrOKWevJqbBBCixF69usGCc4YJ"},"_chains":{"BdWPqTxOjc1p6gKiGoejLcXLPy8uaEQM0MoMjvzQXExT":{"chainKey":{"counter":0,"key":"xPznUWIVVZNZnJqgNeRPjGNNPmSXtIrnUA04WillQKo="},"chainType":1,"messageKeys":{}}},"pendingPreKey":{"signedKeyId":0,"baseKey":"BanLJLBQ7cG+T2RIG1835bFyhZ3Ctr1mqWYKC/VCfLNn","preKeyId":12249855}}},"version":"v1"}