{"_sessions":{"BXd/GqNyDyTAu7us3fa7OhnqxIvYKovuFP0X9EhC8R03":{"registrationId":1912413136,"currentRatchet":{"ephemeralKeyPair":{"pubKey":"BVzZxya/YAZZFFB4rTGWXB8qDgu4+uf1+cYMVloatTZ8","privKey":"KAfmtABJW+G3bF4nOF7pRfYTb4xzAs+HBxztuw1hAnE="},"lastRemoteEphemeralKey":"BSJnzqfAp+8aFGaiqLxmX6j5K6wJxon6RavHBJ/O7jIs","previousCounter":0,"rootKey":"py9eBwkZohT74d69JfACtR2GlUJwlRT18DSOYcr7ZjA="},"indexInfo":{"baseKey":"BXd/GqNyDyTAu7us3fa7OhnqxIvYKovuFP0X9EhC8R03","baseKeyType":1,"closed":-1,"used":1740353867017,"created":1740353867017,"remoteIdentityKey":"BaFO2pdJmXzid68zH5FjjToS7xyVgtcBnTD15e+J11Y8"},"_chains":{"BVzZxya/YAZZFFB4rTGWXB8qDgu4+uf1+cYMVloatTZ8":{"chainKey":{"counter":0,"key":"2cOiNIutaMbm4Xhnl3hwIMNNw5uu/B8yYvjqSrlNRMQ="},"chainType":1,"messageKeys":{}}},"pendingPreKey":{"signedKeyId":4,"baseKey":"BXd/GqNyDyTAu7us3fa7OhnqxIvYKovuFP0X9EhC8R03","preKeyId":10455316}}},"version":"v1"}