{"_sessions":{"Bf1QEJp+N/Itr01tkeejuLJc+kSiS2XyIvYV0zY+CI9N":{"registrationId":1725008677,"currentRatchet":{"ephemeralKeyPair":{"pubKey":"BXnorrxFAN/jGm1tMXSS8KcNhnTath4UFiJ0+mVSNRpd","privKey":"8HLSjAYkQHZv08Bu6Y4r0FO7K0CnaD9wWnwq38Fl0Vw="},"lastRemoteEphemeralKey":"BSio8OotmGPMJQ5nw+S9INMBguxrU3NtNlMS5Lo2xxc1","previousCounter":0,"rootKey":"SsyI6v+4iAbFZ8Ket2aSEqNekvPKp4D8rRfXpMM7cV8="},"indexInfo":{"baseKey":"Bf1QEJp+N/Itr01tkeejuLJc+kSiS2XyIvYV0zY+CI9N","baseKeyType":1,"closed":-1,"used":1740353866229,"created":1740353866229,"remoteIdentityKey":"BVWIIBtMGIFs5cwEJPtfvR7XS4u8GcyJuBmd0gq/ET4V"},"_chains":{"BXnorrxFAN/jGm1tMXSS8KcNhnTath4UFiJ0+mVSNRpd":{"chainKey":{"counter":0,"key":"tRfvNA6E1mpwMJp5DTjIpUgBMxcHtBQGJGwm6p/8hd4="},"chainType":1,"messageKeys":{}}},"pendingPreKey":{"signedKeyId":15069715,"baseKey":"Bf1QEJp+N/Itr01tkeejuLJc+kSiS2XyIvYV0zY+CI9N","preKeyId":15493}}},"version":"v1"}