{"_sessions":{"Bbrfx418VLd4fAJND5rCzbVZdMApgud1s8ecvChC+6l7":{"registrationId":1719464946,"currentRatchet":{"ephemeralKeyPair":{"pubKey":"BY8PBXaxAs/cwG/jNY4NWt4aRCX91FhqeemIZ56jdkV6","privKey":"IBlGPa3oD51AJCo/BYNJueZDjxlIYr1bRcV4wc4ALlM="},"lastRemoteEphemeralKey":"BQDzh6+qH/sHTkpc74UNnN1fbrfvOKDUsLNhYizn3kUC","previousCounter":0,"rootKey":"lr7dzYkDyGeul/RDTbaiB6BF209lnye/J/MIO/91Ze4="},"indexInfo":{"baseKey":"Bbrfx418VLd4fAJND5rCzbVZdMApgud1s8ecvChC+6l7","baseKeyType":1,"closed":-1,"used":1740353863977,"created":1740353863977,"remoteIdentityKey":"BbxMWxppbH07BC+Xl1pQ5WaqqUQGwaQNZP7pCDREZSIL"},"_chains":{"BY8PBXaxAs/cwG/jNY4NWt4aRCX91FhqeemIZ56jdkV6":{"chainKey":{"counter":0,"key":"zvomAAp+V0UkRlZSeDJJKGg/R10PLaEk2b2emOJeR20="},"chainType":1,"messageKeys":{}}},"pendingPreKey":{"signedKeyId":10,"baseKey":"Bbrfx418VLd4fAJND5rCzbVZdMApgud1s8ecvChC+6l7","preKeyId":9671495}}},"version":"v1"}