{"_sessions":{"Bazp9SW2JyUK5MxBk730ohsspgcLBTvyAQW6DMJekhYC":{"registrationId":826126620,"currentRatchet":{"ephemeralKeyPair":{"pubKey":"BbgE70bAf0Ugnm1pso5KXdP6w7AznPmTmnUCnCoJy4El","privKey":"CBgZ9JxlRCWnDxRk1ZcmWjXWGefLkGoRGn7lsTju1EM="},"lastRemoteEphemeralKey":"BYtr8XXTgwb0qOwTMZmjJ3kfBTl58o4jzCqM4rEOzu86","previousCounter":0,"rootKey":"DVvm1knGOB+8Ryl5nIM7LmvF1MONpCksaT8l6EqJfaI="},"indexInfo":{"baseKey":"Bazp9SW2JyUK5MxBk730ohsspgcLBTvyAQW6DMJekhYC","baseKeyType":1,"closed":-1,"used":1740353863969,"created":1740353863969,"remoteIdentityKey":"BfSZ9mYFc+6WeDezgY5Asx1JT/rA0Ol5lAXg6EtRs9Ay"},"_chains":{"BbgE70bAf0Ugnm1pso5KXdP6w7AznPmTmnUCnCoJy4El":{"chainKey":{"counter":0,"key":"aZYua50AmF6rAuU605WwEQmgc5W2kZwSC2PvcGq60XM="},"chainType":1,"messageKeys":{}}},"pendingPreKey":{"signedKeyId":1,"baseKey":"Bazp9SW2JyUK5MxBk730ohsspgcLBTvyAQW6DMJekhYC","preKeyId":697342}}},"version":"v1"}