{"_sessions":{"BZpX0wYKawlX8hpaldxFZb+imv01wztbGiy2o/MFUal6":{"registrationId":244664288,"currentRatchet":{"ephemeralKeyPair":{"pubKey":"BVrqHiHQcjvqy8Np3nfFh4L9ApA+s3ycc2KWgUmQLw0d","privKey":"EBYLnNYQJGNFp7EX9D7tciASENKyUB1/Rl0U4/0kIGU="},"lastRemoteEphemeralKey":"Ba114wzaItr0QEyknNfkDS/RYdGU/2HTPoGtgwmluHpn","previousCounter":0,"rootKey":"mYibgQXDhtdwpeRf9OBA6Vekxqb2gKrvncDKKoOBOUo="},"indexInfo":{"baseKey":"BZpX0wYKawlX8hpaldxFZb+imv01wztbGiy2o/MFUal6","baseKeyType":1,"closed":-1,"used":1740353863823,"created":1740353863823,"remoteIdentityKey":"BcI+ITHSB8JvIhbiy+9begohGaU2vA69OAqRtb5+4WRl"},"_chains":{"BVrqHiHQcjvqy8Np3nfFh4L9ApA+s3ycc2KWgUmQLw0d":{"chainKey":{"counter":0,"key":"CX1VWNL8wPA2N21Wk9yRf9NxEAUOvf4PkiSdaO2hf4o="},"chainType":1,"messageKeys":{}}},"pendingPreKey":{"signedKeyId":2395809,"baseKey":"BZpX0wYKawlX8hpaldxFZb+imv01wztbGiy2o/MFUal6","preKeyId":2722}}},"version":"v1"}