{"_sessions":{"BZh+QkR/iyl4a57kGo48TF1OCnJLp4+OnNScQJki8yl6":{"registrationId":2081309443,"currentRatchet":{"ephemeralKeyPair":{"pubKey":"BRAOBemybY0ddBqbBpzZ/ndiT3k90uYbIJWh/yyRBDVv","privKey":"wHf7KGX+D2fkO+Iv8cg/PKErfs1i6XILz1BhrZBz+VQ="},"lastRemoteEphemeralKey":"BUV8fy5qLMQ0VPi9AOBdHY3Dmolx8+sSOrDwOHs8C3Zh","previousCounter":0,"rootKey":"r1qZ8wN2kqovIlBLcqIKhKLw2ak1HMNzXXgCk0YOyYw="},"indexInfo":{"baseKey":"BZh+QkR/iyl4a57kGo48TF1OCnJLp4+OnNScQJki8yl6","baseKeyType":1,"closed":-1,"used":1740353866169,"created":1740353866169,"remoteIdentityKey":"BR+pth2h/kjfB6rAorhFR5rWYNqdOnC8cZlK3O4wozZH"},"_chains":{"BRAOBemybY0ddBqbBpzZ/ndiT3k90uYbIJWh/yyRBDVv":{"chainKey":{"counter":0,"key":"tPazDWsVgBhz1j/FSammZfgqLfWnMXh/aOovpiIbzPw="},"chainType":1,"messageKeys":{}}},"pendingPreKey":{"signedKeyId":8,"baseKey":"BZh+QkR/iyl4a57kGo48TF1OCnJLp4+OnNScQJki8yl6","preKeyId":282107}}},"version":"v1"}