{"_sessions":{"Be/l/mkgb+ESXv6Ydzue1m4e+ewbrhmZ3ohmxnQ4c9sX":{"registrationId":1022051246,"currentRatchet":{"ephemeralKeyPair":{"pubKey":"BWtMgXB4+vzc2WxNwTwJMyEk2/rQKHQ2XhYNSgpCQN8N","privKey":"oJ+wnIVUfTEhRm7reccEbTim8dpQA+prjPi/lvhz3Gg="},"lastRemoteEphemeralKey":"BY6us2If0+S+lOEKwvZw39p4wGhdRDLuJp5WIzPTLKd1","previousCounter":0,"rootKey":"omV0sWiXVaOk9wVbR8AE0kJ4vTm+L+Uuypfsz6UY2pU="},"indexInfo":{"baseKey":"Be/l/mkgb+ESXv6Ydzue1m4e+ewbrhmZ3ohmxnQ4c9sX","baseKeyType":2,"closed":-1,"used":1740354454568,"created":1740354454568,"remoteIdentityKey":"BS9vsgZFKjiIBonWITxlsebBEMxeY3LtQiH3QryItFgp"},"_chains":{"BY6us2If0+S+lOEKwvZw39p4wGhdRDLuJp5WIzPTLKd1":{"chainKey":{"counter":0,"key":"R4nJrdg6bY0+Nq/OIffjmGYf1uME/tygGV9Qstwem/I="},"chainType":2,"messageKeys":{}},"BWtMgXB4+vzc2WxNwTwJMyEk2/rQKHQ2XhYNSgpCQN8N":{"chainKey":{"counter":-1,"key":"P9Y4NV5b3NW77McnHemkAZzReac6QL9A96/kugctovg="},"chainType":1,"messageKeys":{}}}}},"version":"v1"}