{"_sessions":{"BWgUvdSl2sCJyBX5pzdxmTrLwJePE88U2GvuVJ8ASZxg":{"registrationId":1704492647,"currentRatchet":{"ephemeralKeyPair":{"pubKey":"BRGFT7hWHPcLVdU/sQPdR8rnV9cymdAwWKjkREPcPBF2","privKey":"iFKFEBVHV9SGixSYtngyo+g81bo/SILSonuJ6y3Qe0M="},"lastRemoteEphemeralKey":"BQ765D3ZIvNLl/f7uZehfaWeeaxLPHUuS3JLKDQcZBlA","previousCounter":0,"rootKey":"/cGZn/H5tk1OaLc0og645LpCGdUxdGUIar23SkHwWDc="},"indexInfo":{"baseKey":"BWgUvdSl2sCJyBX5pzdxmTrLwJePE88U2GvuVJ8ASZxg","baseKeyType":1,"closed":-1,"used":1740353865984,"created":1740353865984,"remoteIdentityKey":"BU39kAL7sBofk90QXWeChLGDMFMCjvDnUZ3GFaooaMkO"},"_chains":{"BRGFT7hWHPcLVdU/sQPdR8rnV9cymdAwWKjkREPcPBF2":{"chainKey":{"counter":0,"key":"yVq8pVoZX++oSejVnxooDt2azroBldOvZcGrB7XY9zk="},"chainType":1,"messageKeys":{}}},"pendingPreKey":{"signedKeyId":1,"baseKey":"BWgUvdSl2sCJyBX5pzdxmTrLwJePE88U2GvuVJ8ASZxg","preKeyId":16170951}}},"version":"v1"}