{"_sessions":{"BSgBvJJDOAXPtiij/mFZ8o8NEr/nowE66YxBjs+gplFt":{"registrationId":516805255,"currentRatchet":{"ephemeralKeyPair":{"pubKey":"Bbw0xcBmBYBI5gGbuDmDucUuVxssjRlmOWZ64kzgGFYC","privKey":"SEMN0ND27NBAvEpnuoE4Auy36zCeaHjVWDY0WehsFWc="},"lastRemoteEphemeralKey":"BX+ONVjDBcMiH8ZGhgj9Fmw3zmi+Q9pYGN2FRViQcpgm","previousCounter":0,"rootKey":"lJRnMqND+CEr1p6VilwgLz7ZQ00mMxLA5ilT/DFUOgs="},"indexInfo":{"baseKey":"BSgBvJJDOAXPtiij/mFZ8o8NEr/nowE66YxBjs+gplFt","baseKeyType":2,"closed":-1,"used":1740353952427,"created":1740353952427,"remoteIdentityKey":"BRdruoBhlmwB/oGoqTOXtgmH928hAdBy8uIpf6T/FhsX"},"_chains":{"BX+ONVjDBcMiH8ZGhgj9Fmw3zmi+Q9pYGN2FRViQcpgm":{"chainKey":{"counter":2,"key":"YdL5okqgqkErLge61IjjbpblvyO1Gv4QstrzbzvzAzE="},"chainType":2,"messageKeys":{}},"Bbw0xcBmBYBI5gGbuDmDucUuVxssjRlmOWZ64kzgGFYC":{"chainKey":{"counter":-1,"key":"o8CxWrqK/nO0/YfaDScJ0iGPmxkYr/c1dHGyMUfXvOs="},"chainType":1,"messageKeys":{}}}}},"version":"v1"}