{"_sessions":{"BUbv4nqPja6cK0zKQSe6lv9MIndZarQWe++oN6akkXUf":{"registrationId":542909639,"currentRatchet":{"ephemeralKeyPair":{"pubKey":"BUIabkFOveRW6KHT+mSVEe1nD76wUCOWoS1GL8Q3uwBZ","privKey":"uFwlAACPZFveNDmTM7bJIcpar7BP9Tdkz11dCHv8a3A="},"lastRemoteEphemeralKey":"BRv44vP5Q13sQkd6DICea2yx7/aaW2TaIMYuEWUdeK5B","previousCounter":0,"rootKey":"UzFzZ17c1/9mKfKEkBx2NAhGPMh6Uo6t7/YI2hrf8C4="},"indexInfo":{"baseKey":"BUbv4nqPja6cK0zKQSe6lv9MIndZarQWe++oN6akkXUf","baseKeyType":1,"closed":-1,"used":1740353867013,"created":1740353867013,"remoteIdentityKey":"Bc1r4kt4vx5xPatK3nB0eGYeDF0TzN3dvMO43x9nLTJn"},"_chains":{"BUIabkFOveRW6KHT+mSVEe1nD76wUCOWoS1GL8Q3uwBZ":{"chainKey":{"counter":0,"key":"k4fvjkkxNIwexrx/pmqOmieYw22peuYDyE4SVQsQ8LE="},"chainType":1,"messageKeys":{}}},"pendingPreKey":{"signedKeyId":0,"baseKey":"BUbv4nqPja6cK0zKQSe6lv9MIndZarQWe++oN6akkXUf","preKeyId":1974700}}},"version":"v1"}