{"_sessions":{"BThoBKJXJYF2zlYpCUgr+vb6mfVr9VDY7w4yDntxIes9":{"registrationId":243784155,"currentRatchet":{"ephemeralKeyPair":{"pubKey":"BcS1qNCpNxzfN4//+wfSLKUDUXYWv7kB1n7RDSlUrtN6","privKey":"0CDuXSor/lzk/iV6mjJK2c8raxK7/h+1qlGA45NmAWk="},"lastRemoteEphemeralKey":"BSQEwtphXOc5HunRTGuWXNXZfXIcPtEjUJtgj4Clx8N6","previousCounter":0,"rootKey":"iq/SqX+XWdZmLbWeU+Bipj37pECskT6jr4BQ03v1+PA="},"indexInfo":{"baseKey":"BThoBKJXJYF2zlYpCUgr+vb6mfVr9VDY7w4yDntxIes9","baseKeyType":1,"closed":-1,"used":1740353863985,"created":1740353863985,"remoteIdentityKey":"BarZ07YNkZxwmTEqwByDYPsjaEr5EiCTJ0YIRHgnZ2xx"},"_chains":{"BcS1qNCpNxzfN4//+wfSLKUDUXYWv7kB1n7RDSlUrtN6":{"chainKey":{"counter":0,"key":"APliY1k0RcnC4PV/ZTHD7JPMcIQWbZ6PYH4d27dMIvg="},"chainType":1,"messageKeys":{}}},"pendingPreKey":{"signedKeyId":2,"baseKey":"BThoBKJXJYF2zlYpCUgr+vb6mfVr9VDY7w4yDntxIes9","preKeyId":13765964}}},"version":"v1"}