{"_sessions":{"BdlEkurzK52oqY9QZQ2cmXELnt6NfANxMpEmJkfAa3YL":{"registrationId":1023801305,"currentRatchet":{"ephemeralKeyPair":{"pubKey":"BR7LcqNUEhRkV4G76TcFFuriGEGpa6CTEVDTw5xvJ21r","privKey":"yJD2g47JtHLMJKqZpdbM856qTtGsX75ni6oaAOb4UUY="},"lastRemoteEphemeralKey":"BcFUkpJMLlt4MSE+DsbrUrYv/Z74Jqeu03wOPACkaDlc","previousCounter":0,"rootKey":"FSgfdZAO1HjrKY1W6gyCxfO3hN3IlWoq9WtyNNvnGDk="},"indexInfo":{"baseKey":"BdlEkurzK52oqY9QZQ2cmXELnt6NfANxMpEmJkfAa3YL","baseKeyType":1,"closed":-1,"used":1740353863923,"created":1740353863923,"remoteIdentityKey":"BeL/0OR7SQ6nVb7/7xLON+Uss13ICRnUtBWkxZUIyf8+"},"_chains":{"BR7LcqNUEhRkV4G76TcFFuriGEGpa6CTEVDTw5xvJ21r":{"chainKey":{"counter":0,"key":"/Rdp+jQyAxT49UAsJLs6uYFrQoiOLq+0ho7t+kvChZk="},"chainType":1,"messageKeys":{}}},"pendingPreKey":{"signedKeyId":0,"baseKey":"BdlEkurzK52oqY9QZQ2cmXELnt6NfANxMpEmJkfAa3YL","preKeyId":12293237}}},"version":"v1"}