{"_sessions":{"Bd00WhSAyRQDVULNSzVs3uCI2pr0LuWiGh/gcAVXHdEl":{"registrationId":1557356274,"currentRatchet":{"ephemeralKeyPair":{"pubKey":"BS7pU+SvH88sSIBNSqUcvf92BeflgxH7ZoV1zZBjD7kW","privKey":"ANGv6X6x3efmAc/PSsG1WYaYLs7lEdZwjCYDOpb4Qlk="},"lastRemoteEphemeralKey":"Bdrau0PLiulpI+R9abBkxFfuy3vvzZwPhPpHurSYzAsz","previousCounter":0,"rootKey":"9v9IZjk475IqTrivOv+c35ZXiQ6l76XnHQJ3aWTNGIk="},"indexInfo":{"baseKey":"Bd00WhSAyRQDVULNSzVs3uCI2pr0LuWiGh/gcAVXHdEl","baseKeyType":1,"closed":-1,"used":1740353863915,"created":1740353863915,"remoteIdentityKey":"BRffEtA58CmzSGzsCNIHP5GumiLkaSsymmmunvTKcfR9"},"_chains":{"BS7pU+SvH88sSIBNSqUcvf92BeflgxH7ZoV1zZBjD7kW":{"chainKey":{"counter":0,"key":"9NPrl9A+Z0F4YKUYK2Bylwd3SwM/bI7Z5K5Rxred6Ig="},"chainType":1,"messageKeys":{}}},"pendingPreKey":{"signedKeyId":7,"baseKey":"Bd00WhSAyRQDVULNSzVs3uCI2pr0LuWiGh/gcAVXHdEl","preKeyId":11715464}}},"version":"v1"}