{"_sessions":{"BaY9SQG19vkXAbgTAl78FAXW6QHrZKZzarxHth1pl7dq":{"registrationId":68520156,"currentRatchet":{"ephemeralKeyPair":{"pubKey":"Bcbk4tsAa9PkL2vsRBuuecYnoaKjN7/YXLI5nWDrnaNl","privKey":"uDQkd5s7qvJtakfcoAIH/LLoNfmEJhsyDYsNFU8XyXI="},"lastRemoteEphemeralKey":"BaoJ3OliU7Fc/paNwq2YSH/tA7KkVSqLFzu4l0TrDxJ3","previousCounter":0,"rootKey":"3w+mBaasqc7dkMZcjQGjoAXdWNxoT16LVAet54kFpyY="},"indexInfo":{"baseKey":"BaY9SQG19vkXAbgTAl78FAXW6QHrZKZzarxHth1pl7dq","baseKeyType":1,"closed":-1,"used":1740353863780,"created":1740353863780,"remoteIdentityKey":"BYkU0BoP0DeIqpTH7oi8n+eosS9GDNfqb0maplag6OYS"},"_chains":{"Bcbk4tsAa9PkL2vsRBuuecYnoaKjN7/YXLI5nWDrnaNl":{"chainKey":{"counter":0,"key":"Hbs/HADS7F01rOe7uIWzWN3i/yLYsve1oavJvWgvf7o="},"chainType":1,"messageKeys":{}}},"pendingPreKey":{"signedKeyId":1,"baseKey":"BaY9SQG19vkXAbgTAl78FAXW6QHrZKZzarxHth1pl7dq"}}},"version":"v1"}