{"_sessions":{"BaxOmAQx3L/8LjwQvhG+qy3fUjmib0DOvK5svVacOJUN":{"registrationId":591128635,"currentRatchet":{"ephemeralKeyPair":{"pubKey":"BQifFTFOuduapwZOMqks/KXtENjFxI2cxH0ki/7z+TIP","privKey":"0JdfaLzhQIdWaVYjdYKTOmk1kEiBKP2o0gXfAe2sqms="},"lastRemoteEphemeralKey":"BQyI1yB+EUXKuxEB9XjYMRUbnUZu2fx5X8CchkDTctZo","previousCounter":0,"rootKey":"bruVLl2mqVV5GhV5ih9Pd0TyOwamVW4w4j+q4tiJaeU="},"indexInfo":{"baseKey":"BaxOmAQx3L/8LjwQvhG+qy3fUjmib0DOvK5svVacOJUN","baseKeyType":1,"closed":-1,"used":1740353864054,"created":1740353864054,"remoteIdentityKey":"BZ44CB7UbLP8qpsr+Pgg12vZ0Hrcg91r8xfXNeznC8ZY"},"_chains":{"BQifFTFOuduapwZOMqks/KXtENjFxI2cxH0ki/7z+TIP":{"chainKey":{"counter":0,"key":"FuTNbs8n+PX2Z1DBW8Ppra2bNerxZYEq5Z4qb7sxqjk="},"chainType":1,"messageKeys":{}}},"pendingPreKey":{"signedKeyId":1,"baseKey":"BaxOmAQx3L/8LjwQvhG+qy3fUjmib0DOvK5svVacOJUN","preKeyId":6106344}}},"version":"v1"}