{"_sessions":{"BdqCzBvCjcSJ/mKG/lNbDHfdTm9jl4XF3AvJb3/fYxN1":{"registrationId":1582847483,"currentRatchet":{"ephemeralKeyPair":{"pubKey":"BcvHey2UuAzwA8HoeRpuwlJNXRo5CsF7dON0kvxgBScu","privKey":"AIFrIn/Mv4bTsFpPPxxislXp7pYZQp3SS71plv13P2g="},"lastRemoteEphemeralKey":"BfrcQTNVG3GlC5TUwWnG+QVUIbzEW9lYMptm96Qnak1n","previousCounter":0,"rootKey":"gp1yEpFzNABsVjKYMAPPCz0tBJ3KEq/6A3rulhChazI="},"indexInfo":{"baseKey":"BdqCzBvCjcSJ/mKG/lNbDHfdTm9jl4XF3AvJb3/fYxN1","baseKeyType":1,"closed":-1,"used":1740353864139,"created":1740353864139,"remoteIdentityKey":"BefSeTfeZJpy52aQmdzyPlHEJk29tRotV+wsg0w0Mtd7"},"_chains":{"BcvHey2UuAzwA8HoeRpuwlJNXRo5CsF7dON0kvxgBScu":{"chainKey":{"counter":0,"key":"t526yl+sDkE+WRKt96OZY4Ktg2z1r0+YE3Fo4f+PaR0="},"chainType":1,"messageKeys":{}}},"pendingPreKey":{"signedKeyId":0,"baseKey":"BdqCzBvCjcSJ/mKG/lNbDHfdTm9jl4XF3AvJb3/fYxN1","preKeyId":7724399}}},"version":"v1"}