{"_sessions":{"BfYRgMAHhC7lavrhDVd8DFkfa6zW36q4yPVp73FYREAa":{"registrationId":981213997,"currentRatchet":{"ephemeralKeyPair":{"pubKey":"BcZb+MDX9BumCO2PPy27a6ZH2hqh0fMOa8c/uVyub9NW","privKey":"aHslsRcwsSAQ/Bm2/BU7HZLHFsf24VTJ7Aw5jL1RTkI="},"lastRemoteEphemeralKey":"BVyo96lKPoArMNxm1aW0rb0BX+4uiKLHVe3JvMsg0dA+","previousCounter":0,"rootKey":"4QVQkeGQTAtgaiNLQb3pge6R7qbHLod9fUsR+I108Ts="},"indexInfo":{"baseKey":"BfYRgMAHhC7lavrhDVd8DFkfa6zW36q4yPVp73FYREAa","baseKeyType":1,"closed":-1,"used":1740353866186,"created":1740353866186,"remoteIdentityKey":"BeHhkm+XwiXv/zMHMYugBcVQVvGxGnYNL8v0kQMPEpl0"},"_chains":{"BcZb+MDX9BumCO2PPy27a6ZH2hqh0fMOa8c/uVyub9NW":{"chainKey":{"counter":0,"key":"RsD+k/y/YPkhPF0ITvvFTC27t5EyQ1DDZp8A83klAUE="},"chainType":1,"messageKeys":{}}},"pendingPreKey":{"signedKeyId":3,"baseKey":"BfYRgMAHhC7lavrhDVd8DFkfa6zW36q4yPVp73FYREAa","preKeyId":4663086}}},"version":"v1"}