{"_sessions":{"BbEOllgc2MN7CkVJtf6MPo0gGCXuQw+nrphJLSS1u4NM":{"registrationId":478454945,"currentRatchet":{"ephemeralKeyPair":{"pubKey":"BUMDk6c1wuRQRMFm6byC0CIdEoNFXN9PJ47zh5DPuzYU","privKey":"QOdczrHkPZVJOICrtGiRI3IhLIF2GvbNyzKIxFztXXw="},"lastRemoteEphemeralKey":"BaJO8n/qtk1DwgtbyQ/q9mjmPnqaWlr1tnEeBbVB914b","previousCounter":0,"rootKey":"V9eHxCD0ER8JgryMo97oQGhqzN3dB8+TQ3NfjlGcMCA="},"indexInfo":{"baseKey":"BbEOllgc2MN7CkVJtf6MPo0gGCXuQw+nrphJLSS1u4NM","baseKeyType":1,"closed":-1,"used":1740353865914,"created":1740353865914,"remoteIdentityKey":"BRr/xqQaSX+4mxoA1WraP/EN9XoEI8R0AtrJuM2sWtsX"},"_chains":{"BUMDk6c1wuRQRMFm6byC0CIdEoNFXN9PJ47zh5DPuzYU":{"chainKey":{"counter":0,"key":"lYXtGmjh1uz/jsPpYU7TzyN1Wa+mK/pp50xM4hj/BGM="},"chainType":1,"messageKeys":{}}},"pendingPreKey":{"signedKeyId":7,"baseKey":"BbEOllgc2MN7CkVJtf6MPo0gGCXuQw+nrphJLSS1u4NM","preKeyId":12317153}}},"version":"v1"}