{"_sessions":{"BQkGUCZ+M6NHVcZmNcfLufu10IF2oreZfATLrQmHR4Iz":{"registrationId":972738519,"currentRatchet":{"ephemeralKeyPair":{"pubKey":"BQXfBPfTN6JutW6ZFPV3Mw4QM+jmbzzkDDMrV/sbmj8a","privKey":"aOCVJxq1XgLZ1vWbvusxDpDlmCQbiecfIvqnYjYt6Ho="},"lastRemoteEphemeralKey":"BX3yUzdBFHZI5ZaPMIt3YTdqVVgbY40l4b7SiFgQyy5r","previousCounter":0,"rootKey":"gkXFlvqv804WZfZ9uFUdqmlwtcO3wuOKB1gBBi98oLU="},"indexInfo":{"baseKey":"BQkGUCZ+M6NHVcZmNcfLufu10IF2oreZfATLrQmHR4Iz","baseKeyType":1,"closed":-1,"used":1740353866886,"created":1740353866886,"remoteIdentityKey":"BbFtUANAwCUNB599bv33mZOqedAdeVcB4gKk3GK9aj0p"},"_chains":{"BQXfBPfTN6JutW6ZFPV3Mw4QM+jmbzzkDDMrV/sbmj8a":{"chainKey":{"counter":0,"key":"ht4m+ezfnn3RsEUDIAAsvaCiuJqH30P8iGJ1FCh6EhQ="},"chainType":1,"messageKeys":{}}},"pendingPreKey":{"signedKeyId":0,"baseKey":"BQkGUCZ+M6NHVcZmNcfLufu10IF2oreZfATLrQmHR4Iz","preKeyId":9415239}}},"version":"v1"}