{"_sessions":{"BXYWP/q2DmfV9aBFAoRCGrmXkKLG6YD3X+2J/l0WKSYg":{"registrationId":697914595,"currentRatchet":{"ephemeralKeyPair":{"pubKey":"Bam49UjoYzkC3qU/9Jq3H1AGlSyoCUp8WxQ9HZjvHqkX","privKey":"KPnwL+9GDlYsMzPHDR0iYYyMDPVjIxr9Zgp85B3IMFM="},"lastRemoteEphemeralKey":"BRrRTViGxA9sYqJ16LgnC5dccTrGAvIjCpCPTCzf/2Ye","previousCounter":0,"rootKey":"DsAM7sNRRxOhRfVPK9Tq3kcVSghFSt6MiuPRPEuBPmQ="},"indexInfo":{"baseKey":"BXYWP/q2DmfV9aBFAoRCGrmXkKLG6YD3X+2J/l0WKSYg","baseKeyType":1,"closed":-1,"used":1740353964282,"created":1740353866123,"remoteIdentityKey":"BTTKY4CeYL2xZTfzy4kjN/54rfmbOi660l1QOFUWKIxb"},"_chains":{"BRrRTViGxA9sYqJ16LgnC5dccTrGAvIjCpCPTCzf/2Ye":{"chainKey":{"counter":0,"key":"MVtBFKUjlabzHw3rTgYMvZm9TlIT+ersnjewsKexrwE="},"chainType":2,"messageKeys":{}},"Bam49UjoYzkC3qU/9Jq3H1AGlSyoCUp8WxQ9HZjvHqkX":{"chainKey":{"counter":-1,"key":"0FwcWRiYdEpVmEqnThiqfb57m76WG095uxsk8iF/UV0="},"chainType":1,"messageKeys":{}}}}},"version":"v1"}