{"_sessions":{"BZKZ53VLq3IRfIhNpkyQfZ/C2XzReLV50YuQIVStd5tA":{"registrationId":921494434,"currentRatchet":{"ephemeralKeyPair":{"pubKey":"BaPUQgsGg0cJnfpuBwby1ErW2ZhWE+tizjbGB4FNfqk0","privKey":"aDySO3UsVFZr6d4JRw/RU09B/8AX7gjCGPj8tyR2DGk="},"lastRemoteEphemeralKey":"BRRFuJXqK3XhptAsEEO7daeuWp8j1YpoUb2qyKA1N0po","previousCounter":0,"rootKey":"N3ZLMXiVHSpUrXXGOOy69CuK1ylCPd4IOZe0QKZAQOg="},"indexInfo":{"baseKey":"BZKZ53VLq3IRfIhNpkyQfZ/C2XzReLV50YuQIVStd5tA","baseKeyType":1,"closed":-1,"used":1740353866963,"created":1740353866963,"remoteIdentityKey":"BUYm8EFIOkpIYVaA2P/LwV6tYFUSkr6XV2anY6eM54Qg"},"_chains":{"BaPUQgsGg0cJnfpuBwby1ErW2ZhWE+tizjbGB4FNfqk0":{"chainKey":{"counter":0,"key":"dEM42DR14eSJirDwJ2Z6de9Er7ckNos4q8XsgC+lw7w="},"chainType":1,"messageKeys":{}}},"pendingPreKey":{"signedKeyId":2,"baseKey":"BZKZ53VLq3IRfIhNpkyQfZ/C2XzReLV50YuQIVStd5tA","preKeyId":3403066}}},"version":"v1"}