{"_sessions":{"BVKz2oS5NOJOQwkoX5j61DaIZ0d0SGcZfc8HL1Ufy5Qp":{"registrationId":86303597,"currentRatchet":{"ephemeralKeyPair":{"pubKey":"BW7NMDhNE21VEwUV5BNH0fcnqdsNHi1c26y1YClSL01g","privKey":"+CAfmVBE6DchE41AhBFWuNdqKOUnBzMz+kJS5fr5zV4="},"lastRemoteEphemeralKey":"BWQwWxczv4Huindrw0raZEvJH7VAeImHLeSyI4CDDWQA","previousCounter":0,"rootKey":"gfROeLOP8eMMjky+zeVFvfbtDwSEofPaebG6FF/tfqs="},"indexInfo":{"baseKey":"BVKz2oS5NOJOQwkoX5j61DaIZ0d0SGcZfc8HL1Ufy5Qp","baseKeyType":1,"closed":-1,"used":1740353863927,"created":1740353863927,"remoteIdentityKey":"BTqI8sL/aCT0dz3goA0+bJxGvUx8E4piHzg6R/32q+9g"},"_chains":{"BW7NMDhNE21VEwUV5BNH0fcnqdsNHi1c26y1YClSL01g":{"chainKey":{"counter":0,"key":"ELCkLZgxiE4us3jIirxrLjBLjlLbAtHbOVpyDChTvT0="},"chainType":1,"messageKeys":{}}},"pendingPreKey":{"signedKeyId":1,"baseKey":"BVKz2oS5NOJOQwkoX5j61DaIZ0d0SGcZfc8HL1Ufy5Qp","preKeyId":4926351}}},"version":"v1"}