{"_sessions":{"BXyDUIwIJ/8RY98w+tf4L5o+NIiTf/GU2KgVn6pF99AT":{"registrationId":1770555757,"currentRatchet":{"ephemeralKeyPair":{"pubKey":"BQqpHecqrsmlo0K3pWfALsWzpTRhdQgeHMGWSiyzcdkp","privKey":"SDu1Lc4p5DtPr2Gr0zZ8Pmn/7tUhtMrJW86tpw9gjWc="},"lastRemoteEphemeralKey":"BTZqUYiZcAmhpzB1OmDnBfIpOdE7qr3Ny9kgMQR6p0hm","previousCounter":0,"rootKey":"O1uUSe55C0iJt4DCHZkaqD9PFUDjBzujp1E8Zuf/tGk="},"indexInfo":{"baseKey":"BXyDUIwIJ/8RY98w+tf4L5o+NIiTf/GU2KgVn6pF99AT","baseKeyType":1,"closed":-1,"used":1740353863934,"created":1740353863934,"remoteIdentityKey":"BU5ghGjxC101/grTiKNbALxyy8nQ6qbLaFYSyd0XIm5Y"},"_chains":{"BQqpHecqrsmlo0K3pWfALsWzpTRhdQgeHMGWSiyzcdkp":{"chainKey":{"counter":0,"key":"8Fy2ehm682inkgVM++UHqdcfma9b4I6ZaKGupTSiZ5Q="},"chainType":1,"messageKeys":{}}},"pendingPreKey":{"signedKeyId":10,"baseKey":"BXyDUIwIJ/8RY98w+tf4L5o+NIiTf/GU2KgVn6pF99AT","preKeyId":6049294}}},"version":"v1"}