{"_sessions":{"Bco6AHlCoHCS6OFCmP54fnOKI+/eg5C82yoxMJllnnom":{"registrationId":404687326,"currentRatchet":{"ephemeralKeyPair":{"pubKey":"BeMvbXNOjyJtaG4P0ALYlEum0e4LWVlIZQI+/ShjMJ5R","privKey":"AJvupPwVG4Kj8tqq6M2w7cCQo2MUNHczDj7pmRgAuG8="},"lastRemoteEphemeralKey":"BSU3YEHicOUNdOeHPC0r4trN/EiNzHvSQrMo12uA+aEg","previousCounter":0,"rootKey":"QADGIDpmjuDmDn4Ge2W0nzlmGHz0we34iofsU3awbyM="},"indexInfo":{"baseKey":"Bco6AHlCoHCS6OFCmP54fnOKI+/eg5C82yoxMJllnnom","baseKeyType":1,"closed":-1,"used":1740353867029,"created":1740353867029,"remoteIdentityKey":"BUKDQ+JEUlefUlPlAvyu9sIVTddcBbXj+PVGSRzmR/Fl"},"_chains":{"BeMvbXNOjyJtaG4P0ALYlEum0e4LWVlIZQI+/ShjMJ5R":{"chainKey":{"counter":0,"key":"n2tJ9fEsoGcn3qdGjU0tRIuEhAgQXe+VQ94Yv0I12l4="},"chainType":1,"messageKeys":{}}},"pendingPreKey":{"signedKeyId":16,"baseKey":"Bco6AHlCoHCS6OFCmP54fnOKI+/eg5C82yoxMJllnnom","preKeyId":10441827}}},"version":"v1"}