{"_sessions":{"BcWI4Es1PoWS3vpKMS4XtepYpPnWi7ReFZkHh7k1kJEw":{"registrationId":940270725,"currentRatchet":{"ephemeralKeyPair":{"pubKey":"BfU4pSRUTxgJ4H2H0TIl5edU1NRpTZncXcBP1/bnaTE2","privKey":"YDeR/MjrUkOqkYC3/RCdrwZYaAHu4u+jpSduCWoKlEE="},"lastRemoteEphemeralKey":"BaigoozYob3bDUauLP8EdyxnlqLRxiI/42km80gfXpgU","previousCounter":0,"rootKey":"o9NrL3btlR1e+d+vLrE5qxH8sRe5z1vIlPRrCteIb3k="},"indexInfo":{"baseKey":"BcWI4Es1PoWS3vpKMS4XtepYpPnWi7ReFZkHh7k1kJEw","baseKeyType":1,"closed":-1,"used":1740353866250,"created":1740353866250,"remoteIdentityKey":"Be88WguQXE6y/YS17L8eEW0ebb1myaGiXCzp6nk9BTJq"},"_chains":{"BfU4pSRUTxgJ4H2H0TIl5edU1NRpTZncXcBP1/bnaTE2":{"chainKey":{"counter":0,"key":"Rsv/I4i7UvavmbwTA+nxIw5t003oJ2m4oLQkSyhwLTo="},"chainType":1,"messageKeys":{}}},"pendingPreKey":{"signedKeyId":1,"baseKey":"BcWI4Es1PoWS3vpKMS4XtepYpPnWi7ReFZkHh7k1kJEw","preKeyId":9291452}}},"version":"v1"}