{"_sessions":{"BTllp6hHRRKpcMqeyFZfWSr7oJoYTKs7vBzvZvj1ew17":{"registrationId":192311933,"currentRatchet":{"ephemeralKeyPair":{"pubKey":"BVdtIfSRcmi7ONWb1OkrKBtDmwwdtYDqzjahok4VL8oq","privKey":"GChy2zqLCONbpMYwTycBfwowI5RVRKJMzp7TokWPQXo="},"lastRemoteEphemeralKey":"BeVqbUcPBWyFwxJQz/d/CZLSKuMzUM08pi30DaCXYo1/","previousCounter":0,"rootKey":"mfPuvMZe4hGobs1jfAea0K+gNDmhIGOjJkhiEaiyyuw="},"indexInfo":{"baseKey":"BTllp6hHRRKpcMqeyFZfWSr7oJoYTKs7vBzvZvj1ew17","baseKeyType":1,"closed":-1,"used":1740353864050,"created":1740353864050,"remoteIdentityKey":"BbZKtRiS2aM3e6T+xIgQ1ch4ohy6WEuzowkNgsNQ6qM2"},"_chains":{"BVdtIfSRcmi7ONWb1OkrKBtDmwwdtYDqzjahok4VL8oq":{"chainKey":{"counter":0,"key":"031NFiknyy/FZ5Xk9hiUgDzoPzvZgDddxkiQCiyLPbE="},"chainType":1,"messageKeys":{}}},"pendingPreKey":{"signedKeyId":0,"baseKey":"BTllp6hHRRKpcMqeyFZfWSr7oJoYTKs7vBzvZvj1ew17","preKeyId":12994593}}},"version":"v1"}