{"_sessions":{"BU56ylkidQmH9uQQmnP0yHMZzmVzc7EXRYxGL8zV9Nd3":{"registrationId":176605237,"currentRatchet":{"ephemeralKeyPair":{"pubKey":"BZjYqEwl1P20GTY4X8ThHKcg//mzet67SvthSFPr29R0","privKey":"aE1L5EGlEmJo+JuAEm1wgPSi/YxQIY0v0Zg9Mjl1SUU="},"lastRemoteEphemeralKey":"BU6jHFNfoajbY3sW7ESjmPPA5U7hMmCfmiv0UYDljeNp","previousCounter":0,"rootKey":"t96nGySm5R9vnEuGD/K/oqNDp3CMzMBu8pX19otuJaE="},"indexInfo":{"baseKey":"BU56ylkidQmH9uQQmnP0yHMZzmVzc7EXRYxGL8zV9Nd3","baseKeyType":1,"closed":-1,"used":1740353866258,"created":1740353866258,"remoteIdentityKey":"BeRXYC0viIIZXWY8U8x4GNNeAsnbpDH6ZK+rPpHRwJIp"},"_chains":{"BZjYqEwl1P20GTY4X8ThHKcg//mzet67SvthSFPr29R0":{"chainKey":{"counter":0,"key":"LQmw+GneRLwViMgtiuZRhSs/CYbP13gEaxNbJ2iFP6k="},"chainType":1,"messageKeys":{}}},"pendingPreKey":{"signedKeyId":2,"baseKey":"BU56ylkidQmH9uQQmnP0yHMZzmVzc7EXRYxGL8zV9Nd3","preKeyId":1501755}}},"version":"v1"}