{"_sessions":{"BSrrwG66+bxLdWM2SvTvJqNplcr0GVar0+EW63DXBMIB":{"registrationId":108,"currentRatchet":{"ephemeralKeyPair":{"pubKey":"BSJXh7+65illX9p7z0akqoDpBI8+wcOOlQ3yTl5rHRF6","privKey":"oIYtnjtcHy1YNtSbWxOnVw8nCG2ALkb177Eozu4tIF0="},"lastRemoteEphemeralKey":"BQFgI37qlpewiQzXwf9Ydcj8M69HyKqtV4Fl29wWN5Uc","previousCounter":0,"rootKey":"qCA5ti03bc9fWy74QfNx2coyPpwh7YRhMf+JDHXA6+g="},"indexInfo":{"baseKey":"BSrrwG66+bxLdWM2SvTvJqNplcr0GVar0+EW63DXBMIB","baseKeyType":1,"closed":-1,"used":1740353863845,"created":1740353863845,"remoteIdentityKey":"BcOCtpMakTJWwjiBo/gfHu8+JUYDnfWOapkP8QaR8hwY"},"_chains":{"BSJXh7+65illX9p7z0akqoDpBI8+wcOOlQ3yTl5rHRF6":{"chainKey":{"counter":0,"key":"tWBcbPJ6Y3UJoPfP2kuBKiPx6j/6t3h6nH+eZnwfqD8="},"chainType":1,"messageKeys":{}}},"pendingPreKey":{"signedKeyId":1,"baseKey":"BSrrwG66+bxLdWM2SvTvJqNplcr0GVar0+EW63DXBMIB"}}},"version":"v1"}