{"_sessions":{"BflZxL5mR0gk1wbB+jo0pORAlyUPoVLRJ7qsJuay7gwo":{"registrationId":2106820402,"currentRatchet":{"ephemeralKeyPair":{"pubKey":"BaNiCm30w0K+LxQlKuiKtO2nu+59Zz+quMqogS88yU95","privKey":"UBJJSMxHORkgs2+AWsydl4VP0bTsJK9nILYKXPlwxkw="},"lastRemoteEphemeralKey":"BUzKYViUGN3tCj/R5TT1uXv0wMECPHoABzkfFQmnvqU6","previousCounter":0,"rootKey":"f8QJ8k3CwVzbQ9asELIIq1HMwvFxKskgEu6IQKHXc5w="},"indexInfo":{"baseKey":"BflZxL5mR0gk1wbB+jo0pORAlyUPoVLRJ7qsJuay7gwo","baseKeyType":1,"closed":-1,"used":1740353867021,"created":1740353867021,"remoteIdentityKey":"BX4TBKzTIvwVCt7Wq+j+VhxSAR5aDR/L5+9jCEOh9cg4"},"_chains":{"BaNiCm30w0K+LxQlKuiKtO2nu+59Zz+quMqogS88yU95":{"chainKey":{"counter":0,"key":"r2hLgz03mzja9K3eQrYP2+FVGGmU7iTrZaS6p9Nt+BU="},"chainType":1,"messageKeys":{}}},"pendingPreKey":{"signedKeyId":4,"baseKey":"BflZxL5mR0gk1wbB+jo0pORAlyUPoVLRJ7qsJuay7gwo","preKeyId":15363168}}},"version":"v1"}