{"_sessions":{"BVxWJocT3kEfa55vl6+HakiLn6nWxYDOloDlMA4n6Z5E":{"registrationId":1172496274,"currentRatchet":{"ephemeralKeyPair":{"pubKey":"BUG6rEgSgjhLKykHjFdh8hvHlnKkp5aIYwpNbzznCKMC","privKey":"wAboteuM0+qWwLmRqhcVo9N8RWEquw5dwP1mT1w+UUM="},"lastRemoteEphemeralKey":"BaQM803pCad1SRvdwak5CGRpPOBr6PSzMoO+/Z0M5SEt","previousCounter":0,"rootKey":"JKeji3nM85AW7kTn3Z7hxpWj7XpJNgfjtR/pWOXMnJs="},"indexInfo":{"baseKey":"BVxWJocT3kEfa55vl6+HakiLn6nWxYDOloDlMA4n6Z5E","baseKeyType":1,"closed":-1,"used":1740353866994,"created":1740353866994,"remoteIdentityKey":"BQBI7+H2RrsEGIuuVwp9phTtfWYtmt9J/r3xjy1fDsAZ"},"_chains":{"BUG6rEgSgjhLKykHjFdh8hvHlnKkp5aIYwpNbzznCKMC":{"chainKey":{"counter":0,"key":"qo/Ai0oyb+YB2GT71V3Rc9HC9R3hUfkNwvAxNI186WA="},"chainType":1,"messageKeys":{}}},"pendingPreKey":{"signedKeyId":3,"baseKey":"BVxWJocT3kEfa55vl6+HakiLn6nWxYDOloDlMA4n6Z5E","preKeyId":8905266}}},"version":"v1"}