{"_sessions":{"BTLMCOXF+AbpIxxRyorlYHkH0E4faYLmzKKWmAMviuV4":{"registrationId":1921724041,"currentRatchet":{"ephemeralKeyPair":{"pubKey":"BWcSzvGVzjQf1PfZBHk5l6gEZMP39dHPxcIP6M3Ty1pR","privKey":"QHGySm1MqHMbipJEfgYl0gtq4RUwgyJff3crNGnetmk="},"lastRemoteEphemeralKey":"BSkljBHECMH7OKs3zp8khIZvrcC8mg4rJPfbC95A0jEZ","previousCounter":0,"rootKey":"dj/87m1wRC0VypJ68FQkWKI+PpSbsBI/YYTKU0TitbU="},"indexInfo":{"baseKey":"BTLMCOXF+AbpIxxRyorlYHkH0E4faYLmzKKWmAMviuV4","baseKeyType":1,"closed":-1,"used":1740353865911,"created":1740353865911,"remoteIdentityKey":"BYLT9/OD4yf79FceNiVCZVwMIYLIjMZvAdQi1Wef8LRJ"},"_chains":{"BWcSzvGVzjQf1PfZBHk5l6gEZMP39dHPxcIP6M3Ty1pR":{"chainKey":{"counter":0,"key":"7QaN4hmUZZyK83o4igRYGpp26rT161qaK4juYoFLc4U="},"chainType":1,"messageKeys":{}}},"pendingPreKey":{"signedKeyId":11,"baseKey":"BTLMCOXF+AbpIxxRyorlYHkH0E4faYLmzKKWmAMviuV4","preKeyId":3889803}}},"version":"v1"}