{"_sessions":{"BS1JARxvPN7YMYZAe7+dYsO8KMNnr721VPctLL4UlH1o":{"registrationId":1191604509,"currentRatchet":{"ephemeralKeyPair":{"pubKey":"BYNkDg3FbA9466XF0ixeH5TM3bSf1bwoiQj7TU44gNAM","privKey":"6EuEoEuuy1vXcszVgNSHZjURNz7+djRN1BWvdb/6p0w="},"lastRemoteEphemeralKey":"Bfxv1AEoxdV7DGeU3fyj6tREEVrpL7WEduWsbGHsAXQT","previousCounter":0,"rootKey":"9//JfXAUopNfMK+vl1oY9eWyie6sMWTgR6LwQE7gyHo="},"indexInfo":{"baseKey":"BS1JARxvPN7YMYZAe7+dYsO8KMNnr721VPctLL4UlH1o","baseKeyType":1,"closed":-1,"used":1740353865907,"created":1740353865907,"remoteIdentityKey":"BXq/gB44xhWB3dyy3xQ57YGsRItSJ4n0sv/xx9OQiBYS"},"_chains":{"BYNkDg3FbA9466XF0ixeH5TM3bSf1bwoiQj7TU44gNAM":{"chainKey":{"counter":0,"key":"E16y+KDiUJZDUAY7ByqGUjEu3dIObocfSjox28nsyIQ="},"chainType":1,"messageKeys":{}}},"pendingPreKey":{"signedKeyId":1,"baseKey":"BS1JARxvPN7YMYZAe7+dYsO8KMNnr721VPctLL4UlH1o","preKeyId":1270372}}},"version":"v1"}