{"_sessions":{"BdcJNtxU9UTgSge9NaXW/0ETHkvG8C5Sx+NwZ0wKUaki":{"registrationId":237274631,"currentRatchet":{"ephemeralKeyPair":{"pubKey":"Ba0bNcyLIv2FJ6sdLDTFq10rnZwd2FTeXnKmoqz2XJEj","privKey":"sK3xTbEtHTPqfuVIrFB9U0M1RiE5Br8vNEmcyjGJSmU="},"lastRemoteEphemeralKey":"BQIkkN1yvt1baJtbQMkn70t4uhn+DsmEdC1GNSICjsgq","previousCounter":0,"rootKey":"7AmCHAN435XIuOsTRTGt0S3sGmGaRXogpySiNypbYRs="},"indexInfo":{"baseKey":"BdcJNtxU9UTgSge9NaXW/0ETHkvG8C5Sx+NwZ0wKUaki","baseKeyType":1,"closed":-1,"used":1740353864043,"created":1740353864043,"remoteIdentityKey":"BWAlWeHHzO2av4OAoOB3rYD8g29dIuh0gXU3FGPAS39D"},"_chains":{"Ba0bNcyLIv2FJ6sdLDTFq10rnZwd2FTeXnKmoqz2XJEj":{"chainKey":{"counter":0,"key":"cHR7hFyTJKYa5If3HUfNjrroxfjLjg/zd4YolBazQOs="},"chainType":1,"messageKeys":{}}},"pendingPreKey":{"signedKeyId":0,"baseKey":"BdcJNtxU9UTgSge9NaXW/0ETHkvG8C5Sx+NwZ0wKUaki","preKeyId":2265480}}},"version":"v1"}