{"_sessions":{"BQ0GUhNpUdL9suOzBzzwFQvAovdOT6ti5txb01+2sbUx":{"registrationId":1047822266,"currentRatchet":{"ephemeralKeyPair":{"pubKey":"BfmWegtLUinFGqWyM93EC1xzgBHuy3Nn/EUsPtx2kYIM","privKey":"wO4fzojTjgbYfdlXVNU2amXy5802jsM9meBvt64QXWc="},"lastRemoteEphemeralKey":"Be8LkZwlh0lzz60+cA5HbxFUWZRJzQ5AxtJtIYBW7l1q","previousCounter":0,"rootKey":"VaeK3rHgS0rtSAHZloSq9Iz7iJER7JfniL563PDmKDk="},"indexInfo":{"baseKey":"BQ0GUhNpUdL9suOzBzzwFQvAovdOT6ti5txb01+2sbUx","baseKeyType":1,"closed":-1,"used":1740353866239,"created":1740353866239,"remoteIdentityKey":"BeYOmTvYEpGWMPfJAAY/oSVCS361sESDRr85h3QtSYsX"},"_chains":{"BfmWegtLUinFGqWyM93EC1xzgBHuy3Nn/EUsPtx2kYIM":{"chainKey":{"counter":0,"key":"XsJKEoDQvyFkbHBIgs5cwBGlB3FavFC9TltIOPyjyrk="},"chainType":1,"messageKeys":{}}},"pendingPreKey":{"signedKeyId":4,"baseKey":"BQ0GUhNpUdL9suOzBzzwFQvAovdOT6ti5txb01+2sbUx","preKeyId":2655531}}},"version":"v1"}