{"_sessions":{"BT/NsXfzA6uSwzXRgRkEsnZmW4EjmhWRA14sgsRu0Mhm":{"registrationId":1211372301,"currentRatchet":{"ephemeralKeyPair":{"pubKey":"BW1KeHKRaZks7KUZ+ISQGvTbq2k84d5lQ86UKvefeN5F","privKey":"eMs43j7G0PZvDbq3cij5w+iCfYxO9/JWC4BSHBRN23I="},"lastRemoteEphemeralKey":"BV2C2khNBsiZ76+Eb2tlQ6OfgpP0UNyeGYQrPZCaeRk+","previousCounter":0,"rootKey":"o79Md2N9w7oxb8poyjJG/vAB0glO4xZZw+SdwE8D4YE="},"indexInfo":{"baseKey":"BT/NsXfzA6uSwzXRgRkEsnZmW4EjmhWRA14sgsRu0Mhm","baseKeyType":1,"closed":-1,"used":1740353867001,"created":1740353867001,"remoteIdentityKey":"BSL9xCWBC5Zj8/FZToYpkE2Ed2P/TRbXTbV0BpsLl5ZM"},"_chains":{"BW1KeHKRaZks7KUZ+ISQGvTbq2k84d5lQ86UKvefeN5F":{"chainKey":{"counter":0,"key":"Y1LubKzDQXCFk7TuByMnQl1dq6/e05wqOCCFG0sY1Io="},"chainType":1,"messageKeys":{}}},"pendingPreKey":{"signedKeyId":12,"baseKey":"BT/NsXfzA6uSwzXRgRkEsnZmW4EjmhWRA14sgsRu0Mhm","preKeyId":9288009}}},"version":"v1"}