{"_sessions":{"BSKWS3D/dqW9R+93GvxVDjau03d81N9BPKXwb09VhC1g":{"registrationId":1308188545,"currentRatchet":{"ephemeralKeyPair":{"pubKey":"BTSAsxURE9IlGYwDn0vF1WtnDAC3SBOAox653+XS/q4h","privKey":"OP65Rd0qrFvbVcMobYm9fXZzVevKq8R4sOLp3vPDRFM="},"lastRemoteEphemeralKey":"BY+yNvS+qJ0ba65S0+9W/2dJvnB4x3w3sE1Bl+uPNOps","previousCounter":0,"rootKey":"FG/p18sfNUA/tzu9pCg6dyApflx6hN1nidfB0yGOX9A="},"indexInfo":{"baseKey":"BSKWS3D/dqW9R+93GvxVDjau03d81N9BPKXwb09VhC1g","baseKeyType":1,"closed":-1,"used":1740353865882,"created":1740353865882,"remoteIdentityKey":"BanrLE5pO7CggeSs0WxJ6jGclR/eYdltCDpzYNRRXexB"},"_chains":{"BTSAsxURE9IlGYwDn0vF1WtnDAC3SBOAox653+XS/q4h":{"chainKey":{"counter":0,"key":"bdFkPRyJ9eJAQ1eC3dmQ3aF7MaZhlIVplxbacj1YVGA="},"chainType":1,"messageKeys":{}}},"pendingPreKey":{"signedKeyId":7,"baseKey":"BSKWS3D/dqW9R+93GvxVDjau03d81N9BPKXwb09VhC1g","preKeyId":11475481}}},"version":"v1"}