{"_sessions":{"BWWlhOUSqYFsRDIm94yf1oR4WuyDLri1BWxkODJvm6Uu":{"registrationId":529486535,"currentRatchet":{"ephemeralKeyPair":{"pubKey":"BQTgjl8FuQPMiB9KSzAKfWLUVsuTXMHdgpszy1fO0hBd","privKey":"4BaNdoiIY2PkJw2MPZDgWvRy1rRDeHh1fEBY2p53zmU="},"lastRemoteEphemeralKey":"BZ8jgOoPw1QG5691wflBYhuMnCi7hftIXJ34QID3Uf9+","previousCounter":0,"rootKey":"MeljGtVy6Pw0lKbQ3vJF/mlU6dNHI6XLjOLSV9RzIas="},"indexInfo":{"baseKey":"BWWlhOUSqYFsRDIm94yf1oR4WuyDLri1BWxkODJvm6Uu","baseKeyType":1,"closed":-1,"used":1740353863931,"created":1740353863931,"remoteIdentityKey":"BT73NJv1hfidMvGmadGxMNNBCcOX2y5/UKany+U53mJM"},"_chains":{"BQTgjl8FuQPMiB9KSzAKfWLUVsuTXMHdgpszy1fO0hBd":{"chainKey":{"counter":0,"key":"kyc0ixXTlnwUfxNOMwXrUXeRYBfOx1NktMgjU3wZxyE="},"chainType":1,"messageKeys":{}}},"pendingPreKey":{"signedKeyId":2347664,"baseKey":"BWWlhOUSqYFsRDIm94yf1oR4WuyDLri1BWxkODJvm6Uu","preKeyId":10343}}},"version":"v1"}