{"_sessions":{"Bdl4E7ZeE7yfw8gUrAT/Vr0Wx3htli8HoGBzdW3XTeEH":{"registrationId":357582130,"currentRatchet":{"ephemeralKeyPair":{"pubKey":"BQEaBixGMs51BGlCASGc7vHaOYuz6I+SBZ8R/RutUfoY","privKey":"AH++6/F1VVvTsQ5x/f6xoS1rX3Tdz6ujl9qtHv/SAn8="},"lastRemoteEphemeralKey":"BWcZpuyfC+Va1y8dlFhr5rS4OWvD4YGKISNEJQ8v0XRE","previousCounter":0,"rootKey":"LdJ/JzgTynPZGor4LJh4uxAPGGuSgrQjvXugD1XQxmE="},"indexInfo":{"baseKey":"Bdl4E7ZeE7yfw8gUrAT/Vr0Wx3htli8HoGBzdW3XTeEH","baseKeyType":1,"closed":-1,"used":1740353866205,"created":1740353866205,"remoteIdentityKey":"BTWHGqUJPeYq2Cz6hlAyeMx8dXInONUobcTeiCo3VD4G"},"_chains":{"BQEaBixGMs51BGlCASGc7vHaOYuz6I+SBZ8R/RutUfoY":{"chainKey":{"counter":0,"key":"Z98EloGWrl55sKvXaZqikWlGbh0UGekm7VwdBFSYQOg="},"chainType":1,"messageKeys":{}}},"pendingPreKey":{"signedKeyId":1,"baseKey":"Bdl4E7ZeE7yfw8gUrAT/Vr0Wx3htli8HoGBzdW3XTeEH","preKeyId":14682204}}},"version":"v1"}