{"_sessions":{"BUNmXH0mV6micbJEXHnPFcOopy/N66MB9ZhTzjiXLuBE":{"registrationId":145299013,"currentRatchet":{"ephemeralKeyPair":{"pubKey":"BR64oe5StkLoMlLFlpQJJeMZJ5jCMOCa+na2QGJV43JI","privKey":"qD4uIXukuu79ih0D5Ll55TTa5NwK2jAgEYipbtgHqXQ="},"lastRemoteEphemeralKey":"BXseavVbDDyHYdC50/JkLJr9jKVNtgIHxADpx7BnGAk3","previousCounter":0,"rootKey":"DN8fCr4AHfTM6k9a4U0WD6WA+kHkn0MSqUb6qFBvCY8="},"indexInfo":{"baseKey":"BUNmXH0mV6micbJEXHnPFcOopy/N66MB9ZhTzjiXLuBE","baseKeyType":1,"closed":-1,"used":1740353867057,"created":1740353867057,"remoteIdentityKey":"BRKip/cbI6X0r0Hip5uu35b9+0twRl/eBoYEeXlSuBA7"},"_chains":{"BR64oe5StkLoMlLFlpQJJeMZJ5jCMOCa+na2QGJV43JI":{"chainKey":{"counter":0,"key":"NpqLD2ku8jmNs+iD9xZFwNcQHpp+wyAleUTAUxRQri0="},"chainType":1,"messageKeys":{}}},"pendingPreKey":{"signedKeyId":1,"baseKey":"BUNmXH0mV6micbJEXHnPFcOopy/N66MB9ZhTzjiXLuBE","preKeyId":5236673}}},"version":"v1"}