{"_sessions":{"BV6mtpol6iC0JgvjNVv3kY8bFu4prIXcU0H8KFNbBP8Q":{"registrationId":147309114,"currentRatchet":{"ephemeralKeyPair":{"pubKey":"BU8bOJo9BPvSaaRaCloyhtVheZ9Ilf/tuVaV6zXzojs6","privKey":"0DQ6hgku7mVzp0fqGF0h/B0byusE67LVM/LGL+SMJn0="},"lastRemoteEphemeralKey":"BZMYmEkwZN4ZEtVKumY3l2SgYMtHkzgt196ieJvVnX8e","previousCounter":0,"rootKey":"ACWNnqEJLC5fSAJ8RbJKxARTI+RNsQsBRrd1z0OJxpA="},"indexInfo":{"baseKey":"BV6mtpol6iC0JgvjNVv3kY8bFu4prIXcU0H8KFNbBP8Q","baseKeyType":1,"closed":-1,"used":1740353865993,"created":1740353865993,"remoteIdentityKey":"BTQrQi6oggc7q4u6xiz3dVytTzs7XCJ0D+aU7RIvZG5H"},"_chains":{"BU8bOJo9BPvSaaRaCloyhtVheZ9Ilf/tuVaV6zXzojs6":{"chainKey":{"counter":0,"key":"1APX891onYO+k1U0HO+DDU7avQ4p60AVgXbPLFKf5xc="},"chainType":1,"messageKeys":{}}},"pendingPreKey":{"signedKeyId":12,"baseKey":"BV6mtpol6iC0JgvjNVv3kY8bFu4prIXcU0H8KFNbBP8Q","preKeyId":4852636}}},"version":"v1"}