{"_sessions":{"BV1/ag5FWhtepwhQr1HyaqxpTw+2Xoizw84IEi1E8Pwp":{"registrationId":1239734050,"currentRatchet":{"ephemeralKeyPair":{"pubKey":"BWYLlA/Bl6cCIX6NU8C4fG/5cBui5H+lBhzwT1v8ej9k","privKey":"IKaSBXpIxhbEeVmLmi8dvC6jRiaMPT3GNBHb9VJZnVc="},"lastRemoteEphemeralKey":"BQkkUZXVV9UqO4icEiIAeukgmI7ocw4jazfCqChhYdE6","previousCounter":0,"rootKey":"ETrIcxbckgVuGJlTe5Phf51Vf1xJ1B91k75bYoMVU1g="},"indexInfo":{"baseKey":"BV1/ag5FWhtepwhQr1HyaqxpTw+2Xoizw84IEi1E8Pwp","baseKeyType":1,"closed":-1,"used":1740353865957,"created":1740353865957,"remoteIdentityKey":"BZiA+CVlW8xHkS0RjxamRXfFdY9TCXcBSDFc+2+tt9I5"},"_chains":{"BWYLlA/Bl6cCIX6NU8C4fG/5cBui5H+lBhzwT1v8ej9k":{"chainKey":{"counter":0,"key":"MYRuxjT4f0TAJ2jU6CGR65WqwzQReBWGh50Dstfgo+U="},"chainType":1,"messageKeys":{}}},"pendingPreKey":{"signedKeyId":2,"baseKey":"BV1/ag5FWhtepwhQr1HyaqxpTw+2Xoizw84IEi1E8Pwp","preKeyId":11975025}}},"version":"v1"}