{"_sessions":{"BYdbFV0+2VoXtpTtqflexVIeEjcO7qbhk79KFbhwMStj":{"registrationId":809799496,"currentRatchet":{"ephemeralKeyPair":{"pubKey":"Bdg4WnTa50kTE1A1HheW+K/5YyT+1HLiUNRvsMoIw/Yl","privKey":"UAWZX7orybr95bfj809CgcTCR7aZf3r6mLBV3HdXLmU="},"lastRemoteEphemeralKey":"BX8Ut7fo8lUz1FU27ZO7RiVlsgPDfVTGoKOzQMZCTfRr","previousCounter":0,"rootKey":"3P+tiy4t74RGQkq/5WZUhhg75DUhUMUwAGHCHrJAyAE="},"indexInfo":{"baseKey":"BYdbFV0+2VoXtpTtqflexVIeEjcO7qbhk79KFbhwMStj","baseKeyType":1,"closed":-1,"used":1740353866004,"created":1740353866004,"remoteIdentityKey":"BR/l+x8Scv4Jptw9muf9NJliOeGqyKr+SvIp+sYbmwcD"},"_chains":{"Bdg4WnTa50kTE1A1HheW+K/5YyT+1HLiUNRvsMoIw/Yl":{"chainKey":{"counter":0,"key":"bWZwr6BpJ/tyuLY/6GVIzvTByvZOGokFhfexpw88ZW8="},"chainType":1,"messageKeys":{}}},"pendingPreKey":{"signedKeyId":1,"baseKey":"BYdbFV0+2VoXtpTtqflexVIeEjcO7qbhk79KFbhwMStj","preKeyId":4715676}}},"version":"v1"}