{"_sessions":{"BUIlSBSfPNlN5IV+zC+vnIrUgQYc1rJYWKJyDvrRBQoC":{"registrationId":675484960,"currentRatchet":{"ephemeralKeyPair":{"pubKey":"BbDfOvY3Fr8ZFqoZWK0fH1p9Z7WlE3yEar3Wp2KLP5Bu","privKey":"oKeX4vZLvaFLR35+zOXbrGLpcKK/+23mnjxRLa+uY2I="},"lastRemoteEphemeralKey":"BXG6bplgzazRpxF7gvWTNcqf5C4ROKG5TvCsviGeUswf","previousCounter":0,"rootKey":"KkL5T6GgNCtoE7elgW+bS/FxkOBdG8B7hK0GL5Q0wA8="},"indexInfo":{"baseKey":"BUIlSBSfPNlN5IV+zC+vnIrUgQYc1rJYWKJyDvrRBQoC","baseKeyType":1,"closed":-1,"used":1740354451348,"created":1740353866218,"remoteIdentityKey":"Be3B8xz7TBmgyYkhYWkm6zkk7S7YNn51+yxwpFOZmg08"},"_chains":{"BXG6bplgzazRpxF7gvWTNcqf5C4ROKG5TvCsviGeUswf":{"chainKey":{"counter":5,"key":"WA7E9mWDafpg7b4Te+PgG8JP3YYc5UFCK0p1s2Kt0PM="},"chainType":2,"messageKeys":{"1":"24uNq+CgLvRIjWosib3yM/JLpRsrPZhHVHNFU2faM7s=","2":"df8t9hqDi1z1wE7/jgL+pYPb/+43yOo5tMqV2P0Eh1U=","3":"pLMoSR5MP2wzCxkcXAKuGWq/mY++8IHm8B5RbzQxcbI=","4":"02/DEZqq1re9xC4XauZcc4jOnNC1eyvWIRU/B1zK0JQ="}},"BbDfOvY3Fr8ZFqoZWK0fH1p9Z7WlE3yEar3Wp2KLP5Bu":{"chainKey":{"counter":-1,"key":"NW1jIXi9vQWOY/mcQnsXcvliiT+QemPqEUrtx1WqIS8="},"chainType":1,"messageKeys":{}}}}},"version":"v1"}