{"_sessions":{"BSP7o6YJcyAAv0Mkv8ZeP3QHVN9QUP3i6jteZp4TraEj":{"registrationId":1743448264,"currentRatchet":{"ephemeralKeyPair":{"pubKey":"BZYzwiD30By8+Bm1nqq/6dJWhdf3YYd6Rjj8ziem3k84","privKey":"8I3KQbKYoNXOkW5aw+zj0Hamcrzq1Z3HUAD5yCWduWw="},"lastRemoteEphemeralKey":"BXuf43kJdOCMs0Xr/gIkf9XJ0nPqwwNZPV4O1O5zXn9X","previousCounter":0,"rootKey":"JxuIdnDpUwWdIavMv8g05xEMAsqMTcYZQbYmkMgmKaY="},"indexInfo":{"baseKey":"BSP7o6YJcyAAv0Mkv8ZeP3QHVN9QUP3i6jteZp4TraEj","baseKeyType":1,"closed":-1,"used":1740353866192,"created":1740353866192,"remoteIdentityKey":"BZcwW+BZXeiachXT2d7zaRC1eBWbVjiZ5hmkUoCD1jAF"},"_chains":{"BZYzwiD30By8+Bm1nqq/6dJWhdf3YYd6Rjj8ziem3k84":{"chainKey":{"counter":0,"key":"m9OZJGFtBtr3OlBLhAXmQYgQvMlRmwFrrV3vqWXB0xw="},"chainType":1,"messageKeys":{}}},"pendingPreKey":{"signedKeyId":6,"baseKey":"BSP7o6YJcyAAv0Mkv8ZeP3QHVN9QUP3i6jteZp4TraEj","preKeyId":6286593}}},"version":"v1"}