{"_sessions":{"BUzR78P93fGYMO7LAfXkSFLTwWqPXtjaLi03iw90pvhz":{"registrationId":453788402,"currentRatchet":{"ephemeralKeyPair":{"pubKey":"BY9x5Q4aMFNHKYeuk2/tcFMPtqmZe6uVYryev0n0Q2g7","privKey":"ePghpDJqMfzifECilTy1+ymoINcaul0OpgLreozPO0o="},"lastRemoteEphemeralKey":"BdU3fmVDoaMIVGTFkAKgV2m5cT4CauYKAPCVcg0edWEP","previousCounter":0,"rootKey":"OOKImB42fUPit4/ncGvYI0fT2kVhPOB0vp1e+3wwKIk="},"indexInfo":{"baseKey":"BUzR78P93fGYMO7LAfXkSFLTwWqPXtjaLi03iw90pvhz","baseKeyType":1,"closed":-1,"used":1740353865972,"created":1740353865972,"remoteIdentityKey":"Bc8t5Xsio9CPudJ8gjZjwDs9fLL9X3UgeWhr/m44uX56"},"_chains":{"BY9x5Q4aMFNHKYeuk2/tcFMPtqmZe6uVYryev0n0Q2g7":{"chainKey":{"counter":0,"key":"Vu6B64WXhkFmdRlS35M4p7EQvh6Foopzs/yTuSk3h80="},"chainType":1,"messageKeys":{}}},"pendingPreKey":{"signedKeyId":2,"baseKey":"BUzR78P93fGYMO7LAfXkSFLTwWqPXtjaLi03iw90pvhz","preKeyId":5153463}}},"version":"v1"}