{"_sessions":{"BUbHzP89IL9Sn6YuuLr7rUSJ0gAt3JOSxfG01ELJcZg2":{"registrationId":1623134302,"currentRatchet":{"ephemeralKeyPair":{"pubKey":"Bcqdsa2ohjKerzObKejwXEyRe08yBx33ArJtrCMluwhC","privKey":"2N11fjkZuMrphHBNi+ubFPw7B2qI82DvhkOPFl4a5Xs="},"lastRemoteEphemeralKey":"Ba/h6+//HukBdLB1P84V/LWFQKokxcAakDbsh1nXRfBy","previousCounter":0,"rootKey":"J7N1B9lKJvDPGffD5AwlUgDKRS2no/R9blr6YJiPbL0="},"indexInfo":{"baseKey":"BUbHzP89IL9Sn6YuuLr7rUSJ0gAt3JOSxfG01ELJcZg2","baseKeyType":1,"closed":-1,"used":1740353865961,"created":1740353865961,"remoteIdentityKey":"BT/yzWU5A6czbVe3xV5Sg/lOcVQwud8W95K3HNVOg98i"},"_chains":{"Bcqdsa2ohjKerzObKejwXEyRe08yBx33ArJtrCMluwhC":{"chainKey":{"counter":0,"key":"B+IzIHR5fanTqO34gLq20Z0zPAcomzL+oHB9af36gFo="},"chainType":1,"messageKeys":{}}},"pendingPreKey":{"signedKeyId":12,"baseKey":"BUbHzP89IL9Sn6YuuLr7rUSJ0gAt3JOSxfG01ELJcZg2","preKeyId":9023755}}},"version":"v1"}