{"_sessions":{"BWO0Qa7NbUVBALz2Rq/SQkcu0Lh+MuhpGY2RlRKdYWUK":{"registrationId":597449452,"currentRatchet":{"ephemeralKeyPair":{"pubKey":"BX2tGnH2wKUY3bvYSWsW5VOhlB/Q6B8euRTnAjthy3Ie","privKey":"ECmZJMig/giuBo72bm5CPhOBZCEaW8x9iba4mu+ER0s="},"lastRemoteEphemeralKey":"BZmmENoxzvVHa0naYXhEXpy8OpiCRCaoz+d5AIGCwyE+","previousCounter":0,"rootKey":"eiIHAN71FlqJ2KyyKse+BUCrRrfXDiR+/dhNjCvTemA="},"indexInfo":{"baseKey":"BWO0Qa7NbUVBALz2Rq/SQkcu0Lh+MuhpGY2RlRKdYWUK","baseKeyType":1,"closed":-1,"used":1740353864135,"created":1740353864135,"remoteIdentityKey":"BcyPULq9BufHD5T2+bze45HvP8Yu+jZIDTC9/Os3bfh4"},"_chains":{"BX2tGnH2wKUY3bvYSWsW5VOhlB/Q6B8euRTnAjthy3Ie":{"chainKey":{"counter":0,"key":"4jocNMrkz9be57BRq6TL+0Ag8X+0Uhphc3pTI27ekXo="},"chainType":1,"messageKeys":{}}},"pendingPreKey":{"signedKeyId":0,"baseKey":"BWO0Qa7NbUVBALz2Rq/SQkcu0Lh+MuhpGY2RlRKdYWUK","preKeyId":15189798}}},"version":"v1"}