{"_sessions":{"BVeKyl3vDf8AxK5KONQmE6o0Q/EJ1iLHAB8q4LVGYE59":{"registrationId":483632211,"currentRatchet":{"ephemeralKeyPair":{"pubKey":"BfduBUbhNQe8a5tIgmYEJZxi2FEH6TiJ6MqZrl2KRU1F","privKey":"KBgOopH2F4WPQf61wmUqCrtPxQjpwEfLVGwfBfX7BU4="},"lastRemoteEphemeralKey":"BQw03cLUWBQnP1afUgs+obSck2vv8I0wVZh0b6wzP1A5","previousCounter":0,"rootKey":"FT9dcDX+UoI6U0e4A3saaBb2MDuWiFOjfi4T1pv02FY="},"indexInfo":{"baseKey":"BVeKyl3vDf8AxK5KONQmE6o0Q/EJ1iLHAB8q4LVGYE59","baseKeyType":1,"closed":-1,"used":1740353866031,"created":1740353866031,"remoteIdentityKey":"BVbOgnTo1CR8f340GXsJAxOAeBHZAkG3ly58nvl7kx0Y"},"_chains":{"BfduBUbhNQe8a5tIgmYEJZxi2FEH6TiJ6MqZrl2KRU1F":{"chainKey":{"counter":0,"key":"DxVdawx6A76m1C7WOkAm8M/NBmNunXjnzsqYAHkOxzw="},"chainType":1,"messageKeys":{}}},"pendingPreKey":{"signedKeyId":9,"baseKey":"BVeKyl3vDf8AxK5KONQmE6o0Q/EJ1iLHAB8q4LVGYE59","preKeyId":14568702}}},"version":"v1"}