{"_sessions":{"BfCCYgt8SXvFJrXd5audSuWI5ykeSW8g6MA6aaIU2rxN":{"registrationId":490354711,"currentRatchet":{"ephemeralKeyPair":{"pubKey":"BX3Hm7ewxC/9ty4YOzqADHIBt2iE/cAomBHw7PQnTH55","privKey":"OLgnr8Xumr93W7QM+71itRS99s33yC2itjNXe9jNPUE="},"lastRemoteEphemeralKey":"BUwHsvrNtlIVsmTq8gOkCj1felBIVouBWWgd5YTPv5Iy","previousCounter":0,"rootKey":"FuUmaGxxkY+pHvW5XMqswz+l0NmVtfsUGJ3jCHejROM="},"indexInfo":{"baseKey":"BfCCYgt8SXvFJrXd5audSuWI5ykeSW8g6MA6aaIU2rxN","baseKeyType":1,"closed":-1,"used":1740353865941,"created":1740353865941,"remoteIdentityKey":"BaWalBbVIzM57ctVmMbqoxvbuzwhGl54ojo5XEjJ4RZT"},"_chains":{"BX3Hm7ewxC/9ty4YOzqADHIBt2iE/cAomBHw7PQnTH55":{"chainKey":{"counter":0,"key":"aozpp0N27fAEdE/bzMnmlU7z1OMdiJqeQgeMtaE4Ahw="},"chainType":1,"messageKeys":{}}},"pendingPreKey":{"signedKeyId":10,"baseKey":"BfCCYgt8SXvFJrXd5audSuWI5ykeSW8g6MA6aaIU2rxN","preKeyId":6871527}}},"version":"v1"}