{"_sessions":{"BXLjD0z0Pl+K/L+yms00TvCjvj6JHgQd9ptx7mhdsThm":{"registrationId":2118982952,"currentRatchet":{"ephemeralKeyPair":{"pubKey":"BRMhCyGZTBjXN5S+SmRBoTGXc34vw8P5ZMyWxGsVV0RK","privKey":"UBCDjKa+Tit5tksas6+CNeXHyYAXeBZ0v2qL/nHbJFs="},"lastRemoteEphemeralKey":"BXL2Lam+DpktJYQt3Z4Cdhm9AS/CKv0Y/bBNpiPP+AsH","previousCounter":0,"rootKey":"hFPDG5bxlm09g4hos6wMYXPOOhCzAy9VpxuGWXD2aAM="},"indexInfo":{"baseKey":"BXLjD0z0Pl+K/L+yms00TvCjvj6JHgQd9ptx7mhdsThm","baseKeyType":1,"closed":-1,"used":1740353867041,"created":1740353867041,"remoteIdentityKey":"Bd5gXyoSQWCJI2Gh9wA1ii5QD1xCtQwrP9KlkXxeyBZl"},"_chains":{"BRMhCyGZTBjXN5S+SmRBoTGXc34vw8P5ZMyWxGsVV0RK":{"chainKey":{"counter":0,"key":"ww7o3xxTQt9OqIs69Up8hwAiemkL5JYgCqG7BC2E1Sc="},"chainType":1,"messageKeys":{}}},"pendingPreKey":{"signedKeyId":3,"baseKey":"BXLjD0z0Pl+K/L+yms00TvCjvj6JHgQd9ptx7mhdsThm","preKeyId":88225}}},"version":"v1"}