{"_sessions":{"BWw8hhU/xx7bUo18wKtDaZEaQj/+N+aSmFHPNFJfQ1Af":{"registrationId":1321002476,"currentRatchet":{"ephemeralKeyPair":{"pubKey":"BWgxeF0Z3e2a7mCCrkiNO4mA3OaUI6Tf1Vq8MOc1OFc9","privKey":"mI0+YSwFrIFWC05B0b8Z24b4oqLZh5kk5FKQGgqbAX4="},"lastRemoteEphemeralKey":"BUVCbcgkVenuh2UP2tcD/tRIApBLbVQJVxWXzDez+sEt","previousCounter":0,"rootKey":"wGLnG7h1TNkSZdMHd+TmMJ91het/LYjV1RKcxZQEn7k="},"indexInfo":{"baseKey":"BWw8hhU/xx7bUo18wKtDaZEaQj/+N+aSmFHPNFJfQ1Af","baseKeyType":1,"closed":-1,"used":1740353866035,"created":1740353866035,"remoteIdentityKey":"BRwQeRWP6VKMNKXh9ObpVs83gk4AsZJ+Gw9Y+Ub1SKso"},"_chains":{"BWgxeF0Z3e2a7mCCrkiNO4mA3OaUI6Tf1Vq8MOc1OFc9":{"chainKey":{"counter":0,"key":"sm2bdEjxFIoQbB/QzO40U0xU+HDu9tIhMudBzVVVXQw="},"chainType":1,"messageKeys":{}}},"pendingPreKey":{"signedKeyId":35,"baseKey":"BWw8hhU/xx7bUo18wKtDaZEaQj/+N+aSmFHPNFJfQ1Af","preKeyId":7261647}}},"version":"v1"}