{"_sessions":{"BeH1/m1fRVnYH6399yxhyhGOMiq906h/Xb1N8tI4f8I2":{"registrationId":2116537404,"currentRatchet":{"ephemeralKeyPair":{"pubKey":"BT+z8v3bn9EoVHHHmxEkNpAO4TC0GbHSLHtN1FTC8a8a","privKey":"WOUM8ByU7rOP3KC3m6LPyJHF2etM1RJDk88NvEE8fEE="},"lastRemoteEphemeralKey":"BaPZD0yd136gBmHE3OllCLqBhGEY+oavBVxgbxXvFkUi","previousCounter":0,"rootKey":"yJ0xu5BFzelFKrDX1sr4OPFQeQV0Ivrxv7PTD1fN01c="},"indexInfo":{"baseKey":"BeH1/m1fRVnYH6399yxhyhGOMiq906h/Xb1N8tI4f8I2","baseKeyType":1,"closed":-1,"used":1740353866092,"created":1740353866092,"remoteIdentityKey":"BVFowrqW2iMKcZjgt9S+t/MnCZsf8dxgYoFqqkn1+fpi"},"_chains":{"BT+z8v3bn9EoVHHHmxEkNpAO4TC0GbHSLHtN1FTC8a8a":{"chainKey":{"counter":0,"key":"U3E2by6z2zJwm3BEq7ZN1jXGF4CAQYShvHDlCJjYpy0="},"chainType":1,"messageKeys":{}}},"pendingPreKey":{"signedKeyId":2,"baseKey":"BeH1/m1fRVnYH6399yxhyhGOMiq906h/Xb1N8tI4f8I2","preKeyId":11109170}}},"version":"v1"}