{"_sessions":{"BWlqeZvnnxX47m5DGb8FEHyoCUYk8gHlGhNrRcdz+YdS":{"registrationId":7956,"currentRatchet":{"ephemeralKeyPair":{"pubKey":"BR9HxrK0SCIBWFJYNlwafthdrW4Cde/X7OWDglxTnpNn","privKey":"8Cp+k2zrWkdy9iWcgl+mf/XtaoiJ1qo8CR7k7vI1iHE="},"lastRemoteEphemeralKey":"BWJHUtFi10ECMLIeIS0MnMFWu+04yp22c6TYZSp6TCMv","previousCounter":0,"rootKey":"FFoudwq5Pz29857qTYg8iLjy3ym2YyGIrZtv2ENNy7o="},"indexInfo":{"baseKey":"BWlqeZvnnxX47m5DGb8FEHyoCUYk8gHlGhNrRcdz+YdS","baseKeyType":1,"closed":-1,"used":1740353863871,"created":1740353863871,"remoteIdentityKey":"BZbP1H4bftp0LrXDvQyb0mQ5xxBKqocTnDFvhVpVnw9z"},"_chains":{"BR9HxrK0SCIBWFJYNlwafthdrW4Cde/X7OWDglxTnpNn":{"chainKey":{"counter":0,"key":"xkwMAuuk3zcPedbhjFPvjWm92OG1j2crtCTtkKVMZyc="},"chainType":1,"messageKeys":{}}},"pendingPreKey":{"signedKeyId":1,"baseKey":"BWlqeZvnnxX47m5DGb8FEHyoCUYk8gHlGhNrRcdz+YdS","preKeyId":3836}}},"version":"v1"}