{"_sessions":{"BVtVXJS/XRov9KpLV2Muz7qaaBNlbq7TroEmM2QCKhkX":{"registrationId":387973420,"currentRatchet":{"ephemeralKeyPair":{"pubKey":"BYAt0VARM6f1wXuX/ky4bdFI+KVm4+MiDO84oRrwccdr","privKey":"ULLcBAf7Sb1lGgSODNIfrFApRWbDUs2bnHAzyO7nqlo="},"lastRemoteEphemeralKey":"BcITpSiPwoD36xrq8uEo/JsMvGrOdq8qXwTc0oDctt0t","previousCounter":0,"rootKey":"3vhy6dAi3yjnhlPuenfkwxBf/35c9oW0StC3atIolFM="},"indexInfo":{"baseKey":"BVtVXJS/XRov9KpLV2Muz7qaaBNlbq7TroEmM2QCKhkX","baseKeyType":1,"closed":-1,"used":1740353863879,"created":1740353863879,"remoteIdentityKey":"BTbNpmgztFNEXwBltoQgEUE9fTNWw9QE9OrE5jK6cm18"},"_chains":{"BYAt0VARM6f1wXuX/ky4bdFI+KVm4+MiDO84oRrwccdr":{"chainKey":{"counter":0,"key":"0xDi6F9mr127gr8Q22Fh/ovtDi5oLwte3yDXuSU4GbU="},"chainType":1,"messageKeys":{}}},"pendingPreKey":{"signedKeyId":1,"baseKey":"BVtVXJS/XRov9KpLV2Muz7qaaBNlbq7TroEmM2QCKhkX","preKeyId":1494428}}},"version":"v1"}