{"_sessions":{"Bdohz1Hg4/bW+DVYKlMQ8Ar6Zc4GjRAKnTAvzgR6xbci":{"registrationId":221559519,"currentRatchet":{"ephemeralKeyPair":{"pubKey":"BUph+JtMw2zRO9fStWn7UzwtV97X9J12aDskIS7NzvEJ","privKey":"aM5shmYdxJ1eFBnIjQS7iRuJsKo6yfuecIfJG6K26UI="},"lastRemoteEphemeralKey":"BTj4XDHsmWQVsTTUeXfMZ/93Jmm1FmFFx0OWPzGrygZP","previousCounter":0,"rootKey":"Bm3aY5WzwBATJDrsrVtAKfZqXq6M2zch9yH+IlsghPo="},"indexInfo":{"baseKey":"Bdohz1Hg4/bW+DVYKlMQ8Ar6Zc4GjRAKnTAvzgR6xbci","baseKeyType":1,"closed":-1,"used":1740353864097,"created":1740353864097,"remoteIdentityKey":"BVPmoGRrY3J2Jaw7PHqvjNSr9B1p5fCjlRMni8i2qGAm"},"_chains":{"BUph+JtMw2zRO9fStWn7UzwtV97X9J12aDskIS7NzvEJ":{"chainKey":{"counter":0,"key":"jxj9EUZuPzo6HLpmnI/1TNYMaSOfSfx8FVBG5gdTEAA="},"chainType":1,"messageKeys":{}}},"pendingPreKey":{"signedKeyId":3,"baseKey":"Bdohz1Hg4/bW+DVYKlMQ8Ar6Zc4GjRAKnTAvzgR6xbci","preKeyId":5320556}}},"version":"v1"}