{"_sessions":{"BWxMQLsiLdNuIqOKpVDZRfFmpE2xCxdY7+zWzJ6/KS8i":{"registrationId":746283683,"currentRatchet":{"ephemeralKeyPair":{"pubKey":"BYuSh2aWyzwUaRCdCVv/1lJrUlWjSucA9AMafWZX8bIn","privKey":"IKxgOqdxvEFIkVv5ex5pstPc0wJF9MAAvqhTKd0qxnc="},"lastRemoteEphemeralKey":"BdBcX6t/+PweD7gNHJbfZrqaqnN3t9/U5juTHDEevNU/","previousCounter":0,"rootKey":"bb6Rt9y6HN2XhpjBiJ3VlSrz0OUtNcu5SY8KVmWXDLE="},"indexInfo":{"baseKey":"BWxMQLsiLdNuIqOKpVDZRfFmpE2xCxdY7+zWzJ6/KS8i","baseKeyType":1,"closed":-1,"used":1740353867025,"created":1740353867025,"remoteIdentityKey":"BW4qXm01V+RE3AN39FtmQ7nDDEQoEoQ6vxVRSkEqqiwn"},"_chains":{"BYuSh2aWyzwUaRCdCVv/1lJrUlWjSucA9AMafWZX8bIn":{"chainKey":{"counter":0,"key":"hMVLNdDaB+BeLYL9lBihPjfwKFEJhlv12KybskxWiOw="},"chainType":1,"messageKeys":{}}},"pendingPreKey":{"signedKeyId":11,"baseKey":"BWxMQLsiLdNuIqOKpVDZRfFmpE2xCxdY7+zWzJ6/KS8i","preKeyId":7204396}}},"version":"v1"}