{"_sessions":{"BXySEdbhfYzbvOXYPX8bWHEjE0DmhMCeKtwqIkRZjpIQ":{"registrationId":74597958,"currentRatchet":{"ephemeralKeyPair":{"pubKey":"BXTR3BTp1p0iUFYsrkN+hcI/lWgr37bU0RqV9WNSPrAM","privKey":"kAYHuyIZ21EyFhDtJ8UrWvV270I75GVOl61rtQkW2V0="},"lastRemoteEphemeralKey":"BYE6kZ1wdPywn29tDpzTaymHeQJkoIrzdS8rP6JDjel8","previousCounter":0,"rootKey":"YOx6CZgmRJ6OHsJjr++k+6LttOcLZ2nrFuYdd9Dz/3k="},"indexInfo":{"baseKey":"BXySEdbhfYzbvOXYPX8bWHEjE0DmhMCeKtwqIkRZjpIQ","baseKeyType":1,"closed":-1,"used":1740353866927,"created":1740353866927,"remoteIdentityKey":"BXp054onhNiW7rQ8y6PIaiDqhrGAqZvMoGOmBWZk7Gh2"},"_chains":{"BXTR3BTp1p0iUFYsrkN+hcI/lWgr37bU0RqV9WNSPrAM":{"chainKey":{"counter":0,"key":"df3dW4HaWuC2tDI3DP+7bbaowa75HaZYjwVJJzvyUtA="},"chainType":1,"messageKeys":{}}},"pendingPreKey":{"signedKeyId":31,"baseKey":"BXySEdbhfYzbvOXYPX8bWHEjE0DmhMCeKtwqIkRZjpIQ","preKeyId":4329845}}},"version":"v1"}