{"_sessions":{"BR8t/O4sMWg5yWTOCmZrohOAv49i3nhy68osPiuVeJ4N":{"registrationId":201007041,"currentRatchet":{"ephemeralKeyPair":{"pubKey":"BafFJlF+Oq0HhKlrew12a0ZX0+eT4hprlwWgPB4qP4Ru","privKey":"wMGgbx7J+mmWDtcctZQTvRwU6rRfMH8op6WmlGrfsEM="},"lastRemoteEphemeralKey":"BWqoBcJ3mmpKCt2IpBHo88uXd8YDb2DmlV9GyD1HOW0o","previousCounter":0,"rootKey":"sPiNj3LYz2SUNsusugeA28fN7cQYjl7niilb+yVSYC0="},"indexInfo":{"baseKey":"BR8t/O4sMWg5yWTOCmZrohOAv49i3nhy68osPiuVeJ4N","baseKeyType":1,"closed":-1,"used":1740353864112,"created":1740353864112,"remoteIdentityKey":"BXLiNNrgPApSNauu+fkSAH5KkXczUi5jE7ltLUWonvFW"},"_chains":{"BafFJlF+Oq0HhKlrew12a0ZX0+eT4hprlwWgPB4qP4Ru":{"chainKey":{"counter":0,"key":"Lg9nxuDwogKqVgosxCrxff7N+dVfCO/sC/VSZ90qhQY="},"chainType":1,"messageKeys":{}}},"pendingPreKey":{"signedKeyId":0,"baseKey":"BR8t/O4sMWg5yWTOCmZrohOAv49i3nhy68osPiuVeJ4N","preKeyId":6245137}}},"version":"v1"}