{"_sessions":{"BYmB7ggHkyuSWHtoUGH1CBWeryOR87TTewdaCIRmG8kc":{"registrationId":1541699276,"currentRatchet":{"ephemeralKeyPair":{"pubKey":"BdL7i3tzfGOcmEnKMMXzWACeQne1NFHfRAEA5wXB2+cY","privKey":"wJw+5wi7JfXeWacfr2HSYdVi5zAJK835t8TwzBGJTXM="},"lastRemoteEphemeralKey":"BfKyFNExM6G3IwioUQfHrdplCBYpQK/j5xW3SMuHIoo8","previousCounter":0,"rootKey":"m9NsNPp0b3aJYSAd6+tkaaM+FDnZtEHx6jakchS5X2E="},"indexInfo":{"baseKey":"BYmB7ggHkyuSWHtoUGH1CBWeryOR87TTewdaCIRmG8kc","baseKeyType":2,"closed":-1,"used":1740353852480,"created":1740353852480,"remoteIdentityKey":"Ba1S8UQspaDnZF1MHVNm0NDLbIjVKRnFJT93w/rdFrl1"},"_chains":{"BfKyFNExM6G3IwioUQfHrdplCBYpQK/j5xW3SMuHIoo8":{"chainKey":{"counter":0,"key":"cmU+UrmWUd+EU7k2TvC6aBmA2FphXbS50oR+Ap2bpzA="},"chainType":2,"messageKeys":{}},"BdL7i3tzfGOcmEnKMMXzWACeQne1NFHfRAEA5wXB2+cY":{"chainKey":{"counter":-1,"key":"VXaHjTCFUaLhxmLm4zTG7U15iWqDtpG/lGGfp04gkKs="},"chainType":1,"messageKeys":{}}}}},"version":"v1"}