{"_sessions":{"BdxS4xgc+RhxZm5wVuv5T4TZitNAG0QDZJc/v2aTXohq":{"registrationId":797795507,"currentRatchet":{"ephemeralKeyPair":{"pubKey":"BTQGdlbIlYPE19+WiQef3U4q+Sf/o1rrAl6KcMT4+WdA","privKey":"8B4G5YMTSzyh3jFNb+yoAkI6zjnHxhIqzHiklFwxBlA="},"lastRemoteEphemeralKey":"BZgo/qR0+DZcLKyqaDuEG/NKz3wIb3MbEFVMTveMKAEV","previousCounter":0,"rootKey":"9Ky7zWGZh09Wew6VtOuQ3h75KBS7oFJNQKIokivW0go="},"indexInfo":{"baseKey":"BdxS4xgc+RhxZm5wVuv5T4TZitNAG0QDZJc/v2aTXohq","baseKeyType":2,"closed":-1,"used":1740354522023,"created":1740354522023,"remoteIdentityKey":"BenAvdWNFTfeHppTr3kyZWlSy0NWqeM8tPobLs7rpDxy"},"_chains":{"BZgo/qR0+DZcLKyqaDuEG/NKz3wIb3MbEFVMTveMKAEV":{"chainKey":{"counter":0,"key":"be0fzCMrjkW8rNhJywginPNCcYtdSYEbyFBUDNVqN5s="},"chainType":2,"messageKeys":{}},"BTQGdlbIlYPE19+WiQef3U4q+Sf/o1rrAl6KcMT4+WdA":{"chainKey":{"counter":-1,"key":"cjGqZ1s90MEcv0EBHU0P/604L3MZ2WkBSbL3aNgDQ0o="},"chainType":1,"messageKeys":{}}}}},"version":"v1"}