{"_sessions":{"BcmB+Zz7Hy0Uckk9KEyGcl5/ixq+cd00CdYbJhv/93Z7":{"registrationId":1930021178,"currentRatchet":{"ephemeralKeyPair":{"pubKey":"BTegFGC04cSqwcpJ3XYWsorQuzvhhFyjiKPm1en/x0cK","privKey":"MDEochn+dEutFT0JUL9MtQBk6doHBhSUxHrzhfon4nE="},"lastRemoteEphemeralKey":"Bes0tsN+pg4moM38GmcTnP4115FBJRQyWGfKhGJic/R4","previousCounter":0,"rootKey":"dBQpPrR1VdbzQN3f9+WPMU78AhbgS8jB+LbQARdJU5k="},"indexInfo":{"baseKey":"BcmB+Zz7Hy0Uckk9KEyGcl5/ixq+cd00CdYbJhv/93Z7","baseKeyType":1,"closed":-1,"used":1740353866115,"created":1740353866115,"remoteIdentityKey":"BZF0DUPwnwmHPNwcbc7+fE4sCDXI2tAPrUK9yiDA3EwC"},"_chains":{"BTegFGC04cSqwcpJ3XYWsorQuzvhhFyjiKPm1en/x0cK":{"chainKey":{"counter":0,"key":"IhMc2t/RiSWv5s/ms0F5JCJFdoVj/tu1Bbd6d7lhjtc="},"chainType":1,"messageKeys":{}}},"pendingPreKey":{"signedKeyId":2,"baseKey":"BcmB+Zz7Hy0Uckk9KEyGcl5/ixq+cd00CdYbJhv/93Z7","preKeyId":6761652}}},"version":"v1"}