{"_sessions":{"BXTmGPgfjmS+Vay13DcUScvZ+ToA9b7qM2dEteqQBJYT":{"registrationId":1066649595,"currentRatchet":{"ephemeralKeyPair":{"pubKey":"BTDjm+8lUfXTUAcfCrsMrkhMcV3Is84rorMPa9opybs/","privKey":"GCBh3oujrNzlLjOKObW5H6SCI88RMEMdzXB33IvFnGU="},"lastRemoteEphemeralKey":"BZbB5g+/FyfSmtfEZmTz9kwOwjKzv6PZ29dc0D1lHEdu","previousCounter":0,"rootKey":"MQrD1E5gjKl6s438GEPbMjQ+zOCFnRenkDslEPtPx/Q="},"indexInfo":{"baseKey":"BXTmGPgfjmS+Vay13DcUScvZ+ToA9b7qM2dEteqQBJYT","baseKeyType":1,"closed":-1,"used":1740353863786,"created":1740353863786,"remoteIdentityKey":"BV8RrbL18FfTID48bYw+Tia+NK0ihE4ekf0JWNN0yrIk"},"_chains":{"BTDjm+8lUfXTUAcfCrsMrkhMcV3Is84rorMPa9opybs/":{"chainKey":{"counter":0,"key":"JHL0sQbw1PHiP/kgTdyXTz4jqyzmP7QKqYMx3BaL4x4="},"chainType":1,"messageKeys":{}}},"pendingPreKey":{"signedKeyId":23,"baseKey":"BXTmGPgfjmS+Vay13DcUScvZ+ToA9b7qM2dEteqQBJYT","preKeyId":1754}}},"version":"v1"}