{"_sessions":{"BerD8zfbmERIUiWGKcZlHRawg0ONAgy5bCHFUHtZA314":{"registrationId":79522112,"currentRatchet":{"ephemeralKeyPair":{"pubKey":"BZptAxjgWpQzHWu78nrCDfwsqzP2tqy8y8PG9Z3P4Xpw","privKey":"iOtcoHui2wuLSdkoWbcECxK3mBuBqZLRV6O/pbHiYmo="},"lastRemoteEphemeralKey":"BdgWeOou41qjNMpiE6TTmzoBhFFfp0dFgDv5Yz7H+J8c","previousCounter":0,"rootKey":"lP0X0djLAbp/qnLCqbXm/MAnEEW+l+uyPtIrMNgAjpc="},"indexInfo":{"baseKey":"BerD8zfbmERIUiWGKcZlHRawg0ONAgy5bCHFUHtZA314","baseKeyType":2,"closed":-1,"used":1740354558619,"created":1740354558619,"remoteIdentityKey":"BQrpOdQVkRiQAZdBMszfDvRFONW1r8I650Pf9jGQdN5e"},"_chains":{"BdgWeOou41qjNMpiE6TTmzoBhFFfp0dFgDv5Yz7H+J8c":{"chainKey":{"counter":0,"key":"jvfDyH/lirIzHs8uiH0VjgFC7ozxUoSv1MVwl99lPk8="},"chainType":2,"messageKeys":{}},"BZptAxjgWpQzHWu78nrCDfwsqzP2tqy8y8PG9Z3P4Xpw":{"chainKey":{"counter":-1,"key":"8e4qRn1FNJ90IDHfM24i/tZprqDbNcqhChN967XxSjM="},"chainType":1,"messageKeys":{}}}}},"version":"v1"}