{"_sessions":{"BU/cCP3CGzkm65v/jqxoiHqKQCpCDVkEgOLaN0r51nQl":{"registrationId":867439384,"currentRatchet":{"ephemeralKeyPair":{"pubKey":"BbJY0vPtzJNXuqgk8l/gdF9io3Fds4nuUEvU0WUWaHpS","privKey":"QBOUtsc03trLat2nK2lg/jOt9xvs2qUisD7wEn4sPUs="},"lastRemoteEphemeralKey":"BZROEOueIl11cWtZgfJNGevkMC58WtvMizKrSM5n6DRi","previousCounter":0,"rootKey":"R76E7cJ+3amXvkjlhHD3EWtCrKKP8kyJC/i6E5dxE34="},"indexInfo":{"baseKey":"BU/cCP3CGzkm65v/jqxoiHqKQCpCDVkEgOLaN0r51nQl","baseKeyType":1,"closed":-1,"used":1740353865851,"created":1740353865851,"remoteIdentityKey":"BcPEYU92RWEWkhTE3weX0UP0ZIHsYl1wXdBHL/jLa0E2"},"_chains":{"BbJY0vPtzJNXuqgk8l/gdF9io3Fds4nuUEvU0WUWaHpS":{"chainKey":{"counter":0,"key":"Qf11LBbA+YTZZMHnODIPcAE6G8VUGoSCtp9iFp3qqrc="},"chainType":1,"messageKeys":{}}},"pendingPreKey":{"signedKeyId":8,"baseKey":"BU/cCP3CGzkm65v/jqxoiHqKQCpCDVkEgOLaN0r51nQl","preKeyId":331418}}},"version":"v1"}