{"_sessions":{"BQKWTuzUxD7PRnyDjcQhQhEvlLwMmgjlUY7hgpAkiQUp":{"registrationId":189684173,"currentRatchet":{"ephemeralKeyPair":{"pubKey":"BUIIsjlEC5SMbDqpi2VtltHKjKtHgMnvbIN4a+sK6dtz","privKey":"QO9ZoKSwiKaMjW8qhidLy5IehU3Dkj+tdWh+wuPhCG8="},"lastRemoteEphemeralKey":"BWlE+wkKRcrDOLjqA4rMxiOVEJMMULSfQesNpHtLXQ48","previousCounter":0,"rootKey":"ANIujV7B8v6PQqNFy18WKStviUbLQzRryv5kuB94f4Q="},"indexInfo":{"baseKey":"BQKWTuzUxD7PRnyDjcQhQhEvlLwMmgjlUY7hgpAkiQUp","baseKeyType":1,"closed":-1,"used":1740353863903,"created":1740353863903,"remoteIdentityKey":"BTIJ83t749dLkgI3iBzjV7qSD/kuXKGFgXEiZt+BfgRY"},"_chains":{"BUIIsjlEC5SMbDqpi2VtltHKjKtHgMnvbIN4a+sK6dtz":{"chainKey":{"counter":0,"key":"NCVOyEpqouaDGzBxd4L3+L3RlbRNRWHkF9maEhwtVOY="},"chainType":1,"messageKeys":{}}},"pendingPreKey":{"signedKeyId":8,"baseKey":"BQKWTuzUxD7PRnyDjcQhQhEvlLwMmgjlUY7hgpAkiQUp","preKeyId":370676}}},"version":"v1"}