{"_sessions":{"BQcOKwV88R2vaNbFRnKB6rcKx/MzzhDc7uTVNiguCSRC":{"registrationId":1354572576,"currentRatchet":{"ephemeralKeyPair":{"pubKey":"BV9sCX1a8b0TnPzbyGgu8q1XLAmbkxRmXVhWnv+WZ3cL","privKey":"aH28+BYBWDKboqhSw84KHJTWaMstitYv7FA71pY4DHg="},"lastRemoteEphemeralKey":"Bcax1smHoF0K01rFXJzEafjkG2uD7ZGZdYw6hk+KERch","previousCounter":0,"rootKey":"CnirY9WjiI1G4uKqQCx+mivXBBatfwYrtFEFScQY0zc="},"indexInfo":{"baseKey":"BQcOKwV88R2vaNbFRnKB6rcKx/MzzhDc7uTVNiguCSRC","baseKeyType":2,"closed":-1,"used":1740353849605,"created":1740353849605,"remoteIdentityKey":"BQBX4tDBv5Ar9jIx7QQJI/JwQ8ZbcK9C8tpsCQtKmZJv"},"_chains":{"Bcax1smHoF0K01rFXJzEafjkG2uD7ZGZdYw6hk+KERch":{"chainKey":{"counter":0,"key":"6Ig4w4vB1ECHYsGXj8oN8uEbNkouGlnxO9NDiQrqg/E="},"chainType":2,"messageKeys":{}},"BV9sCX1a8b0TnPzbyGgu8q1XLAmbkxRmXVhWnv+WZ3cL":{"chainKey":{"counter":-1,"key":"NN8ZzveKW+STcb/NFYbZxM3Am/eY0q0eSrg3yiuuS1U="},"chainType":1,"messageKeys":{}}}}},"version":"v1"}