{"_sessions":{"BX0ZfIVkfiPrkT7APXEU7juhb6xwShPDhFthQrG9BQEU":{"registrationId":93569039,"currentRatchet":{"ephemeralKeyPair":{"pubKey":"BWUrxaTP9AtYUqDt1kZ/P7StnbmQjV3BWsvZnZXiFU9/","privKey":"WGBqlFfUrvQfDPokPd4pUVS11Ke4qg2/Lw7BABfzWl4="},"lastRemoteEphemeralKey":"Bacba9HGZplJjVl16FpzDwSv5kyApYOoFaE+stDLShZV","previousCounter":0,"rootKey":"4woBUTN1StNjT0IjkwaWyvPz6Z3oz5ldjDLwaG4NkWQ="},"indexInfo":{"baseKey":"BX0ZfIVkfiPrkT7APXEU7juhb6xwShPDhFthQrG9BQEU","baseKeyType":1,"closed":-1,"used":1740353866880,"created":1740353866880,"remoteIdentityKey":"BYHLLVnb7C3vWrVR1WRfhEFKxnAki5QOKug5uhxcuoxk"},"_chains":{"BWUrxaTP9AtYUqDt1kZ/P7StnbmQjV3BWsvZnZXiFU9/":{"chainKey":{"counter":0,"key":"oNyzDzyUBWH1zdjS2+gtU4PI4GOBn1qSfkF8nFf8c1I="},"chainType":1,"messageKeys":{}}},"pendingPreKey":{"signedKeyId":1,"baseKey":"BX0ZfIVkfiPrkT7APXEU7juhb6xwShPDhFthQrG9BQEU","preKeyId":11706505}}},"version":"v1"}