{"_sessions":{"Bbd7uDHNzgt1Jx7pUiJLjgdK/K/7htaKtCJ3dpinC1Fz":{"registrationId":1438118223,"currentRatchet":{"ephemeralKeyPair":{"pubKey":"BZmHKT4r9eklGCrLVdVRwDDtTS4hm9Smhqrrvgn+jJh5","privKey":"6LNE9I+3cukATtwZIPEY+IHI/RHjLHusvjwEJQ0mK0A="},"lastRemoteEphemeralKey":"BVlHjnSR9teTfvxQ5+BLDzxOdFNkogfU06tKYGzB92BX","previousCounter":0,"rootKey":"9JbZHzkzwtz1lU1u02pa34sSEQBtorJWKDm+p0jeSHA="},"indexInfo":{"baseKey":"Bbd7uDHNzgt1Jx7pUiJLjgdK/K/7htaKtCJ3dpinC1Fz","baseKeyType":1,"closed":-1,"used":1740353866894,"created":1740353866894,"remoteIdentityKey":"BUsrFjg2sc2Xdl93m+N0qvS7Sqf4y20VGQ9xuWIKVeJ/"},"_chains":{"BZmHKT4r9eklGCrLVdVRwDDtTS4hm9Smhqrrvgn+jJh5":{"chainKey":{"counter":0,"key":"cyiH2gG1mXy7rRFoZHKn8hjrLI4O9SoEthtMrEbS2bs="},"chainType":1,"messageKeys":{}}},"pendingPreKey":{"signedKeyId":2,"baseKey":"Bbd7uDHNzgt1Jx7pUiJLjgdK/K/7htaKtCJ3dpinC1Fz","preKeyId":9257863}}},"version":"v1"}