{"_sessions":{"BXpNs0rOWW6zdE5SswjNUA01ffQYsYO598oSdzslGxEs":{"registrationId":109846669,"currentRatchet":{"ephemeralKeyPair":{"pubKey":"BU++6wjudZIr/xfWxLmqNjnhmiYoTICisojbGgL3RDwa","privKey":"KAjOoFo63hi6Qh/54woDOqHyXrNzcdlGlE5MIOiC8Xg="},"lastRemoteEphemeralKey":"BbJTxRMXS6ETUC1G39kn6Y6ZzE+ZgWkri/jrmjPhgRU7","previousCounter":0,"rootKey":"5Rmnrh9p5bqWoAoGfGsV1OiWP8YO7/cRXd1Zg/hak94="},"indexInfo":{"baseKey":"BXpNs0rOWW6zdE5SswjNUA01ffQYsYO598oSdzslGxEs","baseKeyType":1,"closed":-1,"used":1740353866930,"created":1740353866930,"remoteIdentityKey":"BbRGKugzroN5JhvVOor752tQoEQxFo2oXz9v2EIaq6BI"},"_chains":{"BU++6wjudZIr/xfWxLmqNjnhmiYoTICisojbGgL3RDwa":{"chainKey":{"counter":0,"key":"hGCRLEyLl/B6zAAM4UX6UmffNz9BC/5o4Z+GglyV4wk="},"chainType":1,"messageKeys":{}}},"pendingPreKey":{"signedKeyId":0,"baseKey":"BXpNs0rOWW6zdE5SswjNUA01ffQYsYO598oSdzslGxEs","preKeyId":14883234}}},"version":"v1"}