{"_sessions":{"BQtgPnvykeRfFC/DPEXA/9BTCIaJkKwmoImySsmVX6FQ":{"registrationId":1592675302,"currentRatchet":{"ephemeralKeyPair":{"pubKey":"BU/blr9Ln7DHdKhcNu4PIcT3HcYGuirbSKkbATFb8IM4","privKey":"EAgbp5VucrNwHKhP116O7RMX4iLWPn1aZ4JIaHp1UnU="},"lastRemoteEphemeralKey":"BeIlr922od8hE9+T/eK8J50u7k/qR/jzBtFGOm9pXbEj","previousCounter":0,"rootKey":"pJ4cVR5RNnP9BsLTxLMI4uE966yZQbXcapFkWEaJ1+g="},"indexInfo":{"baseKey":"BQtgPnvykeRfFC/DPEXA/9BTCIaJkKwmoImySsmVX6FQ","baseKeyType":1,"closed":-1,"used":1740353866096,"created":1740353866096,"remoteIdentityKey":"BbcEGoISB7VngPONp2Me+XRLCcU0PGf1a1E/UoUSVT4m"},"_chains":{"BU/blr9Ln7DHdKhcNu4PIcT3HcYGuirbSKkbATFb8IM4":{"chainKey":{"counter":0,"key":"ovcQivXuTAugRjm5TaN9E1/WHaxfaWsndrEFV//07fw="},"chainType":1,"messageKeys":{}}},"pendingPreKey":{"signedKeyId":2,"baseKey":"BQtgPnvykeRfFC/DPEXA/9BTCIaJkKwmoImySsmVX6FQ","preKeyId":16214691}}},"version":"v1"}