{"_sessions":{"Beioj3zDdJMqNSZOTG44aYL8IlQqHeQCy4nWuH1Q81py":{"registrationId":194525199,"currentRatchet":{"ephemeralKeyPair":{"pubKey":"BbywufupRn6/HhFL8z0N0XHAbhWtWviozEFn0ERo7BEg","privKey":"QJNXa8vLeDq+MMEkYP64eCAUUaU43E4GYkDa3uLGQWg="},"lastRemoteEphemeralKey":"BRyKgZ2LLfeswDCUdtYYZtCuY6TrRb51IIMA0oxIj3YP","previousCounter":0,"rootKey":"eFCCmpcqfz3D//6lB+pXyFU+DoALpivQZrIvKK6jVmg="},"indexInfo":{"baseKey":"Beioj3zDdJMqNSZOTG44aYL8IlQqHeQCy4nWuH1Q81py","baseKeyType":1,"closed":-1,"used":1740353865953,"created":1740353865953,"remoteIdentityKey":"Bfs2ppAo/yudveN5VWI69tLvL8Y0ZDTfxNl5Lt8M3n5V"},"_chains":{"BbywufupRn6/HhFL8z0N0XHAbhWtWviozEFn0ERo7BEg":{"chainKey":{"counter":0,"key":"H24Z3JVI+V/4afLF01dUqK45mb9C0lyN1wAM9QPTruA="},"chainType":1,"messageKeys":{}}},"pendingPreKey":{"signedKeyId":2,"baseKey":"Beioj3zDdJMqNSZOTG44aYL8IlQqHeQCy4nWuH1Q81py","preKeyId":14524396}}},"version":"v1"}