{"_sessions":{"BRBXghpWjtBZrCFrGf0MWhKah+u7EAiEc0nc9nILVbs1":{"registrationId":662887832,"currentRatchet":{"ephemeralKeyPair":{"pubKey":"Be4Zr0cI9AsKNP2rAP5Rpgod4AkbnA/X6t+AZzGvp9Vt","privKey":"+IJdcwjJ3FjORW+AG2MRbo2TsqIiAHmPFBdgb6mPZGM="},"lastRemoteEphemeralKey":"BYmFgin0QO/3IJacHJK4gGGW3VprOhVJpROjT5beQeUb","previousCounter":0,"rootKey":"flpda7XbmRMwOmlCVfo5B00FF9AdFq7Jws/vRK7Y9nk="},"indexInfo":{"baseKey":"BRBXghpWjtBZrCFrGf0MWhKah+u7EAiEc0nc9nILVbs1","baseKeyType":1,"closed":-1,"used":1740353864116,"created":1740353864116,"remoteIdentityKey":"BUabyHAtydAQZLxtOeOzpchuPBcVYqeCtksiG5hLo6Fl"},"_chains":{"Be4Zr0cI9AsKNP2rAP5Rpgod4AkbnA/X6t+AZzGvp9Vt":{"chainKey":{"counter":0,"key":"NWKMp4+9gniDP8fDdmFZH2OKFOMKLhOQS3U9mn5HghA="},"chainType":1,"messageKeys":{}}},"pendingPreKey":{"signedKeyId":1,"baseKey":"BRBXghpWjtBZrCFrGf0MWhKah+u7EAiEc0nc9nILVbs1","preKeyId":5393893}}},"version":"v1"}