{"_sessions":{"BbVyX5rtej3S1ACsI9ga5K1eloLW9Bd2q+2NjXf34dwL":{"registrationId":276090172,"currentRatchet":{"ephemeralKeyPair":{"pubKey":"Bb/ai5tFArQ9WQYAfSqYjneonVEx+FEJ7XJmnyBtWrhM","privKey":"QFIGmjGY9qH6VUyQm8RpBYb/9jAQuobD8Q5ZxCM2BnE="},"lastRemoteEphemeralKey":"BZcoN+UBkgFv1bZ9swjk7p1rlHD+MWcncTfhkB+n721f","previousCounter":0,"rootKey":"zQ/sRkOF/dN4mIybPxakOTGF9QMzwIdznZtfjVEdtx8="},"indexInfo":{"baseKey":"BbVyX5rtej3S1ACsI9ga5K1eloLW9Bd2q+2NjXf34dwL","baseKeyType":1,"closed":-1,"used":1740353864086,"created":1740353864086,"remoteIdentityKey":"BREEmRDIKnsCNj5O2u9peFKIuKYtY26OXbjmWrozGk8f"},"_chains":{"Bb/ai5tFArQ9WQYAfSqYjneonVEx+FEJ7XJmnyBtWrhM":{"chainKey":{"counter":0,"key":"bTWsMdY3CYpSPdzaEupNrjILQmNd2S3YwgOZP7HLjwI="},"chainType":1,"messageKeys":{}}},"pendingPreKey":{"signedKeyId":12,"baseKey":"BbVyX5rtej3S1ACsI9ga5K1eloLW9Bd2q+2NjXf34dwL","preKeyId":9838618}}},"version":"v1"}