{"_sessions":{"BTK0SjOQ/JoTA7IOSeiJWM91hXWYeezVldgSq5ZhOJ5S":{"registrationId":1586934455,"currentRatchet":{"ephemeralKeyPair":{"pubKey":"BTejqTgjA5OP+oYFa5/tfHvMpABM73iTWcxpDUm0twIt","privKey":"6NCSyVqmJ/FGkBdzYOA1/V2WtvoebA3hiPCFVdW2YUw="},"lastRemoteEphemeralKey":"BSzOtRfmz2y/MhM+1jJKF/PA3U2DEWXbO9rpjmzVMBsx","previousCounter":0,"rootKey":"kj/7TV2hDiKlSXZEWionm7U44/NMX9JAjnGQuvoax20="},"indexInfo":{"baseKey":"BTK0SjOQ/JoTA7IOSeiJWM91hXWYeezVldgSq5ZhOJ5S","baseKeyType":1,"closed":-1,"used":1740353863811,"created":1740353863811,"remoteIdentityKey":"BWVtPO0Hkq12sOiICTWxEu9IgWafaglTbiX0+E7KBRhC"},"_chains":{"BTejqTgjA5OP+oYFa5/tfHvMpABM73iTWcxpDUm0twIt":{"chainKey":{"counter":0,"key":"mTWXxawLZxzOedI7hERiTkuUSZRdBIcBZ0VWBnH5LPs="},"chainType":1,"messageKeys":{}}},"pendingPreKey":{"signedKeyId":1,"baseKey":"BTK0SjOQ/JoTA7IOSeiJWM91hXWYeezVldgSq5ZhOJ5S"}}},"version":"v1"}