{"_sessions":{"BRsboWw53c2UcBmtZ8EF6MjY0Mi1iRGNBUzaM2kmNrVW":{"registrationId":846199433,"currentRatchet":{"ephemeralKeyPair":{"pubKey":"BfYqQel4Z+IJHk8Zg/3Ys6t2TfVOLL2FfjeM+qcaHrg+","privKey":"mIDzhOcapGEpoy8w+xlMDwBZvuxquOpxUjYv4O2UKnI="},"lastRemoteEphemeralKey":"BdhNRQ62TCbhS1p67mZtBD5yTSQJRbk3hgbE6FhBShgY","previousCounter":0,"rootKey":"Ss4kWypxTgVYXNhAPS7E7C4tClIc4I4Lnlpfr76r4hk="},"indexInfo":{"baseKey":"BRsboWw53c2UcBmtZ8EF6MjY0Mi1iRGNBUzaM2kmNrVW","baseKeyType":1,"closed":-1,"used":1740353866081,"created":1740353866081,"remoteIdentityKey":"BadCrBhFsKb7UYm4GBC8QY/v6g7iCk1Fcc9eFuqFKKJY"},"_chains":{"BfYqQel4Z+IJHk8Zg/3Ys6t2TfVOLL2FfjeM+qcaHrg+":{"chainKey":{"counter":0,"key":"9s7+4wMsBJQzVM/ihduiN+8VtzPDKvdCHWEepSGhgVc="},"chainType":1,"messageKeys":{}}},"pendingPreKey":{"signedKeyId":4,"baseKey":"BRsboWw53c2UcBmtZ8EF6MjY0Mi1iRGNBUzaM2kmNrVW","preKeyId":1991356}}},"version":"v1"}