{"_sessions":{"BcvvxNPmCZCY+97BaMTYBzGgBE6Ic6IYGjwM9Vq8ht49":{"registrationId":870884512,"currentRatchet":{"ephemeralKeyPair":{"pubKey":"BacSAdhIso4PLpbDe8vsIs+kwJMzC/7IgTAF305iv4te","privKey":"4BfD4BqNE1hXi+YZ/1kRIbSs0kp8msBm3dfj76Mutkw="},"lastRemoteEphemeralKey":"BfIBYLYYtiRKspw+RfA0VSIcZxjQNcFBq6v1NTR3EIcm","previousCounter":0,"rootKey":"9izjxm0+Sz7qyhAEcivmqBB/6xvCJCn7Ps7tQ2nhYI0="},"indexInfo":{"baseKey":"BcvvxNPmCZCY+97BaMTYBzGgBE6Ic6IYGjwM9Vq8ht49","baseKeyType":1,"closed":-1,"used":1740353866069,"created":1740353866069,"remoteIdentityKey":"Bca5ROE9NAw1LfNdEwrgZbkzZVou539Y/+QqlqlKuJ1L"},"_chains":{"BacSAdhIso4PLpbDe8vsIs+kwJMzC/7IgTAF305iv4te":{"chainKey":{"counter":0,"key":"e4JChxxXSEh022O6BOAqbzMHQK2+vq/taD8/2E6pd+0="},"chainType":1,"messageKeys":{}}},"pendingPreKey":{"signedKeyId":0,"baseKey":"BcvvxNPmCZCY+97BaMTYBzGgBE6Ic6IYGjwM9Vq8ht49","preKeyId":101751}}},"version":"v1"}